id,dish_name,other_names,category,food_group,food_subgroup,description,serving_default_desc,serving_basis,kcal_default,kcal_per_100,per100_unit,protein_g,carbs_g,fat_g,portion_note,input_mode,is_favourite,source,last_updated
flavoured-oat-milk,Flavoured oat milk,,Dairy and eggs,Dairy and eggs,Dairy alternatives,"Dairy-free, plant-based milk alternative made from oats and water with added flavours",1 glass (250ml) = 250g,Per Serving (250g),133,53,Per 100g,2.78,19,5.55,,photo,FALSE,NIP,2025
oat-milk,Oat milk,,Dairy and eggs,Dairy and eggs,Dairy alternatives,"Dairy-free, plant-based milk alternative made from oats",1 glass (250ml) = 250g,Per Serving (250g),133,53,Per 100g,5.58,22.5,2.55,,photo,FALSE,NIP,2025
flavoured-milk,Flavoured milk,,Dairy and eggs,Dairy and eggs,Dairy milk,Sweetened dairy drink made with milk and added flavours,1 glass (250ml) = 250ml,Per Serving (250ml),173,69,Per 100ml,6,26.9,4.3,,photo,FALSE,NIP,2025
milk,Milk,,Dairy and eggs,Dairy and eggs,Dairy milk,Fresh dairy milk with standard fat content,1 glass (250ml) = 250ml,Per Serving (250ml),168,67,Per 100ml,8.48,12.88,8.83,,photo,FALSE,NIP,2025
buttermilk,Buttermilk,,Dairy and eggs,Dairy and eggs,Dairy milk,"Fermented dairy drink with a thick, creamy texture and tangy taste",1 cup(s) = 245g,Per Serving (245g),152,62,Per 100g,7.86,11.96,8.11,,photo,FALSE,Borrowed,2025
raita,Raita,,Dairy and eggs,Dairy and eggs,Dairy-based dishes,"Indian yoghurt-based side dish with cucumber, tomatoes, and mild spices",1 bowl(s) = 280g,Per Serving (280g),218,78,Per 100g,9.94,18.06,11.93,,photo,FALSE,Lab Analysis,2024
braised-egg,Braised egg,,Dairy and eggs,Dairy and eggs,Egg-based dishes,Hard boiled egg braised in soya sauce,1 whole = 36g,Per Serving (36g),69,193,Per 100g,5.98,0.58,4.81,,photo,FALSE,Lab Analysis,2025
egg-fuyong,Egg fuyong,,Dairy and eggs,Dairy and eggs,Egg-based dishes,"Egg omelette fried with peas, carrots, and prawns",1 plate(s) = 373g,Per Serving (373g),1015,272,Per 100g,39.02,7.87,91.91,,photo,FALSE,Derived,2026
fried-egg,Fried egg,,Dairy and eggs,Dairy and eggs,Egg-based dishes,Egg fried in cooking oil,1 piece(s) = 39g,Per Serving (39g),92,237,Per 100g,6.14,0.96,7.08,,photo,FALSE,Lab Analysis,2025
luncheon-meat-with-egg,Luncheon meat with egg,,Dairy and eggs,Dairy and eggs,Egg-based dishes,Sliced preserved meat fried with egg,1 scoop(s) (serving spoon) = 100g,Per Serving (100g),297,297,Per 100g,11.63,3.39,26.28,,photo,FALSE,Lab Analysis,2010
onion-omelette,Onion omelette,,Dairy and eggs,Dairy and eggs,Egg-based dishes,Beaten eggs cooked into folded flat shape with onion,1 scoop(s) (serving spoon) = 100g,Per Serving (100g),214,214,Per 100g,10.6,2.7,17.8,,photo,FALSE,Lab Analysis,2025
oyster-omelette,Oyster omelette,,Dairy and eggs,Dairy and eggs,Egg-based dishes,Beaten eggs cooked into folded flat shape with oysters,1 scoop(s) (serving spoon) = 100g,Per Serving (100g),255,255,Per 100g,7.1,12.8,19.5,,photo,FALSE,Lab Analysis,2010
plain-omelette,Plain omelette,,Dairy and eggs,Dairy and eggs,Egg-based dishes,Beaten eggs cooked into folded flat shape without filling,1 whole = 24g,Per Serving (24g),40,165,Per 100g,2.93,0,3.14,,photo,FALSE,Borrowed,2025
prawn-and-green-onion-omelette,Prawn and green onion omelette,,Dairy and eggs,Dairy and eggs,Egg-based dishes,Beaten eggs cooked into folded flat shape with prawn and green onion,1 scoop(s) (serving spoon) = 100g,Per Serving (100g),352,352,Per 100g,13.38,0.15,33.13,,photo,FALSE,Lab Analysis,2010
sambal-egg,Sambal egg,,Dairy and eggs,Dairy and eggs,Egg-based dishes,Hard-boiled egg served with spicy sambal chilli gravy,1 whole = 70g,Per Serving (70g),67,95,Per 100g,4.27,3.22,4.06,,photo,FALSE,Lab Analysis,2010
scrambled-egg,Scrambled egg,,Dairy and eggs,Dairy and eggs,Egg-based dishes,"Eggs scrambled with full cream milk, butter, salt and pepper",1 piece(s) = 45g,Per Serving (45g),67,149,Per 100g,4.5,0.72,4.94,,photo,FALSE,Borrowed,2025
steamed-egg,Steamed egg,,Dairy and eggs,Dairy and eggs,Egg-based dishes,Beaten eggs steamed until silky smooth,1 scoop(s) (serving spoon) = 100g,Per Serving (100g),72,72,Per 100g,5.96,0.87,4.86,,photo,FALSE,Lab Analysis,2023
steamed-egg-with-tofu,Steamed egg with tofu,,Dairy and eggs,Dairy and eggs,Egg-based dishes,Beaten eggs with tofu steamed until silky smooth,1 scoop(s) (serving spoon) = 100g,Per Serving (100g),97,97,Per 100g,6.88,0.49,7.47,,photo,FALSE,Lab Analysis,2010
tea-leaf-egg,Tea leaf egg,,Dairy and eggs,Dairy and eggs,Egg-based dishes,"Hard-boiled egg with cracked shell simmered in a mixture of black tea leaves, soy sauce, star anise, salt, cinnamon stick and five-spiced powder",1 whole = 63g,Per Serving (63g),71,131,Per 100g,7.26,0,4.66,,photo,FALSE,Lab Analysis,2010
century-egg,Century egg,,Dairy and eggs,Dairy and eggs,Eggs,Preserved egg with dark jelly-like texture,1 whole = 644g,Per Serving (644g),542,165,Per 100g,45.65,21.35,30.54,,photo,FALSE,Borrowed,2025
hard-boiled-chicken-egg-whole,"Hard-boiled chicken egg, whole",,Dairy and eggs,Dairy and eggs,Eggs,Whole chicken egg boiled in shell in unsalted water until both the white and yolk portions are completely set and cooked through.,1 whole = 55g,Per Serving (55g),75,155,Per 100g,6.09,0.54,5.14,,photo,FALSE,Borrowed,2025
salted-egg-yolk,Salted egg yolk,,Dairy and eggs,Dairy and eggs,Eggs,Preserved egg yolk in salted brine,1 whole = 17g,Per Serving (17g),97,568,Per 100g,3.88,0,9.01,,photo,FALSE,Borrowed,2025
soft-boiled-chicken-egg-whole,"Soft-boiled chicken egg, whole",,Dairy and eggs,Dairy and eggs,Eggs,Whole hen egg simmered in hot water,1 whole = 55g,Per Serving (55g),69,143,Per 100g,6.05,0.34,4.58,,photo,FALSE,Borrowed,2025
hard-boiled-chicken-egg-white,"Hard-boiled chicken egg, white",,Dairy and eggs,Dairy and eggs,Eggs,"White portion of chicken eggs, separated from the yolk portion after being boiled in the shell in unsalted water, deshelled before serving",1 whole = 37g,Per Serving (37g),18,49,Per 100g,4.29,0.15,0,,photo,FALSE,Borrowed,2025
quail-egg-whole-raw,"Quail egg, whole, raw",,Dairy and eggs,Dairy and eggs,Eggs,"Fresh, small speckled egg from quail, displaying a cream-coloured shell with brown spots, containing rich yolk and clear white. Uncooked.",1 whole = 9g,Per Serving (9g),12,158,Per 100g,1,0.03,0.85,,photo,FALSE,Borrowed,2025
banana-cake,Banana cake,,Desserts,Desserts,Cakes,"Moist cake made with ripe bananas, flour, butter or oil, eggs, baking soda or powder and salt",1 slice(s) = 147g,Per Serving (147g),557,379,Per 100g,7.91,59.76,31.83,,photo,FALSE,Lab Analysis,2025
butter-cake,Butter cake,,Desserts,Desserts,Cakes,"Butter cake made from flour, eggs, sugar, condensed milk",1 slice(s) = 65g,Per Serving (65g),286,440,Per 100g,4.37,23.5,19.37,,photo,FALSE,Lab Analysis,2025
cheesecake,Cheesecake,,Desserts,Desserts,Cakes,"Dessert made with cream cheese, eggs and sugar on biscuit base",1 slice(s) = 105g,Per Serving (105g),371,353,Per 100g,6.15,25.41,27.09,,photo,FALSE,Lab Analysis,2025
kueh-lapis,Kueh lapis,,Desserts,Desserts,Cakes,"Indonesian layered cake made with butter, egg, sugar and flour",1 piece(s) = 72g,Per Serving (72g),318,442,Per 100g,6.01,19.94,23.83,,photo,FALSE,Lab Analysis,2025
pandan-chiffon-cake,Pandan chiffon cake,,Desserts,Desserts,Cakes,"Green spongy cake made with pandan flavoring, baked",1 slice(s) = 44g,Per Serving (44g),137,312,Per 100g,4.04,15.47,6.56,,photo,FALSE,Lab Analysis,2025
pandan-kaya-cake,Pandan kaya cake,,Desserts,Desserts,Cakes,Local pandan kaya cake,1 slice(s) = 89g,Per Serving (89g),221,248,Per 100g,3.83,23.14,12.55,,photo,FALSE,Lab Analysis,2010
steamed-sponge-cake,Steamed sponge cake,,Desserts,Desserts,Cakes,Steamed egg sponge cake,1 slice(s) = 40g,Per Serving (40g),128,319,Per 100g,2.84,17.12,5.32,,photo,FALSE,Lab Analysis,2010
chendol,Chendol,,Desserts,Desserts,Ice confections,"Icy dessert served with grass jelly, red bean, jelly in a sweet coconut milk base",1 bowl(s) = 423g,Per Serving (423g),372,88,Per 100g,6.22,56.68,13.32,,photo,FALSE,Lab Analysis,2025
fruit-sorbet,Fruit sorbet,,Desserts,Desserts,Ice confections,"Dairy-free alternative frozen dessert made from fruit puree, water and sugar",1 cup(s) = 198g,Per Serving (198g),192,97,Per 100g,0.4,49.1,0.59,,photo,FALSE,Borrowed,2025
ice-cream,Ice cream,,Desserts,Desserts,Ice confections,"Frozen dairy dessert made with heavy cream, whole milk, sugar, vanilla extract and eggs",1 scoop(s) = 60g,Per Serving (60g),136,226,Per 100g,1.98,13.68,8.52,,photo,FALSE,Borrowed,2025
ice-jelly,Ice jelly,,Desserts,Desserts,Ice confections,"Ice jelly, served with tinned fruit",1 bowl(s) = 275g,Per Serving (275g),121,44,Per 100g,0.44,29.73,0.08,,photo,FALSE,Lab Analysis,2010
ice-kacang,Ice kacang,,Desserts,Desserts,Ice confections,"Local dessert, featuring shaved ice, red beans, sweet corn, and grass jelly, topped with gula melaka or other types of coloured sugar syrups, and evaporated/condensed milk",1 bowl(s) = 425g,Per Serving (425g),268,63,Per 100g,5.1,59.93,1.28,,photo,FALSE,Lab Analysis,2010
ice-soursop,Ice soursop,,Desserts,Desserts,Ice confections,"Local dessert, fresh soursop on top of ice, usually added with sugar syrup",1 bowl(s) = 299g,Per Serving (299g),203,68,Per 100g,0.75,46.64,1.41,,photo,FALSE,Lab Analysis,2010
ice-sweetcorn,Ice sweetcorn,,Desserts,Desserts,Ice confections,"Canned sweetcorn, on top of ice, with added evaporated milk and sugar syrup",1 bowl(s) = 292g,Per Serving (292g),164,56,Per 100g,3.1,21.99,7.12,,photo,FALSE,Lab Analysis,2010
potong-ice-cream,Potong ice cream,,Desserts,Desserts,Ice confections,Traditional Southeast Asian ice cream bar on wooden stick,1 stick(s) = 74g,Per Serving (74g),102,138,Per 100g,1.26,12.94,5,,photo,FALSE,NIP,2025
sea-coconut-dessert,Sea coconut dessert,,Desserts,Desserts,Ice confections,Crushed ice topped with canned sea coconut - no added sugar and jelly,1 bowl(s) = 250g,Per Serving (250g),138,55,Per 100g,0.48,34.23,0,,photo,FALSE,Lab Analysis,2010
soft-serve-ice-cream,Soft serve ice cream,,Desserts,Desserts,Ice confections,Soft serve vanilla ice cream served on cone,1 cone(s) = 103g,Per Serving (103g),147,143,Per 100g,3.09,24,4,,photo,FALSE,Borrowed,2025
thai-coconut-ice-cream-with-toppings,Thai coconut ice cream with toppings,,Desserts,Desserts,Ice confections,"Coconut ice cream with traditional Thai toppings (e.g. peanuts, palm seeds, etc)",1 bowl(s) = 194g,Per Serving (194g),223,115,Per 100g,4.66,11.06,17.91,,photo,FALSE,Lab Analysis,2010
wafer-ice-cream-sandwich,Wafer ice cream sandwich,,Desserts,Desserts,Ice confections,Local ice cream with 2 thin wafer biscuits,1 piece(s) = 110g,Per Serving (110g),383,348,Per 100g,11.11,86.68,0.77,,photo,FALSE,Borrowed,2025
agar-agar,Agar-Agar,,Desserts,Desserts,Jellies and puddings,Layers of multi-coloured jelly,1 piece(s) = 50g,Per Serving (50g),39,77,Per 100g,0.1,9.3,0.1,,photo,FALSE,Lab Analysis,2010
aiyu-jelly-with-toppings,Aiyu jelly with toppings,,Desserts,Desserts,Jellies and puddings,"Natural fig seed jelly dessert served with assorted toppings like grass jelly, pearls, fresh fruits or flavoured syrups",1 bowl(s) = 359g,Per Serving (359g),377,105,Per 100g,1.8,37.7,24.38,,photo,FALSE,Lab Analysis,2010
beancurd-with-toppings,Beancurd with toppings,,Desserts,Desserts,Jellies and puddings,"Soybean pudding served with assorted toppings like grass jelly, pearls, fresh fruits or flavoured syrups",1 bowl(s) = 392g,Per Serving (392g),165,42,Per 100g,9.8,19.6,5.25,,photo,FALSE,Lab Analysis,2010
durian-pudding,Durian pudding,,Desserts,Desserts,Jellies and puddings,Pudding made from durian and sugar,1 cup(s) = 189g,Per Serving (189g),263,139,Per 100g,5.67,41.39,8.32,,photo,FALSE,Lab Analysis,2010
grass-jelly-with-toppings,Grass jelly with toppings,,Desserts,Desserts,Jellies and puddings,"Grass jelly dessert served with assorted toppings like red bean, pearls, fresh fruits or flavoured syrups",1 bowl(s) = 381g,Per Serving (381g),122,32,Per 100g,2.67,27.05,0.15,,photo,FALSE,Lab Analysis,2010
herbal-jelly-with-syrup,Herbal jelly with syrup,,Desserts,Desserts,Jellies and puddings,"Chinese herbal jelly, made of tortoise shell extract, chinese herbs, with added sugar syrup or honey",1 bowl(s) = 237g,Per Serving (237g),71,30,Per 100g,0.31,17.4,0,,photo,FALSE,Lab Analysis,2010
kesari,Kesari,,Desserts,Desserts,Jellies and puddings,"Indian semolina dessert cooked with ghee, sugar and saffron",1 plate(s) = 107g,Per Serving (107g),261,244,Per 100g,3.27,43.71,8.16,,photo,FALSE,Lab Analysis,2023
tau-huey,Tau huey,,Desserts,Desserts,Jellies and puddings,Soya bean curd with syrup,1 bowl(s) = 412g,Per Serving (412g),227,55,Per 100g,12.24,27.6,7.62,,photo,FALSE,Lab Analysis,2025
honey-toast,Honey toast,,Desserts,Desserts,Other desserts,Thick-cut toast drizzled with honey,1 plate(s) = 314g,Per Serving (314g),907,289,Per 100g,22.61,123.72,35.89,,photo,FALSE,Lab Analysis,2018
beancurd-skin-and-gingko-nuts-dessert,Beancurd skin and gingko nuts dessert,,Desserts,Desserts,Soup desserts,Sweet dessert soup made from boiling gingko nuts and fuchok in water and sugar,1 bowl(s) = 307g,Per Serving (307g),101,33,Per 100g,5.19,12.4,3.25,,photo,FALSE,Lab Analysis,2010
black-sesame-paste,Black sesame paste,,Desserts,Desserts,Soup desserts,"Smooth, thick dessert soup made from ground black sesame seeds, water and sugar",1 bowl(s) = 273g,Per Serving (273g),251,92,Per 100g,5.73,26.75,13.35,,photo,FALSE,Lab Analysis,2018
bo-bo-cha-cha,Bo bo cha cha,,Desserts,Desserts,Soup desserts,Yam and sweet potatoes cubes boiled in coconut milk served with tapioca cubes,1 bowl(s) = 355g,Per Serving (355g),536,151,Per 100g,6.75,52.18,33.73,,photo,FALSE,Lab Analysis,2010
bubur-kacang,Bubur kacang,,Desserts,Desserts,Soup desserts,"Malay dessert soup made with various beans, sweet potatoes and sago pearls in coconut milk",1 bowl(s) = 364g,Per Serving (364g),379,104,Per 100g,16.85,51.14,11.65,,photo,FALSE,Lab Analysis,2010
bubur-terigu,Bubur terigu,,Desserts,Desserts,Soup desserts,Sweet wheat flour porridge with coconut milk,1 bowl(s) = 400g,Per Serving (400g),336,84,Per 100g,4.4,72.4,3.2,,photo,FALSE,Lab Analysis,2010
cheng-tng,Cheng tng,,Desserts,Desserts,Soup desserts,"Clear soup sweetened with rock sugar, served with lotus seeds, white fungus and longan",1 bowl(s) = 390g,Per Serving (390g),199,51,Per 100g,1.01,47.97,,,photo,FALSE,Lab Analysis,2025
green-bean-soup,Green bean soup,,Desserts,Desserts,Soup desserts,Sweet dessert soup made from boiling green beans in water and sugar,1 bowl(s) = 376g,Per Serving (376g),244,65,Per 100g,7.26,52.64,0.38,,photo,FALSE,Lab Analysis,2025
honeydew-sago,Honeydew sago,,Desserts,Desserts,Soup desserts,"Dessert made with diced honeydew, sago and coconut milk",1 bowl(s) = 256g,Per Serving (256g),118,46,Per 100g,1.28,12.03,7.17,,photo,FALSE,Lab Analysis,2010
mango-pomelo-sago-dessert,Mango pomelo sago dessert,,Desserts,Desserts,Soup desserts,"Chilled sweet soup with fresh mango, pomelo pulp and sago pearls",1 bowl(s) = 314g,Per Serving (314g),160,51,Per 100g,1.26,32.03,2.95,,photo,FALSE,Lab Analysis,2010
orh-nee,Orh nee,,Desserts,Desserts,Soup desserts,"Yam paste, topped with gingko nuts and mashed pumpkin flesh",1 bowl(s) = 150g,Per Serving (150g),356,237,Per 100g,2.25,45.75,18.3,,photo,FALSE,Lab Analysis,2010
peach-gum-dessert,Peach gum dessert,,Desserts,Desserts,Soup desserts,"Chinese sweet soup with peach gum, white fungus, and dried longan",1 bowl(s) = 331g,Per Serving (331g),126,38,Per 100g,0.83,30.68,0,,photo,FALSE,Lab Analysis,2024
peanut-paste,Peanut paste,,Desserts,Desserts,Soup desserts,"Smooth, thick dessert soup made from ground peanuts and sugar",1 bowl(s) = 287g,Per Serving (287g),330,115,Per 100g,11.19,28.41,18.97,,photo,FALSE,Lab Analysis,2018
pengat,Pengat,,Desserts,Desserts,Soup desserts,"Pumpkin with sweet potato, cooked in coconut milk and sugar",1 bowl(s) = 200g,Per Serving (200g),364,182,Per 100g,2.6,23.66,28.98,,photo,FALSE,Lab Analysis,2010
pulut-hitam,Pulut hitam,,Desserts,Desserts,Soup desserts,Sweet dessert made from black glutinous rice porridge with coconut milk and sugar,1 bowl(s) = 425g,Per Serving (425g),302,71,Per 100g,5.1,59.08,5.19,,photo,FALSE,Lab Analysis,2018
red-bean-soup,Red bean soup,,Desserts,Desserts,Soup desserts,Sweet dessert soup made from boiling red beans in water and sugar,1 bowl(s) = 379g,Per Serving (379g),307,81,Per 100g,10.76,64.24,0.76,,photo,FALSE,Lab Analysis,2025
red-ruby-dessert,Red ruby dessert,,Desserts,Desserts,Soup desserts,"Diced water chestnut, coated with tapoica flour and red colouring on top of ice, with added coconut milk and sugar syrup",1 bowl(s) = 389g,Per Serving (389g),296,76,Per 100g,2.45,22.68,21.71,,photo,FALSE,Lab Analysis,2010
sweet-peanut-soup,Sweet peanut soup,,Desserts,Desserts,Soup desserts,"Sweet dessert soup made from chunky peanuts, pandan leaves, sugar and water",1 bowl(s) = 202g,Per Serving (202g),255,126,Per 100g,6.67,15.55,18.38,,photo,FALSE,Lab Analysis,2010
sweet-potato-soup,Sweet potato soup,,Desserts,Desserts,Soup desserts,Sweet potato boiled with rock sugar soup,1 bowl(s) = 300g,Per Serving (300g),186,62,Per 100g,1.8,44.4,0.3,,photo,FALSE,Lab Analysis,2010
tau-suan,Tau suan,,Desserts,Desserts,Soup desserts,Yellow bean dessert topped with you tiao,1 bowl(s) = 369g,Per Serving (369g),310,84,Per 100g,10.52,65.28,0.74,,photo,FALSE,Lab Analysis,2026
walnut-paste,Walnut paste,,Desserts,Desserts,Soup desserts,"Smooth, thick dessert soup made from ground walnuts and sugar",1 bowl(s) = 259g,Per Serving (259g),321,124,Per 100g,6.99,24.09,21.94,,photo,FALSE,Lab Analysis,2018
white-fungus-and-longan-soup,White fungus and longan soup,,Desserts,Desserts,Soup desserts,"Sweet dessert soup made from boiling white fungus, longan in water and sugar",1 bowl(s) = 339g,Per Serving (339g),153,45,Per 100g,1.02,36.1,0.2,,photo,FALSE,Lab Analysis,2026
tangyuan-with-filling-in-soup,Tangyuan (with filling) (in soup),,Desserts,Desserts,Soup desserts,"Chinese dessert, made of glutinous rice flour with fillings, cooked with sugar syrup soup",1 bowl(s) = 414g,Per Serving (414g),538,130,Per 100g,11.3,70.05,23.6,,photo,FALSE,Derived,2026
ikan-bilis,Ikan bilis,,Fish and seafood,Fish and seafood,Fish,"Dried ikan bilis with head, entrails and bones removed",1 tablespoon(s) = 20g,Per Serving (20g),61,303,Per 100g,12.98,0.28,0.85,,photo,FALSE,Lab Analysis,2010
steamed-salmon-fillet,Steamed salmon fillet,,Fish and seafood,Fish and seafood,Fish,Steamed fresh salmon fillet,1 piece(s) = 150g,Per Serving (150g),388,272,Per 100g,34.34,0,27.93,,photo,FALSE,Borrowed,2025
asian-sea-bass-barramundi-raw,"Asian sea bass (Barramundi), raw",,Fish and seafood,Fish and seafood,Fish,"Fresh uncooked fillets of white-fleshed fish, boneless with firm, lean meat and mild, sweet flavour.",1 fillet(s) = 333g,Per Serving (333g),416,125,Per 100g,63.94,0,17.65,,photo,FALSE,Borrowed,2025
cod-raw,"Cod, raw",,Fish and seafood,Fish and seafood,Fish,"Fresh uncooked fillets of white-fleshed fish, boneless with translucent to white color and firm, flaky meat texture.",1 fillet(s) = 231g,Per Serving (231g),189,82,Per 100g,41.14,0,1.55,,photo,FALSE,Borrowed,2025
crimson-snapper-ang-ko-li-raw,"Crimson snapper (Ang ko li), raw",,Fish and seafood,Fish and seafood,Fish,"Fresh uncooked fish with bright red skin, white to pink flesh, firm and flaky texture",1 whole = 600g,Per Serving (600g),284,105,Per 100g,52.38,0.27,6.48,,photo,FALSE,Borrowed,2025
fried-black-pomfret,Fried black pomfret,,Fish and seafood,Fish and seafood,Fish,"Deep-fried fillets of marine fish, boneless with golden-brown exterior, white flaky flesh, dark silvery skin and tender meat texture.",1 palm-sized piece(s) = 90g,Per Serving (90g),264,293,Per 100g,28.69,0.47,16.38,,photo,FALSE,Borrowed,2025
fried-silver-pomfret,Fried silver pomfret,,Fish and seafood,Fish and seafood,Fish,"Deep-fried fillets of marine fish, boneless with golden-brown exterior, white flaky flesh, silvery skin and tender meat texture.",1 palm-sized piece(s) = 90g,Per Serving (90g),301,334,Per 100g,29.25,0,20.43,,photo,FALSE,Borrowed,2025
grouper-raw,"Grouper, raw",,Fish and seafood,Fish and seafood,Fish,"Fresh uncooked fillets of marine fish, boneless with reddish skin, white to pinkish flesh, firm and flaky texture.",1 fillet(s) = 259g,Per Serving (259g),238,92,Per 100g,50.19,0,2.64,,photo,FALSE,Borrowed,2025
halibut-raw,"Halibut, raw",,Fish and seafood,Fish and seafood,Fish,"Fresh uncooked fillets of flatfish, boneless with dark brown to grey upper skin, white to translucent flesh, firm and lean texture.",1 fillet(s) = 408g,Per Serving (408g),371,91,Per 100g,75.72,0,5.43,,photo,FALSE,Borrowed,2025
saba-mackerel-raw,"Saba mackerel, raw",,Fish and seafood,Fish and seafood,Fish,"Fresh uncooked fillets of marine fish, boneless with blue-green back, rich pinkish-grey to brownish flesh, firm and oily texture.",1 fillet(s) = 112g,Per Serving (112g),230,205,Per 100g,20.83,0,15.56,,photo,FALSE,Borrowed,2025
snakehead-toman-raw,"Snakehead (Toman), raw",,Fish and seafood,Fish and seafood,Fish,"Fresh uncooked freshwater fish with dark brown to black back, white to pinkish flesh, firm and meaty texture",1 whole = 312g,Per Serving (312g),152,106,Per 100g,30.14,0,3.59,,photo,FALSE,Borrowed,2025
spanish-mackerel-batang-raw,"Spanish mackerel (Batang), raw",,Fish and seafood,Fish and seafood,Fish,Fresh uncooked boneless fillets with silvery-blue skin and firm white to pinkish flesh.,1 fillet(s) = 187g,Per Serving (187g),260,139,Per 100g,36.07,0,11.78,,photo,FALSE,Borrowed,2025
steamed-asian-sea-bass-barramundi,Steamed Asian sea bass (Barramundi),,Fish and seafood,Fish and seafood,Fish,"Steamed fillets of white-fleshed fish, boneless with firm, lean meat and mild, sweet flavour.",1 fillet(s) = 333g,Per Serving (333g),496,149,Per 100g,76.26,0,20.98,,photo,FALSE,Borrowed,2025
steamed-grouper,Steamed grouper,,Fish and seafood,Fish and seafood,Fish,"Steamed fillets of marine fish, boneless with reddish skin, white to pinkish flesh, firm and flaky texture.",1 palm-sized piece(s) = 90g,Per Serving (90g),98,109,Per 100g,21.04,1.38,0.93,,photo,FALSE,Borrowed,2025
steamed-spanish-mackerel-batang,Steamed Spanish mackerel (batang),,Fish and seafood,Fish and seafood,Fish,"Steamed boneless fillets with white to light grey flesh, moist and flaky texture.",1 palm-sized piece(s) = 90g,Per Serving (90g),144,160,Per 100g,20.7,0,6.75,,photo,FALSE,Borrowed,2025
steamed-tilapia,Steamed tilapia,,Fish and seafood,Fish and seafood,Fish,"Steamed fillets of freshwater fish, boneless with white flesh, mild and flaky texture.",1 palm-sized piece(s) = 90g,Per Serving (90g),122,136,Per 100g,19.8,0,4.68,,photo,FALSE,Borrowed,2025
assam-fish,Assam fish,,Fish and seafood,Fish and seafood,Fish-based dishes,"Fish cooked with grounded chilli, shallot, fresh turmeric, lemon grass, belacan paste, assam gelugor",1 scoop(s) (serving spoon) = 100g,Per Serving (100g),67,73,Per 100g,11.32,1.1,2.02,,photo,FALSE,Lab Analysis,2010
battered-fish-fillet,Battered fish fillet,,Fish and seafood,Fish and seafood,Fish-based dishes,Western-style white fish fillet battered and deep-fried,1 piece(s) = 235g,Per Serving (235g),564,240,Per 100g,23.31,35.6,36.43,,photo,FALSE,Lab Analysis,2025
double-fish-soup-no-milk,Double fish soup (no milk),,Fish and seafood,Fish and seafood,Fish-based dishes,Mix of fresh and deep-fried sliced fish pieces and vegetables in clear broth,1 bowl(s) = 552g,Per Serving (552g),166,30,Per 100g,17.72,7.67,13.03,,photo,FALSE,Derived,2026
double-fish-soup-with-milk,Double fish soup (with milk),,Fish and seafood,Fish and seafood,Fish-based dishes,Mix of fresh and deep-fried sliced fish pieces and vegetables in creamy soup broth from the addition of evaporated milk,1 bowl(s) = 569g,Per Serving (569g),250,44,Per 100g,18.83,10.41,17.75,,photo,FALSE,Derived,2026
fish-curry,Fish curry,,Fish and seafood,Fish and seafood,Fish-based dishes,"Fish curry with coconut milk, tomato, eggplant and lady finger",1 scoop(s) (serving spoon) = 100g,Per Serving (100g),103,106,Per 100g,6.01,4.16,6.82,,photo,FALSE,Lab Analysis,2025
fish-head-curry,Fish head curry,,Fish and seafood,Fish and seafood,Fish-based dishes,Fish head cooked with lady finger and eggplant in a gravy made of curry spices and coconut milk,1 scoop(s) (serving spoon) = 100g,Per Serving (100g),147,150,Per 100g,6.72,6.52,10.39,,photo,FALSE,Lab Analysis,2025
fish-head-steamboat,Fish head steamboat,,Fish and seafood,Fish and seafood,Fish-based dishes,"Chinese-style soup with fish head, vegetables, tofu, and seafood",1 bowl(s) = 450g,Per Serving (450g),180,40,Per 100g,19.49,6.75,8.28,,photo,FALSE,Lab Analysis,2024
fish-masala,Fish masala,,Fish and seafood,Fish and seafood,Fish-based dishes,"Indian-style fried fish steak with grounded turmeric, black pepper, ginger, chilli powder, ginger and lemon juice",1 piece(s) = 76g,Per Serving (76g),125,181,Per 100g,17.98,0.07,5.88,,photo,FALSE,Lab Analysis,2010
fish-maw-soup,Fish maw soup,,Fish and seafood,Fish and seafood,Fish-based dishes,"Chinese-style clear soup with rehydrated fish maw, mushrooms, and crab meat",1 bowl(s) = 450g,Per Serving (450g),216,48,Per 100g,21.02,10.71,9.99,,photo,FALSE,Lab Analysis,2024
fish-tikka,Fish tikka,,Fish and seafood,Fish and seafood,Fish-based dishes,"Grilled fish pieces pre-marinated with yoghurt, green chili and salt",1 scoop(s) (serving spoon) = 100g,Per Serving (100g),129,129,Per 100g,23.1,0.6,3.8,,photo,FALSE,Lab Analysis,2010
fishball-soup-no-noodles,Fishball soup (no noodles),,Fish and seafood,Fish and seafood,Fish-based dishes,"Fish broth cooked with 7 fishballs and spring onion, white pepper and salt, boiled",1 bowl(s) = 629g,Per Serving (629g),44,7,Per 100g,7.23,,1.26,,photo,FALSE,Lab Analysis,2025
fried-fish-skin,Fried fish skin,,Fish and seafood,Fish and seafood,Fish-based dishes,Deep-fried fish skin,1 bowl(s) = 175g,Per Serving (175g),1038,593,Per 100g,49.7,19.6,84.42,,photo,FALSE,Lab Analysis,2010
fried-fish-soup-no-milk,Fried fish soup (no milk),,Fish and seafood,Fish and seafood,Fish-based dishes,Deep-fried sliced fish pieces and vegetables in clear broth,1 bowl(s) = 543g,Per Serving (543g),250,46,Per 100g,18.41,7.28,20.15,,photo,FALSE,Lab Analysis,2023
fried-fish-soup-with-milk,Fried fish soup (with milk),,Fish and seafood,Fish and seafood,Fish-based dishes,Deep-fried sliced fish pieces and vegetables in creamy soup broth from the addition of evaporated milk,1 bowl(s) = 598g,Per Serving (598g),317,53,Per 100g,17.58,10.05,28.29,,photo,FALSE,Lab Analysis,2023
fried-kuning-fish,Fried kuning fish,,Fish and seafood,Fish and seafood,Fish-based dishes,Deep-fried yellow banded trevally,1 piece(s) = 36g,Per Serving (36g),60,275,Per 100g,7.12,,3.56,,photo,FALSE,Lab Analysis,2025
fried-mackerel,Fried mackerel,,Fish and seafood,Fish and seafood,Fish-based dishes,"Ikan tenggiri, fish steak, deep-fried",1 scoop(s) (serving spoon) = 91g,Per Serving (91g),199,228,Per 100g,22.32,0.21,12.03,,photo,FALSE,Lab Analysis,2026
ikan-masak-pedas,Ikan masak pedas,,Fish and seafood,Fish and seafood,Fish-based dishes,Fish in spicy tamarind curry,1 scoop(s) (serving spoon) = 100g,Per Serving (100g),82,109,Per 100g,8.25,1.95,4.57,,photo,FALSE,Lab Analysis,2010
ngoh-hiang,Ngoh hiang,,Fish and seafood,Fish and seafood,Fish-based dishes,Deep-fried sausage-shaped minced fish rolled in beancurd skin,1 roll(s) = 70g,Per Serving (70g),105,150,Per 100g,7.84,9.59,3.85,,photo,FALSE,Lab Analysis,2025
sambal-batang-fish,Sambal batang fish,,Fish and seafood,Fish and seafood,Fish-based dishes,Deep-fried batang steak served with spicy sambal chilli gravy,1 whole = 113g,Per Serving (113g),190,168,Per 100g,29.71,0.57,7.62,,photo,FALSE,Lab Analysis,2024
sambal-pomfret-fish,Sambal pomfret fish,,Fish and seafood,Fish and seafood,Fish-based dishes,Steamed pomfret fish served with a layer of spicy sambal chilli paste,1 plate(s) = 558g,Per Serving (558g),1345,241,Per 100g,89.39,30.41,96.37,,photo,FALSE,Lab Analysis,2024
sliced-fish-soup-no-milk,Sliced fish soup (no milk),,Fish and seafood,Fish and seafood,Fish-based dishes,Fresh sliced fish pieces and vegetables in clear broth,1 bowl(s) = 561g,Per Serving (561g),84,15,Per 100g,17.05,8.02,5.95,,photo,FALSE,Lab Analysis,2023
sliced-fish-soup-with-milk,Sliced fish soup (with milk),,Fish and seafood,Fish and seafood,Fish-based dishes,Fresh sliced fish pieces and vegetables in creamy soup broth from the addition of evaporated milk,1 bowl(s) = 500g,Per Serving (500g),170,34,Per 100g,18.75,10.1,6,,photo,FALSE,Lab Analysis,2026
fried-pomfret-in-soy-sauce,Fried pomfret in soy sauce,,Fish and seafood,Fish and seafood,Fish-based dishes,Fried pomfret with soya sauce,1 scoop(s) (serving spoon) = 100g,Per Serving (100g),167,242,Per 100g,17.18,,10.9,,photo,FALSE,Lab Analysis,2010
steamed-fish-economic-rice,Steamed fish (Economic rice),,Fish and seafood,Fish and seafood,Fish-based dishes,"Fresh fish steamed with ginger, soy sauce, and aromatics",1 scoop(s) (serving spoon) = 118g,Per Serving (118g),159,135,Per 100g,18.23,1.36,9.03,,photo,FALSE,Lab Analysis,2025
steamed-fish-with-black-bean-sauce,Steamed fish with black bean sauce,,Fish and seafood,Fish and seafood,Fish-based dishes,Fish steamed with preserved black bean,1 bowl(s) = 465g,Per Serving (465g),428,92,Per 100g,28.41,33.71,19.99,,photo,FALSE,Lab Analysis,2025
stir-fried-fish-with-ginger-and-scallion,Stir fried fish with ginger and scallion,,Fish and seafood,Fish and seafood,Fish-based dishes,"Stir fried pieces of pomfret with shallots, ginger, garlic",1 scoop(s) (serving spoon) = 100g,Per Serving (100g),108,108,Per 100g,7.96,2.95,7.16,,photo,FALSE,Lab Analysis,2023
sweet-and-sour-fish,Sweet and sour fish,,Fish and seafood,Fish and seafood,Fish-based dishes,Deep-fried fish meat with pineapple and green peppers in sweet and sour sauce,1 scoop(s) (serving spoon) = 100g,Per Serving (100g),352,352,Per 100g,9.77,18.6,26.45,,photo,FALSE,Lab Analysis,2023
cuttlefish-finger,Cuttlefish finger,,Fish and seafood,Fish and seafood,Processed fish and seafood,Fishcake made from mixture of cuttlefish meat and surimi,1 piece(s) = 13g,Per Serving (13g),23,178,Per 100g,1.74,1.81,0.99,,photo,FALSE,Lab Analysis,2010
cuttlefish-snack,Cuttlefish snack,,Fish and seafood,Fish and seafood,Processed fish and seafood,"Chewy strips made from dried, seasoned cuttlefish",1 packet(s) = 60g,Per Serving (60g),212,353,Per 100g,22.5,29.4,0.48,,photo,FALSE,Borrowed,2025
fish-ngoh-hiang,Fish ngoh hiang,,Fish and seafood,Fish and seafood,Processed fish and seafood,Deep-fried minced fish roll in beancurd skin,1 roll(s) = 140g,Per Serving (140g),407,291,Per 100g,7,38.78,24.92,,photo,FALSE,Lab Analysis,2010
fish-tofu,Fish tofu,,Fish and seafood,Fish and seafood,Processed fish and seafood,"Fishcake made from mixture of fish meat, tofu, and surimi",1 piece(s) = 115g,Per Serving (115g),124,108,Per 100g,12.42,2.76,7.02,,photo,FALSE,Lab Analysis,2026
fishcake,Fishcake,,Fish and seafood,Fish and seafood,Processed fish and seafood,Deep-fried fishcake made of Surimi (fish paste) and flour,1 piece(s) = 50g,Per Serving (50g),46,92,Per 100g,6.75,1.05,1.65,,photo,FALSE,Lab Analysis,2010
fried-fish-ball,Fried fish ball,,Fish and seafood,Fish and seafood,Processed fish and seafood,"Scraped fish meat made into round shape, deep-fried",1 piece(s) = 36g,Per Serving (36g),27,75,Per 100g,3.71,1.94,0.5,,photo,FALSE,Lab Analysis,2026
otah,Otah,,Fish and seafood,Fish and seafood,Processed fish and seafood,"Ground fish meat mixed with spices, grilled",1 piece(s) = 29g,Per Serving (29g),28,98,Per 100g,1.68,1.22,1.86,,photo,FALSE,Lab Analysis,2010
sotong-ball,Sotong ball,,Fish and seafood,Fish and seafood,Processed fish and seafood,Deep-fried squid paste balls,1 piece(s) = 30g,Per Serving (30g),55,184,Per 100g,3.45,3.84,2.88,,photo,FALSE,Lab Analysis,2010
spicy-fishcake,Spicy fishcake,,Fish and seafood,Fish and seafood,Processed fish and seafood,"Fishcake made of fish paste, flour and diced chilli",1 piece(s) = 50g,Per Serving (50g),56,112,Per 100g,4.25,6.05,1.65,,photo,FALSE,Lab Analysis,2010
dried-cuttlefish,Dried cuttlefish,,Fish and seafood,Fish and seafood,Processed fish and seafood,"Dehydrated cuttlefish with yellowish-white to brown color, chewy and dense texture",1 whole = 77g,Per Serving (77g),221,287,Per 100g,50.28,1.62,1.46,,photo,FALSE,Borrowed,2025
dried-fish-maw,Dried fish maw,,Fish and seafood,Fish and seafood,Processed fish and seafood,"Dehydrated fish maw with golden-white to amber color, spongy and fibrous texture",1 piece(s) = 10g,Per Serving (10g),28,278,Per 100g,6.41,0.44,0.05,,photo,FALSE,Borrowed,2025
boiled-clams-la-la,Boiled clams (la la),,Fish and seafood,Fish and seafood,Seafood,Boiled clams with shells intact,1 scoop(s) (serving spoon) = 100g,Per Serving (100g),148,148,Per 100g,25.55,5.13,1.95,,photo,FALSE,Borrowed,2025
abalone-raw,"Abalone, raw",,Fish and seafood,Fish and seafood,Seafood,"Fresh uncooked marine mollusk, pearl white to beige flesh, firm and chewy texture, deshelled.",1 whole (medium) = 100g,Per Serving (100g),105,105,Per 100g,17.1,6.01,0.76,,photo,FALSE,Borrowed,2025
black-tiger-prawn-raw,"Black tiger prawn, raw",,Fish and seafood,Fish and seafood,Seafood,"Fresh uncooked crustacean with dark grey-blue striped shell, white to pinkish flesh, firm and succulent texture",1 whole = 55g,Per Serving (55g),23,82,Per 100g,5.06,0.08,0.08,,photo,FALSE,Borrowed,2025
blue-crab-raw,"Blue crab, raw",,Fish and seafood,Fish and seafood,Seafood,"Raw, uncooked crustacean with blue-green shell, tender and sweet meat",1 whole = 250g,Per Serving (250g),76,87,Per 100g,15.8,0.03,0.95,,photo,FALSE,Borrowed,2025
boiled-scallop,Boiled scallop,,Fish and seafood,Fish and seafood,Seafood,"Boiled scallop with tender, firm texture and sweet, delicate flavour",1 cup(s) = 135g,Per Serving (135g),150,111,Per 100g,27.73,7.3,1.13,,photo,FALSE,Borrowed,2025
clam-raw,"Clam, raw",,Fish and seafood,Fish and seafood,Seafood,"Fresh uncooked clam with hard shell, white to beige meat, firm and chewy texture",1 whole (medium) = 15g,Per Serving (15g),5,86,Per 100g,0.88,0.21,0.06,,photo,FALSE,Borrowed,2025
cockle-raw,"Cockle, raw",,Fish and seafood,Fish and seafood,Seafood,"Fresh uncooked cockle, white to beige meat, tender and chewy texture, deshelled.",1 cup(s) = 240g,Per Serving (240g),190,79,Per 100g,32.4,11.28,1.68,,photo,FALSE,Borrowed,2025
crayfish-raw,"Crayfish, raw",,Fish and seafood,Fish and seafood,Seafood,"Fresh uncooked freshwater crayfish with reddish-brown shell, translucent to white meat, firm and sweet texture",1 whole = 500g,Per Serving (500g),46,77,Per 100g,9.58,0,0.57,,photo,FALSE,Borrowed,2025
cuttlefish-raw,"Cuttlefish, raw",,Fish and seafood,Fish and seafood,Seafood,"Fresh uncooked cuttlefish with translucent white flesh, firm and smooth texture",1 whole = 89g,Per Serving (89g),46,79,Per 100g,9.39,0.47,0.4,,photo,FALSE,Borrowed,2025
jellyfish-raw,"Jellyfish, raw",,Fish and seafood,Fish and seafood,Seafood,"Fresh uncooked jellyfish with translucent white to light blue coloring, crisp and crunchy texture",1 piece(s) = 40g,Per Serving (40g),13,33,Per 100g,1.48,1.52,0.12,,photo,FALSE,Borrowed,2025
lobster-raw,"Lobster, raw",,Fish and seafood,Fish and seafood,Seafood,"Fresh uncooked crustacean with dark blue-black shell, white to translucent flesh, firm and succulent texture",1 whole = 150g,Per Serving (150g),35,77,Per 100g,7.43,0,0.34,,photo,FALSE,Borrowed,2025
shark-fillet-raw,"Shark fillet, raw",,Fish and seafood,Fish and seafood,Seafood,"Fresh uncooked boneless fillets with firm white to pinkish flesh, dense and meaty texture.",1 fillet(s) = 200g,Per Serving (200g),208,104,Per 100g,49.2,0,0.8,,photo,FALSE,Borrowed,2025
squid-raw,"Squid, raw",,Fish and seafood,Fish and seafood,Seafood,Fresh uncooked squid with translucent white flesh and purplish-grey skin,1 whole (medium) = 500g,Per Serving (500g),428,92,Per 100g,72.45,14.32,6.42,,photo,FALSE,Borrowed,2025
steamed-clam,Steamed clam,,Fish and seafood,Fish and seafood,Seafood,Steamed marine bivalve mollusk in shells with tender and chewy flesh.,1 whole (medium) = 15g,Per Serving (15g),6,148,Per 100g,0.96,0.19,0.07,,photo,FALSE,Borrowed,2025
steamed-crayfish,Steamed crayfish,,Fish and seafood,Fish and seafood,Seafood,"Steamed freshwater crayfish with bright red shell, translucent to white meat, firm and sweet texture",1 whole = 500g,Per Serving (500g),49,82,Per 100g,10.06,0,0.72,,photo,FALSE,Borrowed,2025
steamed-cuttlefish,Steamed cuttlefish,,Fish and seafood,Fish and seafood,Seafood,"Steamed cuttlefish with translucent white flesh, firm and smooth texture",1 piece(s) = 110g,Per Serving (110g),113,158,Per 100g,23.22,1.17,1,,photo,FALSE,Borrowed,2025
steamed-lobster,Steamed lobster,,Fish and seafood,Fish and seafood,Seafood,"Steamed large crustacean with red shell, white to translucent flesh, firm and succulent texture",1 whole = 150g,Per Serving (150g),40,89,Per 100g,8.55,0,0.39,,photo,FALSE,Borrowed,2025
steamed-mussel,Steamed mussel,,Fish and seafood,Fish and seafood,Seafood,Steamed shellfish with blue-black shell and orange-yellow meat,1 whole (medium) = 16g,Per Serving (16g),11,172,Per 100g,1.52,0.47,0.29,,photo,FALSE,Borrowed,2025
assam-prawn,Assam prawn,,Fish and seafood,Fish and seafood,Seafood-based dishes,Prawn fried in thick chilli sauce,1 scoop(s) (serving spoon) = 122g,Per Serving (122g),134,110,Per 100g,19.52,3.32,4.73,,photo,FALSE,Lab Analysis,2010
black-pepper-crab,Black pepper crab,,Fish and seafood,Fish and seafood,Seafood-based dishes,Crab stir-fried with black pepper sauce,1 pincer(s) = 177g,Per Serving (177g),114,132,Per 100g,16.48,0,5.44,,photo,FALSE,Lab Analysis,2010
cereal-prawn,Cereal prawn,,Fish and seafood,Fish and seafood,Seafood-based dishes,Deep-fried prawns coated with cereal flakes,1 scoop(s) (serving spoon) = 100g,Per Serving (100g),235,351,Per 100g,10.52,12.68,15.85,,photo,FALSE,Lab Analysis,2026
chilli-crab,Chilli crab,,Fish and seafood,Fish and seafood,Seafood-based dishes,Crab stir-fried in thick red chilli and egg mixture gravy,1 pincer(s) = 177g,Per Serving (177g),152,86,Per 100g,8.2,9.77,9.03,,photo,FALSE,Lab Analysis,2024
fried-baby-sotong,Fried baby sotong,,Fish and seafood,Fish and seafood,Seafood-based dishes,Deep-fried baby squid,1 scoop(s) (serving spoon) = 100g,Per Serving (100g),418,418,Per 100g,30.2,12.3,27.5,,photo,FALSE,Lab Analysis,2010
fried-beancurd-shrimp-roll,Fried beancurd shrimp roll,,Fish and seafood,Fish and seafood,Seafood-based dishes,Fried beancurd skin with shrimp,1 piece(s) = 29g,Per Serving (29g),77,265,Per 100g,4.64,2.2,5.51,,photo,FALSE,Lab Analysis,2010
fried-calamari-rings,Fried calamari rings,,Fish and seafood,Fish and seafood,Seafood-based dishes,Deep-fried battered squid ring,1 scoop(s) (serving spoon) = 100g,Per Serving (100g),448,448,Per 100g,18.7,22.6,30.8,,photo,FALSE,Lab Analysis,2010
fried-cuttlefish-with-chili-powder,Fried cuttlefish with chili powder,,Fish and seafood,Fish and seafood,Seafood-based dishes,Deep-fried cuttlefish strips seasoned with spicy chilli powder,1 piece(s) = 100g,Per Serving (100g),88,88,Per 100g,14.8,0.4,3,,photo,FALSE,Lab Analysis,2010
fried-wanton-pork-prawn,Fried wanton (pork & prawn),,Fish and seafood,Fish and seafood,Seafood-based dishes,Deep-fried dumpling with minced pork and prawn filling,1 piece(s) = 20g,Per Serving (20g),85,424,Per 100g,2.34,5.38,5.98,,photo,FALSE,Lab Analysis,2010
fried-wanton-prawn,Fried wanton (prawn),,Fish and seafood,Fish and seafood,Seafood-based dishes,Deep-fried minced prawn meat mixed with corn starch and wrapped with wanton wrapper,1 piece(s) = 26g,Per Serving (26g),62,239,Per 100g,3.15,4.14,3.67,,photo,FALSE,Lab Analysis,2010
har-gao,Har gao,,Fish and seafood,Fish and seafood,Seafood-based dishes,"Minced prawns and fish meat, wrapped in a flour skin and steamed",1 piece(s) = 25g,Per Serving (25g),47,188,Per 100g,1.72,4.81,2.31,,photo,FALSE,Lab Analysis,2025
prawn-dumpling,Prawn dumpling,,Fish and seafood,Fish and seafood,Seafood-based dishes,"Steamed dumplings filled with minced prawns and bamboo shoots, served with vegetables in soup",1 piece(s) = 49g,Per Serving (49g),74,152,Per 100g,4.95,4.34,4.14,,photo,FALSE,Lab Analysis,2025
prawn-fritter,Prawn fritter,,Fish and seafood,Fish and seafood,Seafood-based dishes,Deep-fried prawn with batter,1 piece(s) = 97g,Per Serving (97g),281,297,Per 100g,8.95,29.44,14.2,,photo,FALSE,Lab Analysis,2026
prawn-rolls-hae-zho,Prawn rolls (hae zho),,Fish and seafood,Fish and seafood,Seafood-based dishes,Deep-fried minced prawn and pork rolls in beancurd skin,1 piece(s) = 28g,Per Serving (28g),73,262,Per 100g,3.87,4.49,4.44,,photo,FALSE,Lab Analysis,2023
salted-egg-squid,Salted egg squid,,Fish and seafood,Fish and seafood,Seafood-based dishes,Deep-fried squid coated in salted egg sauce,1 scoop(s) (serving spoon) = 100g,Per Serving (100g),379,379,Per 100g,10.88,17.72,29.42,,photo,FALSE,Lab Analysis,2018
sambal-clams-la-la,Sambal clams (la la),,Fish and seafood,Fish and seafood,Seafood-based dishes,Stir-fried clams in spicy chilli sambal sauce,1 scoop(s) (serving spoon) = 100g,Per Serving (100g),118,118,Per 100g,7.88,4,7.86,,photo,FALSE,Lab Analysis,2018
sambal-prawns,Sambal prawns,,Fish and seafood,Fish and seafood,Seafood-based dishes,Malay-style spicy prawn dish stir fried in belachan (fermented shrimp paste block) and chilli,1 scoop(s) (serving spoon) = 100g,Per Serving (100g),105,122,Per 100g,7.88,3.58,6.51,,photo,FALSE,Lab Analysis,2026
sambal-sotong,Sambal sotong,,Fish and seafood,Fish and seafood,Seafood-based dishes,Stir-fried cuttlefish with belachan (fermented shrimp paste block) and chilli,1 scoop(s) (serving spoon) = 100g,Per Serving (100g),115,115,Per 100g,12.3,4.8,5.2,,photo,FALSE,Lab Analysis,2010
sambal-stingray,Sambal stingray,,Fish and seafood,Fish and seafood,Seafood-based dishes,Grilled stingray served with a layer of spicy sambal chilli paste,1 plate(s) = 254g,Per Serving (254g),424,167,Per 100g,41.78,17.15,20.96,,photo,FALSE,Lab Analysis,2024
sambal-tumis-sotong-kering,Sambal tumis sotong kering,,Fish and seafood,Fish and seafood,Seafood-based dishes,"Dried cuttlefish fried with ground peanut, anchovy, tamarind and belachan",1 scoop(s) (serving spoon) = 100g,Per Serving (100g),207,207,Per 100g,18.3,2.5,13.7,,photo,FALSE,Lab Analysis,2010
seafood-soup,Seafood soup,,Fish and seafood,Fish and seafood,Seafood-based dishes,"Clear soup with prawns, crabstick, fish, tofu, vegetables and seaweed",1 bowl(s) = 674g,Per Serving (674g),157,24,Per 100g,9.71,23.29,2.62,,photo,FALSE,Lab Analysis,2025
seafood-tom-yum-soup-clear,Seafood tom yum soup (clear),,Fish and seafood,Fish and seafood,Seafood-based dishes,"Thai-style spicy and tangy soup, cooked with mixed seafood and lemon grass",1 bowl(s) = 546g,Per Serving (546g),207,38,Per 100g,16.49,23.15,5.3,,photo,FALSE,Lab Analysis,2023
sotong-masak-hitam,Sotong masak hitam,,Fish and seafood,Fish and seafood,Seafood-based dishes,Squid cooked with chilli gravy,1 scoop(s) (serving spoon) = 100g,Per Serving (100g),155,155,Per 100g,14.3,0.7,10.6,,photo,FALSE,Lab Analysis,2010
sotong-panggang,Sotong panggang,,Fish and seafood,Fish and seafood,Seafood-based dishes,Grilled squid with spices and marinade,1 scoop(s) (serving spoon) = 100g,Per Serving (100g),121,121,Per 100g,14.2,3.3,5.63,,photo,FALSE,Lab Analysis,2010
stir-fried-cuttlefish-with-chilli,Stir fried cuttlefish with chilli,,Fish and seafood,Fish and seafood,Seafood-based dishes,Stir-fried cuttlefish with sliced onions and chilli,1 scoop(s) (serving spoon) = 100g,Per Serving (100g),144,144,Per 100g,11.5,2.51,9.73,,photo,FALSE,Lab Analysis,2010
fish-and-chips,Fish and chips,,Fish and seafood,Fish and seafood,Fish-based dishes,"Deep-fried battered fish, served with tartar sauce and fries on the side",1 plate(s) = 345g,Per Serving (345g),911,264,Per 100g,27.12,70.86,57.44,,photo,FALSE,Derived,2026
avocado,Avocado,,Fruit,Fruit,Fresh fruit,Pear-shaped green fruit with creamy buttery texture when ripe. Seed removed,1 whole = 272g,Per Serving (272g),313,160,Per 100g,3.92,16.71,28.71,,photo,FALSE,Borrowed,2025
banana,Banana,,Fruit,Fruit,Fresh fruit,Elongated and curved tropical fruit with soft sweet flesh. Skin removed,1 whole (medium) = 118g,Per Serving (118g),72,94,Per 100g,1.07,15.03,0.15,,photo,FALSE,Borrowed,2025
cut-mixed-fruits,Cut mixed fruits,,Fruit,Fruit,Fresh fruit,"A mixture of sliced papaya, pineapple, honeydew and watermelon",1 cup(s) = 289g,Per Serving (289g),146,58,Per 100g,0.88,18.02,0.78,,photo,FALSE,Derived,2026
durian,Durian,,Fruit,Fruit,Fresh fruit,"Large spiky fruit with creamy yellow flesh, strong distinctive aroma and a rich custard-like texture",1 piece(s) (seed) = 27g,Per Serving (27g),45,165,Per 100g,0.68,7.99,1.11,,photo,FALSE,Lab Analysis,2010
lime,Lime,,Fruit,Fruit,Fresh fruit,"Small round green citrus fruit with yellow flesh, seeds and sour juice",1 whole = 35g,Per Serving (35g),7,30,Per 100g,0.17,2.58,0.05,,photo,FALSE,Borrowed,2025
longan,Longan,,Fruit,Fruit,Fresh fruit,Small round brown fruit with sweet translucent flesh wrapped around a small black seed,1 handful(s) = 50g,Per Serving (50g),22,60,Per 100g,0.47,5.45,0.04,,photo,FALSE,Borrowed,2025
sea-coconut,Sea coconut,,Fruit,Fruit,Fresh fruit,Sweet preserved fruit from attap palm with translucent jelly-like texture,1 piece(s) = 125g,Per Serving (125g),108,86,Per 100g,0.38,26.63,0,,photo,FALSE,Lab Analysis,2010
watermelon,Watermelon,,Fruit,Fruit,Fresh fruit,Large round green-striped melon with sweet juicy red flesh and seeds,1 slice(s) (triangle) = 130g,Per Serving (130g),20,30,Per 100g,0.4,5.01,0.1,,photo,FALSE,Borrowed,2025
kedondong,Kedondong,,Fruit,Fruit,Fresh fruit,"Fresh kedondong, light green in colour, firm and crisp texture with sour-tart taste.",1 whole = 50g,Per Serving (50g),31,89,Per 100g,0.24,7.23,0.08,,photo,FALSE,Borrowed,2025
lime-juice,Lime juice,,Fruit,Fruit,Fresh fruit,"Fresh citrus juice, clear light green in colour, liquid with sharp tart-acidic taste.",1 cup(s) = 242g,Per Serving (242g),61,25,Per 100g,1.02,20.38,0.17,,photo,FALSE,Borrowed,2025
soursop,Soursop,,Fruit,Fruit,Fresh fruit,"Fresh tropical fruit, green spiky exterior with white flesh, soft creamy texture with sweet-tart taste.",1 whole = 625g,Per Serving (625g),281,66,Per 100g,4.25,71.57,1.28,,photo,FALSE,Borrowed,2025
fruit-salad,Fruit salad,,Fruit,Fruit,Fruit-based dishes,Canned mixed fruits combined in a sugar-based syrup,1 cup(s) = 260g,Per Serving (260g),133,51,Per 100g,1.04,28.6,0.26,,photo,FALSE,Borrowed,2025
appam,Appam,,Grains and staples,Grains and staples,Batter-based dishes,South Indian rice and coconut pancake with crispy edges and soft centre,1 piece(s) = 72g,Per Serving (72g),159,221,Per 100g,3.2,32.09,2.03,,photo,FALSE,Lab Analysis,2024
idli,Idli,,Grains and staples,Grains and staples,Batter-based dishes,"Small, fluffy, spherical bread with tapered edges, made with ground rice and urad dahl, served with sambar and chutney",1 piece(s) = 269g,Per Serving (269g),347,129,Per 100g,14.45,66.71,2.56,,photo,FALSE,Lab Analysis,2025
masala-thosai,Masala thosai,,Grains and staples,Grains and staples,Batter-based dishes,"Indian-style wafer filled with spiced potato, long bean, carrot, pea and green chilli, served with sambar and chutney",1 piece(s) = 271g,Per Serving (271g),439,162,Per 100g,11.76,62.19,15.72,,photo,FALSE,Lab Analysis,2025
paper-thosai,Paper thosai,,Grains and staples,Grains and staples,Batter-based dishes,"Fried indian bread, thin and crispy",1 piece(s) = 50g,Per Serving (50g),153,305,Per 100g,3.2,22.9,5.4,,photo,FALSE,Lab Analysis,2010
rawa-thosai,Rawa thosai,,Grains and staples,Grains and staples,Batter-based dishes,"Thin, flat round pancake-like bread, made with suji flour, black gram dhal, shallots, chillies",1 piece(s) = 85g,Per Serving (85g),204,240,Per 100g,4.2,33.52,5.88,,photo,FALSE,Lab Analysis,2010
thosai,Thosai,,Grains and staples,Grains and staples,Batter-based dishes,"Indian-style round, pancake-like bread made with fermented rice and gram batter, served with chutney and sambar",1 piece(s) = 156g,Per Serving (156g),402,258,Per 100g,10.92,63.88,11.54,,photo,FALSE,Lab Analysis,2025
thosai-cheese,Thosai (cheese),,Grains and staples,Grains and staples,Batter-based dishes,Indian fermented rice crepe filled with cheese,1 piece(s) = 130g,Per Serving (130g),348,268,Per 100g,12.56,47.85,11.86,,photo,FALSE,Lab Analysis,2023
thosai-egg,Thosai (egg),,Grains and staples,Grains and staples,Batter-based dishes,"Indian-style round, pancake-like bread made with fermented rice and gram batter, with egg",1 piece(s) = 146g,Per Serving (146g),342,234,Per 100g,12.59,44.97,12.35,,photo,FALSE,Lab Analysis,2023
thosai-ghee,Thosai (ghee),,Grains and staples,Grains and staples,Batter-based dishes,Indian fermented rice crepe with clarified butter,1 piece(s) = 108g,Per Serving (108g),373,345,Per 100g,6.62,43.86,18.98,,photo,FALSE,Lab Analysis,2023
otah-bun,Otah bun,,Grains and staples,Grains and staples,Bread-based dishes,Spicy fish paste wrapped with bun,1 whole = 92g,Per Serving (92g),268,291,Per 100g,9.8,33.65,10.4,,photo,FALSE,Lab Analysis,2026
beef-banh-mi,Beef banh mi,,Grains and staples,Grains and staples,Bread-based dishes,"Vietnamese sandwich with grilled beef, pickled vegetables and herbs in baguette",1 whole = 224g,Per Serving (224g),426,190,Per 100g,29.34,44.8,14.4,,photo,FALSE,Lab Analysis,2018
beef-burger,Beef burger,,Grains and staples,Grains and staples,Bread-based dishes,"Grilled beef patty with cheese, lettuce, tomatoes and onions between toasted buns",1 burger(s) = 273g,Per Serving (273g),658,241,Per 100g,36.72,35.19,41.28,,photo,FALSE,Lab Analysis,2023
beef-kebab-wrap,Beef kebab (wrap),,Grains and staples,Grains and staples,Bread-based dishes,"Flat bread or wrap filled with beef, vegetables, barbeque and mayo sauce",1 wrap(s) = 223g,Per Serving (223g),486,218,Per 100g,33.45,53.97,15.16,,photo,FALSE,Lab Analysis,2010
bhatura,Bhatura,,Grains and staples,Grains and staples,Bread-based dishes,"Sliced chicken, mushroom, carrot, beansprouts, spinach, chilli soyabean paste and egg, served with rice and sesame seeds",1 piece(s) = 113g,Per Serving (113g),418,370,Per 100g,7.41,44.39,23.5,,photo,FALSE,Lab Analysis,2010
big-pau-chicken,Big pau (chicken),,Grains and staples,Grains and staples,Bread-based dishes,"Bun filled with minced chicken meat and boiled eggs, steamed",1 whole = 113g,Per Serving (113g),270,239,Per 100g,10.76,33.62,10.4,,photo,FALSE,Lab Analysis,2023
big-pau-pork,Big pau (pork),,Grains and staples,Grains and staples,Bread-based dishes,"Bun filled with minced pork and boiled eggs, steamed",1 whole = 142g,Per Serving (142g),318,224,Per 100g,12.85,39.94,11.96,,photo,FALSE,Lab Analysis,2023
bo-luo-bao,Bo luo bao,,Grains and staples,Grains and staples,Bread-based dishes,"Hong Kong-style sweet bun with crispy, pineapple-patterned crust and soft interior",1 piece(s) = 77g,Per Serving (77g),323,419,Per 100g,6.47,38.42,15.87,,photo,FALSE,Lab Analysis,2010
butter-and-sugar-toast,Butter and sugar toast,,Grains and staples,Grains and staples,Bread-based dishes,Toasted white bread spread with butter and sprinkled with white sugar,1 piece(s) = 64g,Per Serving (64g),289,451,Per 100g,4.26,30.52,16.61,,photo,FALSE,Lab Analysis,2026
char-siew-pau,Char siew pau,,Grains and staples,Grains and staples,Bread-based dishes,Steamed bun filled with barbecued pork filling,1 whole = 56g,Per Serving (56g),147,262,Per 100g,5.59,21.31,4.31,,photo,FALSE,Lab Analysis,2025
char-siew-soh,Char siew soh,,Grains and staples,Grains and staples,Bread-based dishes,"Pastry filled with char siew, baked",1 piece(s) = 44g,Per Serving (44g),165,376,Per 100g,4.18,12.23,11.09,,photo,FALSE,Lab Analysis,2010
cheese-french-toast,Cheese french toast,,Grains and staples,Grains and staples,Bread-based dishes,"Egg-coated bread, grilled/pan-fried, served  with sliced cheese",1 slice(s) = 113g,Per Serving (113g),308,273,Per 100g,14.77,33.5,12.75,,photo,FALSE,Derived,2026
cheeseburger,Cheeseburger,,Grains and staples,Grains and staples,Bread-based dishes,"Burger bun with beef patty, pickled vegetable, sliced cheese and tomato sauce",1 burger(s) = 185g,Per Serving (185g),538,291,Per 100g,28.68,34.96,31.45,,photo,FALSE,Lab Analysis,2023
chicken-banh-mi,Chicken banh mi,,Grains and staples,Grains and staples,Bread-based dishes,"Vietnamese sandwich with grilled chicken, pickled vegetables and herbs in baguette",1 whole = 212g,Per Serving (212g),392,185,Per 100g,19.93,33.92,19.61,,photo,FALSE,Lab Analysis,2018
chicken-burrito,Chicken burrito,,Grains and staples,Grains and staples,Bread-based dishes,"Mexican-style flour tortilla filled with seasoned chicken, rice, beans, cheese, mixed vegetables (lettuce, tomato, cabbage)",1 whole = 435g,Per Serving (435g),840,193,Per 100g,46.33,86.43,34.06,,photo,FALSE,Lab Analysis,2023
chicken-curry-bun,Chicken curry bun,,Grains and staples,Grains and staples,Bread-based dishes,Soft bread roll filled with curry-spiced chicken and potatoes,1 whole = 70g,Per Serving (70g),187,267,Per 100g,6.44,24.49,6.96,,photo,FALSE,Lab Analysis,2023
chicken-kebab-wrap,Chicken kebab (wrap),,Grains and staples,Grains and staples,Bread-based dishes,Flat bread or wrap filled with chicken and vegetables,1 wrap(s) = 266g,Per Serving (266g),532,200,Per 100g,21.79,50.14,27.13,,photo,FALSE,Lab Analysis,2025
chicken-pau,Chicken pau,,Grains and staples,Grains and staples,Bread-based dishes,"Bun filled with minced chicken meat, steamed",1 whole = 115g,Per Serving (115g),247,215,Per 100g,11.73,35.13,6.61,,photo,FALSE,Lab Analysis,2025
chicken-pie,Chicken pie,,Grains and staples,Grains and staples,Bread-based dishes,Baked puff pastry filled with chicken chunks and mixed vegetables in a creamy sauce,1 piece(s) = 160g,Per Serving (160g),469,293,Per 100g,11.6,43.6,27.6,,photo,FALSE,Lab Analysis,2025
chicken-quesadilla,Chicken quesadilla,,Grains and staples,Grains and staples,Bread-based dishes,"Mexican-style grilled flour tortilla filled with seasoned chicken, cheese, mixed vegetables (lettuce, tomato, cabbage)",1 whole = 346g,Per Serving (346g),830,240,Per 100g,48.75,54.91,46.19,,photo,FALSE,Lab Analysis,2023
coffee-bun,Coffee bun,,Grains and staples,Grains and staples,Bread-based dishes,Soft bread roll with coffee-flavoured topping that creates a crispy crust when baked,1 whole = 50g,Per Serving (50g),215,429,Per 100g,4.22,23.48,11.53,,photo,FALSE,Lab Analysis,2025
custard-bun,Custard bun,,Grains and staples,Grains and staples,Bread-based dishes,"Soft bread roll filled with sweet, creamy egg custard",1 whole = 86g,Per Serving (86g),252,293,Per 100g,6.45,39.92,7.4,,photo,FALSE,Lab Analysis,2026
double-beef-burger,Double beef burger,,Grains and staples,Grains and staples,Bread-based dishes,"Two grilled beef patties with cheese, lettuce, tomatoes and onions between toasted buns",1 burger(s) = 329g,Per Serving (329g),826,251,Per 100g,45.24,47.9,50.34,,photo,FALSE,Lab Analysis,2023
egg-mayo-sandwich,Egg mayo sandwich,,Grains and staples,Grains and staples,Bread-based dishes,White bread slices filled with hard boiled egg and mayonnaise,1 whole = 65g,Per Serving (65g),167,257,Per 100g,6.35,14.01,9.46,,photo,FALSE,Lab Analysis,2025
egg-mayo-sandwich-wholemeal,Egg mayo sandwich (wholemeal),,Grains and staples,Grains and staples,Bread-based dishes,Wholemeal bread slices filled with hard boiled egg and mayonnaise,1 whole = 82g,Per Serving (82g),231,282,Per 100g,8.57,25.38,10.58,,photo,FALSE,Lab Analysis,2025
fish-burger,Fish burger,,Grains and staples,Grains and staples,Bread-based dishes,"Breaded fish fillet with lettuce, cheese and tartar sauce between toasted buns",1 burger(s) = 154g,Per Serving (154g),427,277,Per 100g,16.52,41.92,21.45,,photo,FALSE,Lab Analysis,2023
french-toast,French toast,,Grains and staples,Grains and staples,Bread-based dishes,"Egg-coated bread, grilled/pan-fried",1 slice(s) = 104g,Per Serving (104g),296,285,Per 100g,11.8,34.89,12.06,,photo,FALSE,Lab Analysis,2025
french-toast-with-kaya,French toast with kaya,,Grains and staples,Grains and staples,Bread-based dishes,"Egg-coated bread, grilled/pan-fried, served with kaya spread",1 slice(s) = 101g,Per Serving (101g),289,286,Per 100g,11.12,34.55,11.74,,photo,FALSE,Derived,2026
french-toast-with-kaya-and-butter,French toast with kaya and butter,,Grains and staples,Grains and staples,Bread-based dishes,"Egg-coated bread, grilled/pan-fried, served with butter",1 slice(s) = 106g,Per Serving (106g),324,306,Per 100g,11.18,34.7,15.65,,photo,FALSE,Derived,2026
fried-mantou,Fried mantou,,Grains and staples,Grains and staples,Bread-based dishes,Fried bun made from flour and yeast,1 piece(s) = 45g,Per Serving (45g),179,397,Per 100g,2.93,22.46,8.6,,photo,FALSE,Lab Analysis,2010
fried-spring-roll,Fried spring roll,,Grains and staples,Grains and staples,Bread-based dishes,"Carrot, mixed vegetables, shrimp and chicken wrapped with a flour skin, fried to golden brown",1 piece(s) = 78g,Per Serving (78g),226,290,Per 100g,3.03,28.63,11,,photo,FALSE,Lab Analysis,2025
grilled-chicken-burger,Grilled chicken burger,,Grains and staples,Grains and staples,Bread-based dishes,"Grilled chicken with lettuce, tomatoes and sauce in toasted bun",1 burger(s) = 216g,Per Serving (216g),255,118,Per 100g,30.67,32.62,0.19,,photo,FALSE,Lab Analysis,2010
hamburger,Hamburger,,Grains and staples,Grains and staples,Bread-based dishes,"Burger bun with meat patty, pickled vegetable, topped with mustard and tomato sauce",1 burger(s) = 104g,Per Serving (104g),252,242,Per 100g,14,30,8,,photo,FALSE,NIP,2025
kaya-and-butter-toast,Kaya and butter toast,,Grains and staples,Grains and staples,Bread-based dishes,Toasted bread with kaya jam spread and butter cubes,1 piece(s) = 94g,Per Serving (94g),380,404,Per 100g,6.11,42.54,20.54,,photo,FALSE,Lab Analysis,2025
kaya-bun,Kaya bun,,Grains and staples,Grains and staples,Bread-based dishes,Soft bread roll filled with kaya,1 whole = 57g,Per Serving (57g),184,323,Per 100g,4.4,28.22,5.93,,photo,FALSE,Lab Analysis,2025
kaya-butter-steamed-bread,Kaya butter steamed bread,,Grains and staples,Grains and staples,Bread-based dishes,Steamed white bread served with kaya and butter slices,1 piece(s) = 150g,Per Serving (150g),435,290,Per 100g,8.85,60.9,17.27,,photo,FALSE,Lab Analysis,2010
lotus-paste-pau,Lotus paste pau,,Grains and staples,Grains and staples,Bread-based dishes,Steamed Chinese bun filled with sweet lotus seed paste,1 whole = 65g,Per Serving (65g),194,299,Per 100g,4.24,33.12,4.94,,photo,FALSE,Lab Analysis,2025
murtabak-chicken,Murtabak (chicken),,Grains and staples,Grains and staples,Bread-based dishes,Chicken stuffed Indian pancake,1 plate(s) = 330g,Per Serving (330g),851,258,Per 100g,42.54,61.25,48.61,,photo,FALSE,Lab Analysis,2023
murtabak-chicken-mushroom-cheese,"Murtabak (chicken, mushroom, cheese)",,Grains and staples,Grains and staples,Bread-based dishes,"Tandoori chicken, mushroom, and cheese-stuffed Indian pancake (ultimate murtabak)",1 piece(s) = 611g,Per Serving (611g),1821,298,Per 100g,133.81,54.5,118.53,,photo,FALSE,Lab Analysis,2023
murtabak-mutton,Murtabak (mutton),,Grains and staples,Grains and staples,Bread-based dishes,"Indian pancake with mutton, fried in ghee and served with curry gravy",1 plate(s) = 345g,Per Serving (345g),849,246,Per 100g,48.75,57.44,47.02,,photo,FALSE,Lab Analysis,2023
murtabak-vegetable,Murtabak (vegetable),,Grains and staples,Grains and staples,Bread-based dishes,"Flour based dough, with egg, pea, carrot, sweet corn and onion filling, cooked on hot plate",1 plate(s) = 437g,Per Serving (437g),830,190,Per 100g,21.68,85.74,44.57,,photo,FALSE,Lab Analysis,2023
mutton-kebab-wrap,Mutton kebab (wrap),,Grains and staples,Grains and staples,Bread-based dishes,"Mutton meat and vegetable, wrapped with flat bread or wrap",1 wrap(s) = 174g,Per Serving (174g),362,208,Per 100g,27.74,23.44,17.64,,photo,FALSE,Lab Analysis,2010
naan-butter,Naan (butter),,Grains and staples,Grains and staples,Bread-based dishes,"Indian leavened bread made of flour, plain yoghurt, eggs and ghee/butter, pan fried",1 piece(s) = 117g,Per Serving (117g),380,325,Per 100g,9.95,55.81,13.02,,photo,FALSE,Lab Analysis,2023
naan-cheese,Naan (cheese),,Grains and staples,Grains and staples,Bread-based dishes,"Indian leavened bread made of flour, plain yoghurt, eggs and ghee/butter, pan fried",1 piece(s) = 122g,Per Serving (122g),370,303,Per 100g,13.63,50.92,12.43,,photo,FALSE,Lab Analysis,2023
pandan-bread-with-butter,Pandan bread with butter,,Grains and staples,Grains and staples,Bread-based dishes,Sliced pandan bread with butter,1 slice(s) = 29g,Per Serving (29g),101,348,Per 100g,2.93,11,5.1,,photo,FALSE,Derived,2026
pandan-bread-with-kaya,Pandan bread with kaya,,Grains and staples,Grains and staples,Bread-based dishes,Sliced pandan bread with kaya,1 slice(s) = 29g,Per Serving (29g),79,274,Per 100g,3.1,13.36,1.53,,photo,FALSE,Derived,2026
pandan-bread-with-kaya-and-peanut-butter,Pandan bread with kaya and peanut butter,,Grains and staples,Grains and staples,Bread-based dishes,Sliced pandan bread with kaya and peanut butter,1 slice(s) = 34g,Per Serving (34g),109,322,Per 100g,4.4,14.12,3.95,,photo,FALSE,Derived,2026
paper-prata-condensed-milk-sugar,"Paper prata (condensed milk, sugar)",,Grains and staples,Grains and staples,Bread-based dishes,"Thin, crispy Indian flatbread served with condensed milk and sugar",1 piece(s) = 112g,Per Serving (112g),299,267,Per 100g,5.49,46.12,10.3,,photo,FALSE,Lab Analysis,2023
pizza-cheese-only,Pizza (cheese only),,Grains and staples,Grains and staples,Bread-based dishes,Flatbread topped with tomato sauce and melted cheese,1 slice(s) = 58g,Per Serving (58g),139,240,Per 100g,6.46,18.98,4.18,,photo,FALSE,Lab Analysis,2023
pizza-seafood,Pizza (seafood),,Grains and staples,Grains and staples,Bread-based dishes,"Flatbread topped with tomato sauce, cheese and mixed seafood",1 slice(s) = 64g,Per Serving (64g),154,241,Per 100g,8.26,18.23,5.34,,photo,FALSE,Lab Analysis,2023
plain-prata-2-pc-with-curry,"Plain prata (2 pc, with curry)",,Grains and staples,Grains and staples,Bread-based dishes,Two pieces of flaky Indian flatbread served with curry,1 set(s) = 535g,Per Serving (535g),1241,232,Per 100g,31.03,169.54,48.9,,photo,FALSE,Derived,2026
popiah,Popiah,,Grains and staples,Grains and staples,Bread-based dishes,"Radish, eggs, chinese dried sausage and sweet black sauce wrapped in a flour-based skin",1 whole = 191g,Per Serving (191g),225,118,Per 100g,7.12,33.04,7.07,,photo,FALSE,Lab Analysis,2025
pork-pau,Pork pau,,Grains and staples,Grains and staples,Bread-based dishes,"Bun filled with minced pork, steamed",1 whole = 150g,Per Serving (150g),381,254,Per 100g,13.08,47.03,15.68,,photo,FALSE,Lab Analysis,2025
prata-caramel-sauce-vanilla-ice-cream-speculoos,"Prata (caramel sauce, vanilla ice cream, speculoos)",,Grains and staples,Grains and staples,Bread-based dishes,"Indian flatbread served dessert-style with ice cream, caramel and speculoos",1 piece(s) = 141g,Per Serving (141g),406,288,Per 100g,6.77,63.72,13.82,,photo,FALSE,Lab Analysis,2023
prata-chicken-luncheon-meat-chicken-floss-cheese-egg,"Prata (chicken luncheon meat, chicken floss, cheese, egg)",,Grains and staples,Grains and staples,Bread-based dishes,"Prata with chicken luncheon meat, japanese mayonnaise, chicken floss, cheese",1 piece(s) = 398g,Per Serving (398g),1449,364,Per 100g,72.44,76.26,94.72,,photo,FALSE,Lab Analysis,2023
prata-egg,Prata (egg),,Grains and staples,Grains and staples,Bread-based dishes,"Indian-style pan-fried flaky bread, made of flour, salt, ghee and egg",1 piece(s) = 119g,Per Serving (119g),331,278,Per 100g,13.03,39.87,13.15,,photo,FALSE,Lab Analysis,2025
prata-egg-onion,"Prata (egg, onion)",,Grains and staples,Grains and staples,Bread-based dishes,"Layered unleavened Indian bread, with onion and egg, cooked on hot plate, with ghee",1 piece(s) = 177g,Per Serving (177g),389,220,Per 100g,14.44,40.14,19.05,,photo,FALSE,Lab Analysis,2023
prata-egg-onion-cheese,"Prata (egg, onion, cheese)",,Grains and staples,Grains and staples,Bread-based dishes,"Indian flatbread filled with egg, onion and cheese",1 piece(s) = 185g,Per Serving (185g),459,248,Per 100g,20.65,34.6,26.46,,photo,FALSE,Lab Analysis,2023
prata-poached-egg-turkey-ham-hollandaise,"Prata (poached egg, turkey ham, hollandaise)",,Grains and staples,Grains and staples,Bread-based dishes,Eggs Benedict on a plain prata,1 piece(s) = 174g,Per Serving (174g),586,337,Per 100g,18.79,38.98,39.5,,photo,FALSE,Lab Analysis,2023
prata-bomb-cheese,Prata bomb (cheese),,Grains and staples,Grains and staples,Bread-based dishes,Thicker version of roti prata stuffed with margarine and sugar,1 piece(s) = 358g,Per Serving (358g),895,250,Per 100g,18.97,89.89,51.23,,photo,FALSE,Lab Analysis,2018
prata-bomb-condensed-milk,Prata bomb (condensed milk),,Grains and staples,Grains and staples,Bread-based dishes,Thicker version of roti prata stuffed with margarine and sugar,1 piece(s) = 99g,Per Serving (99g),374,378,Per 100g,6.59,49.12,16.79,,photo,FALSE,Lab Analysis,2023
red-bean-bun,Red bean bun,,Grains and staples,Grains and staples,Bread-based dishes,Soft bread roll filled with sweet red bean paste,1 whole = 55g,Per Serving (55g),193,350,Per 100g,4.28,29.54,6.35,,photo,FALSE,Lab Analysis,2025
red-bean-pau,Red bean pau,,Grains and staples,Grains and staples,Bread-based dishes,Steamed white bun filled with sweet red bean paste,1 whole = 63g,Per Serving (63g),197,312,Per 100g,4.2,34.18,4.79,,photo,FALSE,Lab Analysis,2025
roti-jala,Roti jala,,Grains and staples,Grains and staples,Bread-based dishes,"Malay pancake with a lace pattern made of flour, eggs, milk, oil and salt",1 piece(s) = 80g,Per Serving (80g),110,137,Per 100g,3.28,17.04,3.12,,photo,FALSE,Lab Analysis,2010
roti-john,Roti john,,Grains and staples,Grains and staples,Bread-based dishes,"Bread wrapped with meat in beaten egg, topped with onion, fried in ghee",1 whole = 253g,Per Serving (253g),724,286,Per 100g,25.3,77.16,34.66,,photo,FALSE,Lab Analysis,2010
samosa,Samosa,,Grains and staples,Grains and staples,Bread-based dishes,"Potatoes, green peas, cashew nuts covered with dough in triangular shape, fried in oil and ghee",1 piece(s) = 42g,Per Serving (42g),144,343,Per 100g,1.99,17.43,7.37,,photo,FALSE,Lab Analysis,2025
sweet-corn-pau,Sweet corn pau,,Grains and staples,Grains and staples,Bread-based dishes,Steamed white bun filled with sweet corn paste,1 whole = 75g,Per Serving (75g),203,271,Per 100g,4.28,36,4.65,,photo,FALSE,Lab Analysis,2010
thin-crust-pizza-meat,Thin crust pizza (meat),,Grains and staples,Grains and staples,Bread-based dishes,Thin crust pizza with meat toppings and cheese,1 slice(s) = 50g,Per Serving (50g),145,290,Per 100g,7.19,13.87,6.76,,photo,FALSE,Derived,2026
toast-with-butter,Toast (with butter),,Grains and staples,Grains and staples,Bread-based dishes,Bread toasted served with butter,1 slice(s) = 28g,Per Serving (28g),104,371,Per 100g,2.1,12.57,5.08,,photo,FALSE,Derived,2026
vegetable-pau,Vegetable pau,,Grains and staples,Grains and staples,Bread-based dishes,Steamed Chinese bun filled with mixed vegetables,1 whole = 80g,Per Serving (80g),150,187,Per 100g,3.88,27.94,2.48,,photo,FALSE,Lab Analysis,2026
white-bread-with-butter,White bread with butter,,Grains and staples,Grains and staples,Bread-based dishes,Sliced white bread with butter spread,1 slice(s) = 29g,Per Serving (29g),98,339,Per 100g,2.36,11.78,4.82,,photo,FALSE,Derived,2026
white-bread-with-butter-and-sugar,White bread with butter and sugar,,Grains and staples,Grains and staples,Bread-based dishes,"Sliced white bread with butter spread, sprinkled with sugar",1 slice(s) = 34g,Per Serving (34g),117,345,Per 100g,2.36,16.78,4.82,,photo,FALSE,Derived,2026
white-bread-with-cheese-and-kaya,White bread with cheese and kaya,,Grains and staples,Grains and staples,Bread-based dishes,Sliced white bread with sliced cheese and kaya spread,1 slice(s) = 46g,Per Serving (46g),111,242,Per 100g,6.53,15.12,2.84,,photo,FALSE,Derived,2026
white-bread-with-jam,White bread with jam,,Grains and staples,Grains and staples,Bread-based dishes,Sliced white bread with chocolate spread and peanut butter,1 slice(s) = 29g,Per Serving (29g),72,249,Per 100g,2.33,14.55,0.67,,photo,FALSE,Derived,2026
white-bread-with-kaya,White bread with kaya,,Grains and staples,Grains and staples,Bread-based dishes,Sliced white bread with kaya,1 slice(s) = 29g,Per Serving (29g),77,265,Per 100g,2.52,14.14,1.26,,photo,FALSE,Derived,2026
white-bread-with-kaya-and-butter,White bread with kaya and butter,,Grains and staples,Grains and staples,Bread-based dishes,Sliced white bread with kaya and butter spread,1 slice(s) = 34g,Per Serving (34g),114,335,Per 100g,2.55,14.17,5.42,,photo,FALSE,Derived,2026
white-bread-with-kaya-and-peanut-butter,White bread with kaya and peanut butter,,Grains and staples,Grains and staples,Bread-based dishes,Sliced white bread with kaya and peanut butter,1 slice(s) = 34g,Per Serving (34g),107,315,Per 100g,3.83,14.9,3.68,,photo,FALSE,Derived,2026
wholemeal-bread-with-butter,Wholemeal bread with butter,,Grains and staples,Grains and staples,Bread-based dishes,Sliced wholemeal bread with butter spread,1 slice(s) = 29g,Per Serving (29g),96,332,Per 100g,2.86,10.06,5.11,,photo,FALSE,Derived,2026
wholemeal-bread-with-butter-and-sugar,Wholemeal bread with butter and sugar,,Grains and staples,Grains and staples,Bread-based dishes,"Sliced wholemeal bread with butter spread, sprinkled with sugar",1 slice(s) = 34g,Per Serving (34g),115,339,Per 100g,2.86,15.06,5.11,,photo,FALSE,Derived,2026
wholemeal-bread-with-cheese-and-kaya,Wholemeal bread with cheese and kaya,,Grains and staples,Grains and staples,Bread-based dishes,Sliced wholemeal bread with sliced cheese and kaya,1 slice(s) = 46g,Per Serving (46g),109,237,Per 100g,7.03,13.4,3.13,,photo,FALSE,Derived,2026
wholemeal-bread-with-jam,Wholemeal bread with jam,,Grains and staples,Grains and staples,Bread-based dishes,Sliced wholemeal bread with jam spread,1 slice(s) = 29g,Per Serving (29g),70,242,Per 100g,2.83,12.82,0.96,,photo,FALSE,Derived,2026
wholemeal-bread-with-kaya,Wholemeal bread with kaya,,Grains and staples,Grains and staples,Bread-based dishes,Sliced wholemeal bread with kaya spread,1 slice(s) = 29g,Per Serving (29g),75,258,Per 100g,3.02,12.41,1.55,,photo,FALSE,Derived,2026
wholemeal-bread-with-kaya-and-butter,Wholemeal bread with kaya and butter,,Grains and staples,Grains and staples,Bread-based dishes,Sliced wholemeal bread with kaya and butter spread,1 slice(s) = 34g,Per Serving (34g),112,329,Per 100g,3.05,12.45,5.71,,photo,FALSE,Derived,2026
thick-crust-pizza-beef,Thick crust pizza (beef),,Grains and staples,Grains and staples,Bread-based dishes,Thick crust pizza with beef toppings and cheese,1 slice(s) = 67g,Per Serving (67g),179,267,Per 100g,9.05,19.16,7.37,,photo,FALSE,Lab Analysis,2025
thin-crust-pizza-beef,Thin crust pizza (beef),,Grains and staples,Grains and staples,Bread-based dishes,Thin crust pizza with beef toppings and cheese,1 slice(s) = 67g,Per Serving (67g),191,285,Per 100g,9.95,16.18,9.58,,photo,FALSE,Lab Analysis,2025
thin-crust-pizza-chicken,Thin crust pizza (chicken),,Grains and staples,Grains and staples,Bread-based dishes,Thin crust pizza with chicken toppings and cheese,1 slice(s) = 46g,Per Serving (46g),120,261,Per 100g,6.69,12.83,4.67,,photo,FALSE,Lab Analysis,2025
thin-crust-pizza-ham,Thin crust pizza (ham),,Grains and staples,Grains and staples,Bread-based dishes,Thin crust pizza with ham toppings and cheese,1 slice(s) = 37g,Per Serving (37g),124,336,Per 100g,4.92,12.58,6.03,,photo,FALSE,Lab Analysis,2025
sheng-jian-bao,Sheng jian bao,,Grains and staples,Grains and staples,Bread-based dishes,Pan-fried Chinese dumpings with pork filling and soup broth,1 whole = 48g,Per Serving (48g),122,254,Per 100g,4.55,10.59,6.82,,photo,FALSE,Derived,2026
baguette,Baguette,,Grains and staples,Grains and staples,Breads and flatbreads,"Traditional French bread with crispy golden crust and soft, chewy interior",1 piece(s) = 194g,Per Serving (194g),588,303,Per 100g,23.09,115.82,3.49,,photo,FALSE,Lab Analysis,2026
chapati,Chapati,,Grains and staples,Grains and staples,Breads and flatbreads,"Indian unleavened flat bread served with vegetable curry, chana masala and raita",1 piece(s) = 133g,Per Serving (133g),447,336,Per 100g,10.93,68.89,14.1,,photo,FALSE,Lab Analysis,2025
plain-naan,Plain naan,,Grains and staples,Grains and staples,Breads and flatbreads,"Indian leavened bread made of flour, plain yoghurt, eggs and ghee/butter, pan fried",1 piece(s) = 77g,Per Serving (77g),232,301,Per 100g,6.65,42.14,4.05,,photo,FALSE,Lab Analysis,2023
pandan-bread,Pandan bread,,Grains and staples,Grains and staples,Breads and flatbreads,Soft green-tinted bread with pandan flavouring,1 slice(s) = 24g,Per Serving (24g),64,266,Per 100g,2.9,10.97,0.94,,photo,FALSE,NIP,2025
plain-bun,Plain bun,,Grains and staples,Grains and staples,Breads and flatbreads,Simple soft bread roll without filling or toppings,1 whole = 38g,Per Serving (38g),206,541,Per 100g,2.78,14.02,15.36,,photo,FALSE,Lab Analysis,2023
plain-prata,Plain prata,,Grains and staples,Grains and staples,Breads and flatbreads,"Indian-style fried flat round dough made with ghee, wheat flour, sugar, salt and water",1 piece(s) = 141g,Per Serving (141g),496,352,Per 100g,12.52,73.39,16.92,,photo,FALSE,Lab Analysis,2025
popiah-skin,Popiah skin,,Grains and staples,Grains and staples,Breads and flatbreads,Paper-thin wheat flour wrapper made from wheat flour and water,1 piece(s) = 10g,Per Serving (10g),23,227,Per 100g,0.84,4.57,0.1,,photo,FALSE,Lab Analysis,2010
puri,Puri,,Grains and staples,Grains and staples,Breads and flatbreads,"Deep-fried wholemeal Indian bread, made from flour and ghee",1 piece(s) = 50g,Per Serving (50g),186,372,Per 100g,4.38,23.43,8.33,,photo,FALSE,Lab Analysis,2023
sourdough-bread,Sourdough bread,,Grains and staples,Grains and staples,Breads and flatbreads,Naturally fermented bread with tangy flavour,1 slice(s) = 60g,Per Serving (60g),154,257,Per 100g,5.76,30.33,1.02,,photo,FALSE,Lab Analysis,2025
steamed-mantou,Steamed mantou,,Grains and staples,Grains and staples,Breads and flatbreads,"Steamed bun made from flour and yeast, from imperial herbal restaurant",1 piece(s) = 52g,Per Serving (52g),132,254,Per 100g,2.65,27.46,1.35,,photo,FALSE,Lab Analysis,2010
toast,Toast,,Grains and staples,Grains and staples,Breads and flatbreads,Toasted bread,1 slice(s) = 23g,Per Serving (23g),67,290,Per 100g,2.07,12.54,0.92,,photo,FALSE,Borrowed,2025
glutinous-rice-flour,Glutinous rice flour,,Grains and staples,Grains and staples,Flour,"Processed grain glutinous rice flour, fine white powder, smooth texture with mild sweet taste.",1 cup(s) = 155g,Per Serving (155g),553,357,Per 100g,9.3,128.26,0,,photo,FALSE,Borrowed,2025
tapioca-flour,Tapioca flour,,Grains and staples,Grains and staples,Flour,"Processed starch tapioca flour from cassava root, fine white powder, smooth texture with neutral taste.",1 cup(s) = 125g,Per Serving (125g),441,353,Per 100g,0.14,109.27,0.11,,photo,FALSE,Borrowed,2025
cereal,Cereal,,Grains and staples,Grains and staples,Grain-based dishes,Cereal made from grains (corn/wheat/rice/oats),1 bowl(s) = 45g,Per Serving (45g),183,407,Per 100g,2.33,37.99,2.2,,photo,FALSE,Derived,2026
oatmeal-boiled,Oatmeal (boiled),,Grains and staples,Grains and staples,Grain-based dishes,Boiled rolled oats,1 bowl(s) = 135g,Per Serving (135g),131,97,Per 100g,3.85,20.33,3.05,,photo,FALSE,Derived,2026
uppuma,Uppuma,,Grains and staples,Grains and staples,Grain-based dishes,"South Indian breakfast dish made from dry-roasted semolina, vegetables, and spices",1 plate(s) = 443g,Per Serving (443g),727,164,Per 100g,15.33,74.47,40.84,,photo,FALSE,Lab Analysis,2024
aglio-olio,Aglio olio,,Grains and staples,Grains and staples,Noodle/Pasta-based dishes,"Italian pasta dish tossed in olive oil, garlic, chilli flakes, with mushrooms",1 plate(s) = 284g,Per Serving (284g),534,188,Per 100g,14.06,80.09,17.32,,photo,FALSE,Lab Analysis,2025
bak-chor-mee-dry,Bak chor mee (dry),,Grains and staples,Grains and staples,Noodle/Pasta-based dishes,"Dry egg noodles with vegetables, minced pork, liver and meatballs tossed in vinegar-chilli sauce, served with soup",1 bowl(s) = 430g,Per Serving (430g),563,131,Per 100g,21.67,83.85,15.48,,photo,FALSE,Lab Analysis,2025
bak-chor-mee-soup,Bak chor mee (soup),,Grains and staples,Grains and staples,Noodle/Pasta-based dishes,"Egg noodles in clear broth with minced pork, liver, meatballs and vegetables in vinegar-chilli sauce",1 bowl(s) = 682g,Per Serving (682g),539,79,Per 100g,39.08,73.66,9.55,,photo,FALSE,Lab Analysis,2025
ban-mian-dry,Ban mian (dry),,Grains and staples,Grains and staples,Noodle/Pasta-based dishes,"Hand-made flat wheat noodles tossed in dark soy sauce with minced pork, chicken, mushrooms, anchovies, vegetables and egg, served with soup",1 bowl(s) = 407g,Per Serving (407g),676,166,Per 100g,28.77,88.93,22.39,,photo,FALSE,Lab Analysis,2025
ban-mian-soup,Ban mian (soup),,Grains and staples,Grains and staples,Noodle/Pasta-based dishes,"Hand-made flat wheat noodles served in soup with minced pork, mushrooms, anchovies, vegetables and egg",1 bowl(s) = 792g,Per Serving (792g),610,77,Per 100g,25.66,88.31,17.42,,photo,FALSE,Lab Analysis,2025
beef-ball-kway-teow-soup,Beef ball kway teow soup,,Grains and staples,Grains and staples,Noodle/Pasta-based dishes,"Broad, flat rice noodles with beef balls in a soup",1 bowl(s) = 550g,Per Serving (550g),627,114,Per 100g,38.5,86.35,14.3,,photo,FALSE,Lab Analysis,2010
beef-bolognese,Beef bolognese,,Grains and staples,Grains and staples,Noodle/Pasta-based dishes,"Italian pasta sauce made with minced beef, tomatoes and herbs served over pasta",1 plate(s) = 410g,Per Serving (410g),586,143,Per 100g,34.52,60.02,23.17,,photo,FALSE,Lab Analysis,2023
beef-dao-xiao-mian-soup,Beef dao xiao mian (soup),,Grains and staples,Grains and staples,Noodle/Pasta-based dishes,"Hand-shaved noodles in beef broth with sliced beef, leafy greens and spring onions",1 bowl(s) = 990g,Per Serving (990g),693,70,Per 100g,46.43,109.89,7.13,,photo,FALSE,Lab Analysis,2018
beef-hor-fun,Beef hor fun,,Grains and staples,Grains and staples,Noodle/Pasta-based dishes,"Stir-fried kway teow noodles with beef, vegetables and egg gravy",1 plate(s) = 682g,Per Serving (682g),662,97,Per 100g,16.3,97.53,23.19,,photo,FALSE,Lab Analysis,2025
beef-noodles-dry,Beef noodles (dry),,Grains and staples,Grains and staples,Noodle/Pasta-based dishes,"Noodles with sliced beef, vegetables and gravy, served with chilli and lime",1 bowl(s) = 497g,Per Serving (497g),475,96,Per 100g,19.75,83.9,6.68,,photo,FALSE,Lab Analysis,2025
beef-noodles-soup,Beef noodles (soup),,Grains and staples,Grains and staples,Noodle/Pasta-based dishes,Noodles served with sliced beef and vegetables in soup,1 bowl(s) = 785g,Per Serving (785g),589,75,Per 100g,45.14,87.14,7.07,,photo,FALSE,Lab Analysis,2025
beef-pho,Beef pho,,Grains and staples,Grains and staples,Noodle/Pasta-based dishes,Vietnamese rice noodle soup with sliced beef and beef balls in broth flavoured with star anise and herbs,1 bowl(s) = 879g,Per Serving (879g),765,87,Per 100g,56.61,106.27,12.92,,photo,FALSE,Lab Analysis,2026
beef-tripe-noodles-soup,Beef tripe noodles (soup),,Grains and staples,Grains and staples,Noodle/Pasta-based dishes,Noodles with beef tripe in clear broth,1 bowl(s) = 293g,Per Serving (293g),398,136,Per 100g,31.64,41.02,12.01,,photo,FALSE,Lab Analysis,2010
beef-udon-soup,Beef udon (soup),,Grains and staples,Grains and staples,Noodle/Pasta-based dishes,Japanese udon noodles served with sliced beef in soup,1 bowl(s) = 632g,Per Serving (632g),461,73,Per 100g,24.52,54.6,15.8,,photo,FALSE,Lab Analysis,2010
beehoon-soup,Beehoon (soup),,Grains and staples,Grains and staples,Noodle/Pasta-based dishes,Bee hoon with fishballs and vegetables in soup,1 bowl(s) = 675g,Per Serving (675g),162,24,Per 100g,14.38,20.59,2.7,,photo,FALSE,Lab Analysis,2025
beehoon-soto,Beehoon soto,,Grains and staples,Grains and staples,Noodle/Pasta-based dishes,Rice vermicelli in spiced yellow chicken soup,1 bowl(s) = 747g,Per Serving (747g),665,89,Per 100g,35.86,82.39,21.66,,photo,FALSE,Lab Analysis,2026
braised-beef-tendon-noodles-soup,Braised beef tendon noodles (soup),,Grains and staples,Grains and staples,Noodle/Pasta-based dishes,Braised beef tendon with rice noodles served in soup,1 bowl(s) = 444g,Per Serving (444g),462,104,Per 100g,33.74,69.26,5.33,,photo,FALSE,Lab Analysis,2010
carbonara,Carbonara,,Grains and staples,Grains and staples,Noodle/Pasta-based dishes,"Italian pasta dish with creamy sauce made from eggs, cheese, black pepper and pancetta or bacon",1 plate(s) = 451g,Per Serving (451g),735,163,Per 100g,31.39,79.6,32.47,,photo,FALSE,Lab Analysis,2023
char-kway-teow,Char kway teow,,Grains and staples,Grains and staples,Noodle/Pasta-based dishes,"Mixture of broad, flat rice noodles and yellow noodles stir-fried with cockles, Chinese sausage, sliced fishcake, vegetables and egg in sweet dark soy sauce",1 plate(s) = 480g,Per Serving (480g),989,206,Per 100g,25.73,125.04,42.72,,photo,FALSE,Lab Analysis,2025
char-siew-noodles,Char siew noodles,,Grains and staples,Grains and staples,Noodle/Pasta-based dishes,"Yellow noodles stir-fried with vegetables, char siew and spring onion in soya sauce",1 plate(s) = 380g,Per Serving (380g),528,139,Per 100g,26.98,64.41,18.05,,photo,FALSE,Lab Analysis,2025
chashu-ramen,Chashu ramen,,Grains and staples,Grains and staples,Noodle/Pasta-based dishes,"Japanese-style egg noodles topped with 2 slices of pork charsiew, black fungus, seaweed, bean sprouts and green onions in rich broth",1 bowl(s) = 591g,Per Serving (591g),585,99,Per 100g,33.69,70.92,18.62,,photo,FALSE,Lab Analysis,2025
chicken-and-mushroom-noodles-dry,Chicken and mushroom noodles (dry),,Grains and staples,Grains and staples,Noodle/Pasta-based dishes,"Dry egg noodles with shredded chicken, mushroom and green vegetables in oyster sauce gravy",1 bowl(s) = 397g,Per Serving (397g),441,111,Per 100g,26.6,50.42,14.69,,photo,FALSE,Lab Analysis,2010
chicken-and-mushroom-noodles-soup,Chicken and mushroom noodles (soup),,Grains and staples,Grains and staples,Noodle/Pasta-based dishes,Egg noodles in broth with chicken and black mushrooms,1 bowl(s) = 653g,Per Serving (653g),346,53,Per 100g,28.73,43.75,6.53,,photo,FALSE,Lab Analysis,2010
chicken-chop-spaghetti,Chicken chop spaghetti,,Grains and staples,Grains and staples,Noodle/Pasta-based dishes,Chicken chop with gravy and tomato spaghetti,1 piece(s) = 617g,Per Serving (617g),802,130,Per 100g,53.62,80.95,29.12,,photo,FALSE,Derived,2026
chicken-feet-noodles-dry,Chicken feet noodles (dry),,Grains and staples,Grains and staples,Noodle/Pasta-based dishes,"Braised chicken feet served with noodle, dry",1 bowl(s) = 409g,Per Serving (409g),487,119,Per 100g,20.04,64.62,16.36,,photo,FALSE,Lab Analysis,2010
chicken-feet-noodles-soup,Chicken feet noodles (soup),,Grains and staples,Grains and staples,Noodle/Pasta-based dishes,Braised chicken feet served with noodle in soup,1 bowl(s) = 628g,Per Serving (628g),452,72,Per 100g,25.12,53.38,15.7,,photo,FALSE,Lab Analysis,2010
chicken-macaroni-soup,Chicken macaroni soup,,Grains and staples,Grains and staples,Noodle/Pasta-based dishes,Boiled macaroni with chicken and vegetables in chicken broth,1 bowl(s) = 606g,Per Serving (606g),279,46,Per 100g,19.39,37.27,5.76,,photo,FALSE,Lab Analysis,2025
chilli-ban-mian,Chilli ban mian,,Grains and staples,Grains and staples,Noodle/Pasta-based dishes,"Hand made flat wheat noodles in spicy broth with minced pork, mushrooms, anchovies and vegetable",1 bowl(s) = 411g,Per Serving (411g),678,165,Per 100g,31.4,82.78,24.66,,photo,FALSE,Lab Analysis,2023
claypot-ee-mee,Claypot ee mee,,Grains and staples,Grains and staples,Noodle/Pasta-based dishes,"Ee mee with fried tofu, carrot, cabbage, mushroom, in claypot",1 plate(s) = 500g,Per Serving (500g),470,94,Per 100g,18,41.5,25.5,,photo,FALSE,Lab Analysis,2010
crayfish-hor-fun,Crayfish hor fun,,Grains and staples,Grains and staples,Noodle/Pasta-based dishes,"Stir-fried rice noodle, with crayfish with shell, black mushroom and shredded chicken meat, in soya gravy",1 plate(s) = 602g,Per Serving (602g),486,85,Per 100g,12.18,70.11,17.73,,photo,FALSE,Lab Analysis,2010
crayfish-pasta,Crayfish pasta,,Grains and staples,Grains and staples,Noodle/Pasta-based dishes,Pasta tossed with crayfish meat in creamy or tomato-based sauce,1 plate(s) = 562g,Per Serving (562g),742,132,Per 100g,31.47,73.06,36.14,,photo,FALSE,Lab Analysis,2018
creamy-chicken-pasta,Creamy chicken pasta,,Grains and staples,Grains and staples,Noodle/Pasta-based dishes,Pasta tossed with diced chicken in rich white cream sauce,1 plate(s) = 530g,Per Serving (530g),843,159,Per 100g,43.99,62.01,46.69,,photo,FALSE,Lab Analysis,2018
creamy-mushroom-pasta,Creamy mushroom pasta,,Grains and staples,Grains and staples,Noodle/Pasta-based dishes,Pasta tossed with assorted mushrooms in rich white cream sauce,1 plate(s) = 442g,Per Serving (442g),597,135,Per 100g,18.56,56.58,32.93,,photo,FALSE,Lab Analysis,2018
curry-chicken-noodles,Curry chicken noodles,,Grains and staples,Grains and staples,Noodle/Pasta-based dishes,"Chicken and potato simmered with curry spices, coconut milk and tofu, served with noodles",1 bowl(s) = 685g,Per Serving (685g),680,102,Per 100g,39.15,48.36,36.35,,photo,FALSE,Lab Analysis,2025
dan-dan-noodles,Dan dan noodles,,Grains and staples,Grains and staples,Noodle/Pasta-based dishes,Sichuan-style noodles with spicy minced pork sauce and vegetables in soup,1 bowl(s) = 516g,Per Serving (516g),789,153,Per 100g,18.89,83.08,42.05,,photo,FALSE,Lab Analysis,2025
double-fish-beehoon-soup-no-milk,Double fish beehoon soup (no milk),,Grains and staples,Grains and staples,Noodle/Pasta-based dishes,"Mix of fresh and deep-fried sliced fish pieces, vegetables and thick beehoon in clear broth",1 bowl(s) = 801g,Per Serving (801g),473,59,Per 100g,21.63,77.54,13.7,,photo,FALSE,Derived,2026
double-fish-beehoon-soup-with-milk,Double fish beehoon soup (with milk),,Grains and staples,Grains and staples,Noodle/Pasta-based dishes,"Mix of fresh and deep-fried sliced fish pieces, vegetables and thick beehoon in creamy soup broth from the addition of evaporated milk",1 bowl(s) = 818g,Per Serving (818g),515,63,Per 100g,23.64,66.75,19.96,,photo,FALSE,Derived,2026
duck-noodles-dry,Duck noodles (dry),,Grains and staples,Grains and staples,Noodle/Pasta-based dishes,"Egg noodles with shredded braised duck meat, skin and green vegetables in black gravy",1 plate(s) = 366g,Per Serving (366g),484,134,Per 100g,23.97,61.17,15.83,,photo,FALSE,Derived,2026
duck-noodles-soup,Duck noodles (soup),,Grains and staples,Grains and staples,Noodle/Pasta-based dishes,"Thin egg noodles with shredded braised duck meat, skin and green vegetables served in soup",1 bowl(s) = 758g,Per Serving (758g),523,69,Per 100g,32.22,77.85,9.48,,photo,FALSE,Lab Analysis,2026
economic-beehoon-curry-vegetables-luncheon-meat-fried-egg,"Economic beehoon (curry vegetables, luncheon meat, fried egg)",,Grains and staples,Grains and staples,Noodle/Pasta-based dishes,"Stir-fried rice vermicelli served with curry vegetables, luncheon meat and fried egg",1 plate(s) = 591g,Per Serving (591g),804,136,Per 100g,22.4,89,39.72,,photo,FALSE,Derived,2026
economic-beehoon-other-vegetables-luncheon-meat-fried-egg,"Economic beehoon (other vegetables, luncheon meat, fried egg)",,Grains and staples,Grains and staples,Noodle/Pasta-based dishes,"Stir-fried rice vermicelli served with other various vegetables, deep-fried luncheon meat and egg",1 plate(s) = 386g,Per Serving (386g),621,161,Per 100g,17.72,78.9,25.78,,photo,FALSE,Derived,2026
economic-beehoon-with-chicken-cutlet-and-egg,Economic beehoon with chicken cutlet and egg,,Grains and staples,Grains and staples,Noodle/Pasta-based dishes,Stir-fried rice vermicelli served with deep-fried chicken cutlet and egg,1 plate(s) = 488g,Per Serving (488g),996,204,Per 100g,51.73,90.72,47.29,,photo,FALSE,Derived,2026
economic-beehoon-with-chicken-wing-and-egg,Economic beehoon with chicken wing and egg,,Grains and staples,Grains and staples,Noodle/Pasta-based dishes,Stir-fried rice vermicelli served with deep-fried chicken wing,1 plate(s) = 350g,Per Serving (350g),581,180,Per 100g,25.09,67.32,23.31,,photo,FALSE,Derived,2026
economic-beehoon-with-fishcake-and-egg,Economic beehoon with fishcake and egg,,Grains and staples,Grains and staples,Noodle/Pasta-based dishes,Stir-fried rice vermicelli served with fishcake and egg,1 plate(s) = 335g,Per Serving (335g),492,147,Per 100g,18.96,69.85,15.18,,photo,FALSE,Derived,2026
economic-beehoon-with-fishcake-fish-cake-fillet-and-egg,"Economic beehoon with fishcake, fish cake fillet and egg",,Grains and staples,Grains and staples,Noodle/Pasta-based dishes,"Stir-fried rice vermicelli served with fishcake, deep-fried fish paste shaped into fillet and egg",1 plate(s) = 385g,Per Serving (385g),574,149,Per 100g,24.06,80.27,17.33,,photo,FALSE,Derived,2026
economic-beehoon-with-otah-chicken-wing-and-egg,"Economic beehoon with otah, chicken wing and egg",,Grains and staples,Grains and staples,Noodle/Pasta-based dishes,"Stir-fried rice vermicelli served with griled spicy fish paste (otah), deep-fried chicken wing and egg",1 plate(s) = 379g,Per Serving (379g),608,173,Per 100g,26.8,68.79,25.15,,photo,FALSE,Derived,2026
fish-ball-tunghoon-soup,Fish ball tunghoon (soup),,Grains and staples,Grains and staples,Noodle/Pasta-based dishes,"Tunghoon served in soup, together with fish balls, thinly sliced fish cake and bean sprouts",1 bowl(s) = 527g,Per Serving (527g),216,41,Per 100g,11.86,37.73,2.16,,photo,FALSE,Lab Analysis,2010
fishball-noodles-dry,Fishball noodles (dry),,Grains and staples,Grains and staples,Noodle/Pasta-based dishes,"Noodles with 5 fishballs, fishcake and sliced vegetables served with sauce",1 bowl(s) = 377g,Per Serving (377g),532,141,Per 100g,20.4,76.53,15.83,,photo,FALSE,Lab Analysis,2025
fishball-noodles-soup,Fishball noodles (soup),,Grains and staples,Grains and staples,Noodle/Pasta-based dishes,"Thick, yellow egg noodles served in soup with 5 fishballs, thinly sliced fishcake and vegetables",1 bowl(s) = 798g,Per Serving (798g),519,65,Per 100g,33.52,82.19,5.98,,photo,FALSE,Lab Analysis,2025
fried-fish-beehoon-soup-no-milk,Fried fish beehoon soup (no milk),,Grains and staples,Grains and staples,Noodle/Pasta-based dishes,"Deep-fried sliced fish pieces, vegetables and thick beehoon in clear broth",1 bowl(s) = 793g,Per Serving (793g),555,70,Per 100g,22.36,77.24,20.86,,photo,FALSE,Derived,2026
fried-fish-beehoon-soup-with-milk,Fried fish beehoon soup (with milk),,Grains and staples,Grains and staples,Noodle/Pasta-based dishes,"Deep-fried sliced fish pieces, vegetables and thick beehoon in creamy soup broth from the addition of evaporated milk",1 bowl(s) = 848g,Per Serving (848g),619,73,Per 100g,21.54,80.05,29,,photo,FALSE,Derived,2026
fried-mee-siam,Fried mee siam,,Grains and staples,Grains and staples,Noodle/Pasta-based dishes,"Thin rice bee hoon with hard-boiled egg and fried beancurd, stir-fried in tangy soup-based gravy till dry, served with lime",1 plate(s) = 343g,Per Serving (343g),596,177,Per 100g,16.14,78.52,24.26,,photo,FALSE,Lab Analysis,2025
fried-seafood-noodles,Fried seafood noodles,,Grains and staples,Grains and staples,Noodle/Pasta-based dishes,Thin egg noodle fried with seafood and lettuce,1 plate(s) = 482g,Per Serving (482g),824,171,Per 100g,33.74,87.29,37.6,,photo,FALSE,Lab Analysis,2026
fried-tunghoon,Fried tunghoon,,Grains and staples,Grains and staples,Noodle/Pasta-based dishes,"Glass noodles fried with prawn, black mushroom and chye sim",1 plate(s) = 437g,Per Serving (437g),498,114,Per 100g,17.04,54.19,23.6,,photo,FALSE,Lab Analysis,2010
grilled-fish-pasta,Grilled fish pasta,,Grains and staples,Grains and staples,Noodle/Pasta-based dishes,"Grilled salmon fillet, served with tomato based pasta",1 plate(s) = 491g,Per Serving (491g),707,144,Per 100g,41.29,70.46,29.07,,photo,FALSE,Derived,2026
hokkien-mee,Hokkien mee,,Grains and staples,Grains and staples,Noodle/Pasta-based dishes,"Fried mixture of yellow noodles and thick rice vermicelli with prawns, squid, pork and eggs, served with lime",1 plate(s) = 549g,Per Serving (549g),830,152,Per 100g,29.48,79.44,43.41,,photo,FALSE,Lab Analysis,2025
indian-style-beehoon-goreng,Indian style beehoon goreng,,Grains and staples,Grains and staples,Noodle/Pasta-based dishes,Thin rice noodles stir fried with eggs and tomato sauce,1 plate(s) = 441g,Per Serving (441g),697,158,Per 100g,24.48,80.53,30.83,,photo,FALSE,Lab Analysis,2023
ipoh-hor-fun,Ipoh hor fun,,Grains and staples,Grains and staples,Noodle/Pasta-based dishes,"Broad rice noodles topped with shredded chicken, braised black mushrooms and vegetables, served with gravy",1 bowl(s) = 430g,Per Serving (430g),447,104,Per 100g,16.77,76.97,7.74,,photo,FALSE,Lab Analysis,2025
kolo-mee,Kolo mee,,Grains and staples,Grains and staples,Noodle/Pasta-based dishes,Sarawak-style dry noodles tossed in shallot oil with minced pork and char siu,1 bowl(s) = 318g,Per Serving (318g),604,190,Per 100g,32.85,61.31,25.12,,photo,FALSE,Lab Analysis,2023
kway-chap,Kway chap,,Grains and staples,Grains and staples,Noodle/Pasta-based dishes,"Flat rice noodles with braised pork, pig's intestines and kidney, egg and beancurd puff in dark soup",1 bowl(s) = 928g,Per Serving (928g),1021,110,Per 100g,49.09,115.35,40.92,,photo,FALSE,Derived,2026
laksa,Laksa,,Grains and staples,Grains and staples,Noodle/Pasta-based dishes,"Thick rice vermicelli served with thick coconut milk soup, beancurd, cockles and fishcake",1 bowl(s) = 604g,Per Serving (604g),429,71,Per 100g,19.99,47.41,17.82,,photo,FALSE,Lab Analysis,2025
lor-mee,Lor mee,,Grains and staples,Grains and staples,Noodle/Pasta-based dishes,"Yellow noodles with meat, egg and fishcake in thick dark gravy",1 bowl(s) = 716g,Per Serving (716g),695,97,Per 100g,25.13,105.97,18.97,,photo,FALSE,Lab Analysis,2025
mac-and-cheese,Mac and cheese,,Grains and staples,Grains and staples,Noodle/Pasta-based dishes,Macaroni pasta in creamy cheese sauce,1 plate(s) = 140g,Per Serving (140g),196,140,Per 100g,6.03,34.22,3.85,,photo,FALSE,Lab Analysis,2023
marinara-pasta,Marinara pasta,,Grains and staples,Grains and staples,Noodle/Pasta-based dishes,Pasta served with tomato-based marinara sauce,1 plate(s) = 453g,Per Serving (453g),467,103,Per 100g,15.63,77.96,9.97,,photo,FALSE,Lab Analysis,2026
meatball-pasta,Meatball pasta,,Grains and staples,Grains and staples,Noodle/Pasta-based dishes,Beef or pork meatballs with pasta in tomato-based sauce,1 plate(s) = 540g,Per Serving (540g),589,109,Per 100g,33.97,60.97,23.17,,photo,FALSE,Lab Analysis,2018
mee-bandung,Mee bandung,,Grains and staples,Grains and staples,Noodle/Pasta-based dishes,"Yellow noodle with prawn, chye sim, egg, cucumber, pea, onion, tomato, cabbage, tomato, chilli sauce, fried",1 bowl(s) = 330g,Per Serving (330g),327,99,Per 100g,14.19,41.25,11.55,,photo,FALSE,Lab Analysis,2010
mee-goreng,Mee goreng,,Grains and staples,Grains and staples,Noodle/Pasta-based dishes,"Yellow noodles fried with egg and tomato sauce, served with cucumber",1 plate(s) = 465g,Per Serving (465g),856,184,Per 100g,26.46,111.37,33.95,,photo,FALSE,Lab Analysis,2025
mee-hoon-kway-dry,Mee hoon kway (dry),,Grains and staples,Grains and staples,Noodle/Pasta-based dishes,"Dry hand-made noodle, served with beaten egg, minced pork, chye sim and ikan bilis",1 bowl(s) = 422g,Per Serving (422g),603,143,Per 100g,26.54,84.1,17.94,,photo,FALSE,Lab Analysis,2023
mee-hoon-kway-soup,Mee hoon kway (soup),,Grains and staples,Grains and staples,Noodle/Pasta-based dishes,"Hand-made noodles in broth with beaten egg, minced pork, anchovies and vegetables",1 bowl(s) = 901g,Per Serving (901g),883,98,Per 100g,37.21,122.99,27.03,,photo,FALSE,Lab Analysis,2025
mee-kuah,Mee kuah,,Grains and staples,Grains and staples,Noodle/Pasta-based dishes,"Thick yellow noodles soaked in a thick spicy orange red gravy, filled with onion slices, and bits of minced mutton",1 bowl(s) = 533g,Per Serving (533g),533,100,Per 100g,4.21,37.31,40.72,,photo,FALSE,Lab Analysis,2010
mee-rebus,Mee rebus,,Grains and staples,Grains and staples,Noodle/Pasta-based dishes,"Thick, yellow egg noodles served in thick spicy gravy with hard-boiled eggs, tofu, vegetables, shallots, lime and chilli",1 plate(s) = 619g,Per Serving (619g),729,118,Per 100g,26.27,99.19,25.34,,photo,FALSE,Lab Analysis,2025
mee-siam,Mee siam,,Grains and staples,Grains and staples,Noodle/Pasta-based dishes,"Thin rice bee hoon with hard-boiled egg, tofu and lime, served in spicy, tangy asam-based soup",1 plate(s) = 731g,Per Serving (731g),864,119,Per 100g,23.09,124.15,30.49,,photo,FALSE,Lab Analysis,2025
mee-soto,Mee soto,,Grains and staples,Grains and staples,Noodle/Pasta-based dishes,Yellow noodles with shredded chicken in spicy soup,1 bowl(s) = 622g,Per Serving (622g),442,71,Per 100g,20.59,77.75,5.29,,photo,FALSE,Lab Analysis,2025
mini-thai-pork-boat-noodles-soup,Mini Thai pork boat noodles (soup),,Grains and staples,Grains and staples,Noodle/Pasta-based dishes,Thai-style mini pork meatballs with kway teow soup and vegetables,1 bowl(s) = 250g,Per Serving (250g),188,75,Per 100g,10,24.5,5.48,,photo,FALSE,Lab Analysis,2018
mini-wok-noodles-soup,Mini wok noodles (soup),,Grains and staples,Grains and staples,Noodle/Pasta-based dishes,"Seasoned egg noodles (mee pok) served with soup containing seafood, minced meat, vegetables, egg and tofu",1 set(s) = 811g,Per Serving (811g),846,105,Per 100g,50.71,79.97,35.87,,photo,FALSE,Derived,2026
miso-ramen,Miso ramen,,Grains and staples,Grains and staples,Noodle/Pasta-based dishes,"Japanese-style egg noodles topped with preserved radish, fishcakes, sliced pork charsiew and seaweed in miso-based broth",1 bowl(s) = 682g,Per Serving (682g),791,116,Per 100g,43.65,79.59,32.74,,photo,FALSE,Lab Analysis,2026
penang-prawn-noodles,Penang prawn noodles,,Grains and staples,Grains and staples,Noodle/Pasta-based dishes,Yellow noodles served with whole prawns in spicy prawn-based broth,1 bowl(s) = 685g,Per Serving (685g),527,77,Per 100g,32.88,70.56,8.91,,photo,FALSE,Lab Analysis,2010
pesto-pasta,Pesto pasta,,Grains and staples,Grains and staples,Noodle/Pasta-based dishes,Plain pasta with served pesto sauce,1 plate(s) = 415g,Per Serving (415g),813,196,Per 100g,21.04,79.27,45.86,,photo,FALSE,Lab Analysis,2025
plain-fried-beehoon,Plain fried beehoon,,Grains and staples,Grains and staples,Noodle/Pasta-based dishes,"Rice noodles, with bean sprouts, fried",1 plate(s) = 238g,Per Serving (238g),343,144,Per 100g,5.62,66.19,6.09,,photo,FALSE,Derived,2026
plain-fried-yellow-noodles,Plain fried yellow noodles,,Grains and staples,Grains and staples,Noodle/Pasta-based dishes,Stir-fried yellow wheat noodles,1 plate(s) = 240g,Per Serving (240g),338,141,Per 100g,10.8,54.48,8.64,,photo,FALSE,Lab Analysis,2010
pork-chop-spaghetti,Pork chop spaghetti,,Grains and staples,Grains and staples,Noodle/Pasta-based dishes,Pork chop with tomato spaghetti,1 plate(s) = 406g,Per Serving (406g),459,113,Per 100g,34.27,39.87,17.86,,photo,FALSE,Lab Analysis,2018
pork-dumpling-ban-mian-soup,Pork dumpling ban mian (soup),,Grains and staples,Grains and staples,Noodle/Pasta-based dishes,Hand made flat wheat noodles with pork dumplings in soup,1 bowl(s) = 894g,Per Serving (894g),635,71,Per 100g,31.29,87.52,17.97,,photo,FALSE,Lab Analysis,2018
pork-kidney-meesua-soup,Pork kidney meesua soup,,Grains and staples,Grains and staples,Noodle/Pasta-based dishes,"Thin rice noodles cooked with pork kidney and green vegetables, boiled",1 bowl(s) = 578g,Per Serving (578g),277,48,Per 100g,15.61,38.15,7.51,,photo,FALSE,Lab Analysis,2010
pork-ribs-noodles,Pork ribs noodles,,Grains and staples,Grains and staples,Noodle/Pasta-based dishes,"Yellow noodles with 5 pieces of braised pork ribs, black mushroom and chye sim in soya gravy",1 plate(s) = 631g,Per Serving (631g),1048,175,Per 100g,70.98,79.37,49.42,,photo,FALSE,Lab Analysis,2025
pork-wanton-in-chilli-vinaigrette-noodles-dry,Pork wanton in chilli vinaigrette noodles (dry),,Grains and staples,Grains and staples,Noodle/Pasta-based dishes,Noodles with pork dumplings in spicy vinegar sauce,1 plate(s) = 511g,Per Serving (511g),981,192,Per 100g,39.35,105.52,44.46,,photo,FALSE,Lab Analysis,2023
prawn-aglio-olio,Prawn aglio olio,,Grains and staples,Grains and staples,Noodle/Pasta-based dishes,"Spaghetti drizzled with olive oil, served with prawn and chilli padi",1 plate(s) = 481g,Per Serving (481g),919,230,Per 100g,31.89,95.34,21.42,,photo,FALSE,Derived,2026
prawn-noodles-dry,Prawn noodles (dry),,Grains and staples,Grains and staples,Noodle/Pasta-based dishes,"Yellow noodles served with whole prawns, lean pork and gravy",1 bowl(s) = 396g,Per Serving (396g),389,130,Per 100g,14.97,60.38,9.71,,photo,FALSE,Lab Analysis,2025
prawn-noodles-soup,Prawn noodles (soup),,Grains and staples,Grains and staples,Noodle/Pasta-based dishes,"Yellow noodles served with whole prawns, lean pork, fishcake and vegetables in prawn-based soup",1 bowl(s) = 732g,Per Serving (732g),478,66,Per 100g,24.29,77.57,8.34,,photo,FALSE,Lab Analysis,2025
red-wine-chicken-meesua,Red wine chicken meesua,,Grains and staples,Grains and staples,Noodle/Pasta-based dishes,"Meesua in red wine chicken soup, radish and vegetables",1 bowl(s) = 669g,Per Serving (669g),431,70,Per 100g,38.78,38.78,13.54,,photo,FALSE,Lab Analysis,2010
satay-beehoon,Satay beehoon,,Grains and staples,Grains and staples,Noodle/Pasta-based dishes,"Beehoon with cuttlefish and kangkong, served in satay sauce",1 plate(s) = 492g,Per Serving (492g),679,138,Per 100g,25.83,68.39,33.7,,photo,FALSE,Lab Analysis,2026
seafood-beehoon-soup,Seafood beehoon (soup),,Grains and staples,Grains and staples,Noodle/Pasta-based dishes,"Thick beehoon, cooked with prawn, with shell, squids, fish slices, seaweed, pork and green vegetablees, in soup",1 bowl(s) = 863g,Per Serving (863g),390,48,Per 100g,25.2,59.43,5.69,,photo,FALSE,Lab Analysis,2026
seafood-claypot-noodles,Seafood claypot noodles,,Grains and staples,Grains and staples,Noodle/Pasta-based dishes,"Egg noodles cooked with seafood and vegetables, served in a claypot",1 bowl(s) = 555g,Per Serving (555g),677,122,Per 100g,29.97,42.18,43.29,,photo,FALSE,Lab Analysis,2010
seafood-ee-mee,Seafood ee mee,,Grains and staples,Grains and staples,Noodle/Pasta-based dishes,"Egg noodles cooked with mixed seafood and vegetables, boiled",1 plate(s) = 572g,Per Serving (572g),721,126,Per 100g,40.9,78.08,25.68,,photo,FALSE,Lab Analysis,2010
seafood-hor-fun,Seafood hor fun,,Grains and staples,Grains and staples,Noodle/Pasta-based dishes,"Fried flat rice noodles with prawns, crabstick, sliced fish and vegetables, served in thick egg-based gravy",1 plate(s) = 676g,Per Serving (676g),586,87,Per 100g,16.65,86.61,18.87,,photo,FALSE,Lab Analysis,2025
seafood-tom-yum-ban-mian-soup,Seafood tom yum ban mian (soup),,Grains and staples,Grains and staples,Noodle/Pasta-based dishes,"Thai-style, spicy and tangy soup, cooked with mixed seafood and hand made flat wheat noodles",1 bowl(s) = 1057g,Per Serving (1057g),613,58,Per 100g,33.72,89.74,13.64,,photo,FALSE,Lab Analysis,2018
shoyu-ramen,Shoyu ramen,,Grains and staples,Grains and staples,Noodle/Pasta-based dishes,"Japanese-style egg noodles topped with sliced pork charsiew, fish cake and bamboo shoots in soy sauce-based broth",1 bowl(s) = 659g,Per Serving (659g),633,96,Per 100g,33.54,61.29,27.88,,photo,FALSE,Lab Analysis,2018
shrimp-dumpling-noodles-dry,Shrimp dumpling noodles (dry),,Grains and staples,Grains and staples,Noodle/Pasta-based dishes,"Egg noodle with boiled shrimp dumplings, served dry with gravy",1 bowl(s) = 399g,Per Serving (399g),547,137,Per 100g,24.94,60.57,22.94,,photo,FALSE,Lab Analysis,2023
shrimp-dumpling-noodles-soup,Shrimp dumpling noodles (soup),,Grains and staples,Grains and staples,Noodle/Pasta-based dishes,Egg noodle with boiled shrimp dumplings served in clear soup broth,1 bowl(s) = 716g,Per Serving (716g),444,62,Per 100g,26.49,69.17,6.44,,photo,FALSE,Lab Analysis,2023
sliced-fish-beehoon-soup-no-milk,Sliced fish beehoon soup (no milk),,Grains and staples,Grains and staples,Noodle/Pasta-based dishes,"Fresh sliced fish pieces, vegetables and thick beehoon in clear broth",1 bowl(s) = 811g,Per Serving (811g),389,48,Per 100g,21,78.02,6.65,,photo,FALSE,Derived,2026
sliced-fish-beehoon-soup-with-milk,Sliced fish beehoon soup (with milk),,Grains and staples,Grains and staples,Noodle/Pasta-based dishes,"Thick rice vermicelii, fresh sliced fish pieces and vegetables in creamy soup broth from the addition of evaporated milk",1 bowl(s) = 600g,Per Serving (600g),294,49,Per 100g,20.34,38.1,6.3,,photo,FALSE,Derived,2026
sliced-fish-hor-fun,Sliced fish hor fun,,Grains and staples,Grains and staples,Noodle/Pasta-based dishes,"Flat hor fun noodles with thinly sliced fish and vegetables, together with egg sauce",1 plate(s) = 707g,Per Serving (707g),933,132,Per 100g,29.84,86.32,51.89,,photo,FALSE,Lab Analysis,2023
soto-ayam,Soto ayam,,Grains and staples,Grains and staples,Noodle/Pasta-based dishes,"Soup containing shredded chicken, bean sprouts and rice cakes (ketupat)",1 bowl(s) = 569g,Per Serving (569g),216,38,Per 100g,19.35,17.64,7.97,,photo,FALSE,Lab Analysis,2010
soya-sauce-chicken-noodles-dry,Soya sauce chicken noodles (dry),,Grains and staples,Grains and staples,Noodle/Pasta-based dishes,"Dry thin wheat noodles with chicken, chye sim, soy sauce and chilli sauce",1 plate(s) = 352g,Per Serving (352g),444,137,Per 100g,25.68,39.41,19.24,,photo,FALSE,Lab Analysis,2010
stir-fried-beehoon-with-chicken-and-egg,Stir fried beehoon with chicken and egg,,Grains and staples,Grains and staples,Noodle/Pasta-based dishes,"Thin rice noodles fried with chye sim, black mushroom, chicken and egg",1 plate(s) = 284g,Per Serving (284g),369,130,Per 100g,21.3,46.41,10.93,,photo,FALSE,Lab Analysis,2010
suan-la-fen,Suan la fen,,Grains and staples,Grains and staples,Noodle/Pasta-based dishes,Chinese spicy-sour glass noodles in soup,1 bowl(s) = 662g,Per Serving (662g),437,66,Per 100g,9.27,68.19,14.43,,photo,FALSE,Lab Analysis,2010
suan-la-mian,Suan la mian,,Grains and staples,Grains and staples,Noodle/Pasta-based dishes,Chinese spicy-sour wheat noodles in soup,1 bowl(s) = 720g,Per Serving (720g),562,78,Per 100g,21.6,72,20.45,,photo,FALSE,Lab Analysis,2018
thai-seafood-tom-yum-noodle-soup,Thai seafood tom yum noodle (soup),,Grains and staples,Grains and staples,Noodle/Pasta-based dishes,Thai-style noodles cooked with mixed seafood in spicy and tangy  broth,1 bowl(s) = 1057g,Per Serving (1057g),613,58,Per 100g,33.82,89.85,13.64,,photo,FALSE,Lab Analysis,2018
thick-beehoon,Thick beehoon,,Grains and staples,Grains and staples,Noodle/Pasta-based dishes,Thick and chewy noodles made from rice flour,1 bowl(s) = 200g,Per Serving (200g),242,121,Per 100g,3.14,56,0.56,,photo,FALSE,Derived,2026
vegetable-ban-mian-soup,Vegetable ban mian (soup),,Grains and staples,Grains and staples,Noodle/Pasta-based dishes,Hand made flat wheat noodles with vegetables in clear broth,1 bowl(s) = 989g,Per Serving (989g),534,54,Per 100g,25.71,78.13,12.86,,photo,FALSE,Lab Analysis,2018
vongole-pasta,Vongole pasta,,Grains and staples,Grains and staples,Noodle/Pasta-based dishes,Italian pasta with clams in white wine sauce,1 plate(s) = 402g,Per Serving (402g),233,88,Per 100g,9.29,34.76,6.37,,photo,FALSE,Lab Analysis,2010
wanton-noodles-dry,Wanton noodles (dry),,Grains and staples,Grains and staples,Noodle/Pasta-based dishes,"Egg noodles with 3 boiled minced pork wanton dumplings, sliced char siew, vegetables, topped with lard",1 bowl(s) = 388g,Per Serving (388g),625,161,Per 100g,33.72,74.11,21.34,,photo,FALSE,Lab Analysis,2025
wanton-noodles-soup,Wanton noodles (soup),,Grains and staples,Grains and staples,Noodle/Pasta-based dishes,"3 minced pork wanton dumplings with noodles, sliced char siew and vegetables in soup",1 bowl(s) = 678g,Per Serving (678g),644,95,Per 100g,49.36,81.36,13.56,,photo,FALSE,Lab Analysis,2025
white-bee-hoon,White bee hoon,,Grains and staples,Grains and staples,Noodle/Pasta-based dishes,Singaporean dish of rice vermicelli in white sauce with seafood and vegetables,1 plate(s) = 656g,Per Serving (656g),643,98,Per 100g,20.66,79.7,26.57,,photo,FALSE,Lab Analysis,2024
zha-jiang-mian,Zha jiang mian,,Grains and staples,Grains and staples,Noodle/Pasta-based dishes,Chinese noodle dish topped with minced pork sauce made from soybean paste and sweet bean sauce,1 bowl(s) = 462g,Per Serving (462g),670,145,Per 100g,26.33,77.62,28.41,,photo,FALSE,Lab Analysis,2010
braised-duck-noodles-dry,Braised duck noodles (dry),,Grains and staples,Grains and staples,Noodle/Pasta-based dishes,"Egg noodles with shredded braised duck meat, skin and green vegetables in black gravy",1 plate(s) = 410g,Per Serving (410g),492,120,Per 100g,21.03,75.65,11.69,,photo,FALSE,Lab Analysis,2025
roasted-duck-noodles-dry,Roasted duck noodles (dry),,Grains and staples,Grains and staples,Noodle/Pasta-based dishes,"Egg noodles with sliced roasted duck meat, skin and green vegetables in sauce",1 plate(s) = 321g,Per Serving (321g),474,152,Per 100g,26.83,46.49,19.97,,photo,FALSE,Lab Analysis,2025
kway-chap-noodle-slices-and-soup-together,Kway chap (noodle slices and soup together),,Grains and staples,Grains and staples,Noodle/Pasta-based dishes,Flat rice noodle sheets served in savoury broth with braised ingredients,1 bowl(s) = 680g,Per Serving (680g),503,74,Per 100g,7.68,107.78,4.76,,photo,FALSE,Lab Analysis,2025
cooked-brown-rice-beehoon,Cooked brown rice beehoon,,Grains and staples,Grains and staples,Noodles and pasta,"Cooked rice noodle, light brown in colour, soft tender texture with mild nutty taste.",1 bowl(s) = 200g,Per Serving (200g),738,369,Per 100g,15.8,151.6,6.06,,photo,FALSE,Borrowed,2025
cooked-egg-noodles,Cooked egg noodles,,Grains and staples,Grains and staples,Noodles and pasta,"Cooked wheat noodle, yellow in colour, soft tender texture with rich egg taste.",1 bowl(s) = 200g,Per Serving (200g),276,138,Per 100g,9.08,50.32,4.14,,photo,FALSE,Borrowed,2025
cooked-japanese-soba,Cooked Japanese soba,,Grains and staples,Grains and staples,Noodles and pasta,"Cooked buckwheat noodle, grey-brown in colour, soft tender texture with nutty taste.",1 bowl(s) = 200g,Per Serving (200g),198,99,Per 100g,10.12,42.88,0.2,,photo,FALSE,Borrowed,2025
mixed-brown-rice-20-brown-80-white,"Mixed brown rice (20% brown, 80% white)",,Grains and staples,Grains and staples,Rice,Blend of cooked brown and white rice in 20:80 ratio,1 bowl(s) = 200g,Per Serving (200g),258,129,Per 100g,5.4,55.36,0.84,,photo,FALSE,Derived,2026
mixed-brown-rice-50-brown-50-white,"Mixed brown rice (50% brown, 50% white)",,Grains and staples,Grains and staples,Rice,Blend of cooked brown and white rice in 50:50 ratio,1 bowl(s) = 200g,Per Serving (200g),254,127,Per 100g,5.44,53.8,1.26,,photo,FALSE,Derived,2026
black-glutinous-rice-uncooked,"Black glutinous rice, uncooked",,Grains and staples,Grains and staples,Rice,"Uncooked grain, deep purple-black in colour, firm opaque texture with subtle sweet taste, commonly used to make burbur cha cha.",1 cup(s) = 174g,Per Serving (174g),609,350,Per 100g,12.98,123.7,4.99,,photo,FALSE,Borrowed,2025
cooked-white-glutinous-rice,Cooked white glutinous rice,,Grains and staples,Grains and staples,Rice,"Cooked grain white glutinous rice, translucent white in colour, soft sticky texture with mild sweet taste.",1 bowl(s) = 200g,Per Serving (200g),194,97,Per 100g,4.04,42.18,0.38,,photo,FALSE,Borrowed,2025
ayam-panggang-with-rice,Ayam panggang with rice,,Grains and staples,Grains and staples,Rice-based dishes,"Malay-style grilled chicken with spices and marinade, served with rice",1 plate(s) = 750g,Per Serving (750g),1167,181,Per 100g,70.69,117.13,46.44,,photo,FALSE,Lab Analysis,2026
ayam-penyet-with-rice,Ayam penyet with rice,,Grains and staples,Grains and staples,Rice-based dishes,"Indonesian-style deep-fried smashed chicken served with rice, tofu and vegetables",1 plate(s) = 517g,Per Serving (517g),884,189,Per 100g,48.9,100.38,31.59,,photo,FALSE,Lab Analysis,2025
beef-rice-bowl,Beef rice bowl,,Grains and staples,Grains and staples,Rice-based dishes,"Steamed rice topped with sliced beef, stir-fried vegetables and sweet-savoury sauce",1 bowl(s) = 373g,Per Serving (373g),686,184,Per 100g,28.57,87.1,24.62,,photo,FALSE,Lab Analysis,2025
braised-duck-rice-set-with-egg-and-tau-kwa,Braised duck rice set (with egg and tau kwa),,Grains and staples,Grains and staples,Rice-based dishes,"Sliced braised duck served with rice, hard-boiled egg, braised firm tofu, peanuts and cucumber",1 set(s) = 398g,Per Serving (398g),665,167,Per 100g,31.36,76.02,25.87,,photo,FALSE,Lab Analysis,2025
bubur-kanji,Bubur kanji,,Grains and staples,Grains and staples,Rice-based dishes,Malay-style fried peanut and ikan bilis porridge,1 bowl(s) = 377g,Per Serving (377g),347,92,Per 100g,12.97,37.1,16.06,,photo,FALSE,Lab Analysis,2010
century-egg-and-pork-porridge,Century egg and pork porridge,,Grains and staples,Grains and staples,Rice-based dishes,Rice porridge with preserved century egg and minced pork,1 bowl(s) = 489g,Per Serving (489g),289,59,Per 100g,12.37,32.76,11.74,,photo,FALSE,Lab Analysis,2025
char-siew-chee-cheong-fun,Char siew chee cheong fun,,Grains and staples,Grains and staples,Rice-based dishes,"Steamed rice noodle rolls filled with barbecued pork, served with sweet soy sauce and sesame seeds",1 roll(s) = 228g,Per Serving (228g),310,136,Per 100g,9.35,46.51,9.69,,photo,FALSE,Lab Analysis,2025
char-siew-rice,Char siew rice,,Grains and staples,Grains and staples,Rice-based dishes,"Honey barbecued char siew served with rice, accompanied by cucumber",1 plate(s) = 353g,Per Serving (353g),621,176,Per 100g,31.13,95.66,12.36,,photo,FALSE,Lab Analysis,2025
chee-cheong-fun-plain,Chee cheong fun (plain),,Grains and staples,Grains and staples,Rice-based dishes,Plain rice sheet rolls served with sweet sauce and sesame oil,1 roll(s) = 262g,Per Serving (262g),343,131,Per 100g,4.3,70.35,4.98,,photo,FALSE,Lab Analysis,2025
chicken-katsu-curry-omurice,Chicken katsu curry omurice,,Grains and staples,Grains and staples,Rice-based dishes,"Japanese-style fried rice with breaded chicken cutlet and curry sauce, wrapped in egg omelette",1 plate(s) = 646g,Per Serving (646g),1124,174,Per 100g,55.56,80.75,64.28,,photo,FALSE,Lab Analysis,2018
chicken-katsu-curry-rice,Chicken katsu curry rice,,Grains and staples,Grains and staples,Rice-based dishes,Japanese-style curry with deep-fried breaded chicken cutlet and rice,1 plate(s) = 614g,Per Serving (614g),1087,177,Per 100g,43.96,133.85,42.06,,photo,FALSE,Lab Analysis,2025
chicken-katsu-don,Chicken katsu don,,Grains and staples,Grains and staples,Rice-based dishes,Fried chicken cutlet with egg on top of rice,1 bowl(s) = 626g,Per Serving (626g),920,147,Per 100g,41.25,97.66,40.75,,photo,FALSE,Lab Analysis,2018
chicken-porridge,Chicken porridge,,Grains and staples,Grains and staples,Rice-based dishes,Chicken boiled with porridge,1 bowl(s) = 556g,Per Serving (556g),311,56,Per 100g,15.57,38.92,10.29,,photo,FALSE,Lab Analysis,2025
claypot-chicken-rice,Claypot chicken rice,,Grains and staples,Grains and staples,Rice-based dishes,"Rice with chicken and Chinese sausages, cooked in claypot",1 bowl(s) = 543g,Per Serving (543g),974,183,Per 100g,65.7,114.38,27.93,,photo,FALSE,Lab Analysis,2025
claypot-frog-porridge,Claypot frog porridge,,Grains and staples,Grains and staples,Rice-based dishes,Rice porridge served with stir-fried frog legs in soy sauce and ginger,1 bowl(s) = 660g,Per Serving (660g),554,84,Per 100g,35.84,45.47,25.01,,photo,FALSE,Lab Analysis,2023
claypot-porridge-plain,Claypot porridge (plain),,Grains and staples,Grains and staples,Rice-based dishes,Plain rice porridge in claypot,1 bowl(s) = 660g,Per Serving (660g),383,58,Per 100g,7,54.45,14.85,,photo,FALSE,Lab Analysis,2023
cuttlefish-porridge,Cuttlefish porridge,,Grains and staples,Grains and staples,Rice-based dishes,Rice porridge cooked with sliced cuttlefish,1 bowl(s) = 660g,Per Serving (660g),548,83,Per 100g,11.22,113.52,5.94,,photo,FALSE,Lab Analysis,2010
duck-porridge,Duck porridge,,Grains and staples,Grains and staples,Rice-based dishes,"Porridge with boiled boneless duck meat, garnished with fried onion and soya sauce",1 bowl(s) = 660g,Per Serving (660g),686,104,Per 100g,65.34,61.38,19.8,,photo,FALSE,Lab Analysis,2010
economic-rice-1-vegetable-1-fish,"Economic rice (1 vegetable, 1 fish)",,Grains and staples,Grains and staples,Rice-based dishes,Mixed rice dish containing white rice with one vegetable dish and one fish dish,1 plate(s) = 497g,Per Serving (497g),609,123,Per 100g,27.09,70.32,23.67,,photo,FALSE,Derived,2026
economic-rice-1-vegetable-1-fried-meat,"Economic rice (1 vegetable, 1 fried meat)",,Grains and staples,Grains and staples,Rice-based dishes,Mixed rice dish containing white rice with one vegetable dish and one fried meat dish,1 plate(s) = 515g,Per Serving (515g),803,156,Per 100g,35.43,79.93,37.18,,photo,FALSE,Derived,2026
economic-rice-1-vegetable-1-meat,"Economic rice (1 vegetable, 1 meat)",,Grains and staples,Grains and staples,Rice-based dishes,Mixed rice dish containing white rice with one vegetable dish and one meat dish,1 plate(s) = 553g,Per Serving (553g),697,126,Per 100g,34.51,75.37,27.48,,photo,FALSE,Derived,2026
economic-rice-1-vegetable-2-fried-meats,"Economic rice (1 vegetable, 2 fried meats)",,Grains and staples,Grains and staples,Rice-based dishes,Mixed rice dish containing white rice with one vegetable dish and two fried meat dishes,1 plate(s) = 640g,Per Serving (640g),1165,182,Per 100g,60.54,92.54,60.61,,photo,FALSE,Derived,2026
economic-rice-1-vegetable-2-meats-1-fried,"Economic rice (1 vegetable, 2 meats (1 fried))",cai fan 2 meat (fried) 1 veg,Grains and staples,Grains and staples,Rice-based dishes,"Mixed rice dish containing white rice with one vegetable dish, one meat dish and one fried meat dish",1 plate(s) = 678g,Per Serving (678g),1058,156,Per 100g,59.6,88,50.92,"one bowl of rice, fried meat with sauce, one portion of potatoes or tofu or egg, one portion of meat with sauce",photo,FALSE,Derived,2026
economic-rice-1-vegetable-2-meats,"Economic rice (1 vegetable, 2 meats)",cai fan 2 meat 1 veg,Grains and staples,Grains and staples,Rice-based dishes,Mixed rice dish containing white rice with one vegetable dish and two meat dishes,1 plate(s) = 716g,Per Serving (716g),952,133,Per 100g,58.64,83.41,41.24,"one bowl of rice, one portion of vegetables, potatoes or tofu or egg, two portions of meat with sauce",photo,FALSE,Derived,2026
economic-rice-2-meats-1-fried,Economic rice (2 meats (1 fried)),,Grains and staples,Grains and staples,Rice-based dishes,Mixed rice dish containing white rice with one fried meat dish and one meat dish,1 plate(s) = 488g,Per Serving (488g),878,180,Per 100g,54.66,77.01,37.82,,photo,FALSE,Derived,2026
economic-rice-2-meats,Economic rice (2 meats),,Grains and staples,Grains and staples,Rice-based dishes,Mixed rice dish containing white rice with two meat dishes,1 plate(s) = 526g,Per Serving (526g),768,146,Per 100g,53.7,72.48,28.09,,photo,FALSE,Derived,2026
economic-rice-2-vegetables,Economic rice (2 vegetables),,Grains and staples,Grains and staples,Rice-based dishes,Mixed rice dish containing white rice with two vegetable dishes,1 plate(s) = 580g,Per Serving (580g),626,108,Per 100g,15.25,78.3,26.8,,photo,FALSE,Derived,2026
economic-rice-2-vegetables-1-fish,"Economic rice (2 vegetables, 1 fish)",,Grains and staples,Grains and staples,Rice-based dishes,Mixed rice dish containing white rice with two vegetable dishes and one fish dish,1 plate(s) = 687g,Per Serving (687g),795,116,Per 100g,32,81.27,36.8,,photo,FALSE,Derived,2026
economic-rice-2-vegetables-1-fried-meat,"Economic rice (2 vegetables, 1 fried meat)",cai fan fried meat,Grains and staples,Grains and staples,Rice-based dishes,Mixed rice dish containing white rice with two vegetable dishesand one fried meat dish,1 plate(s) = 705g,Per Serving (705g),987,140,Per 100g,40.4,90.87,50.27,,photo,FALSE,Derived,2026
economic-rice-2-vegetables-1-meat,"Economic rice (2 vegetables, 1 meat)",cai fan more veg,Grains and staples,Grains and staples,Rice-based dishes,Mixed rice dish containing white rice with two vegetable dishes and one meat dish,1 plate(s) = 743g,Per Serving (743g),877,118,Per 100g,39.45,86.34,40.57,,photo,FALSE,Derived,2026
economic-rice-2-vegetables-2-meats,"Economic rice (2 vegetables, 2 meats)",,Grains and staples,Grains and staples,Rice-based dishes,Mixed rice dish containing white rice with two vegetable dishes and two meat dish,1 plate(s) = 906g,Per Serving (906g),1133,125,Per 100g,63.6,94.41,54.36,,photo,FALSE,Derived,2026
economic-rice-3-meats-1-fried,Economic rice (3 meats (1 fried)),,Grains and staples,Grains and staples,Rice-based dishes,Mixed rice dish containing white rice with two meat dishes and one fried meat dish,1 plate(s) = 651g,Per Serving (651g),1133,174,Per 100g,78.84,85.02,51.56,,photo,FALSE,Derived,2026
economic-rice-3-meats-2-fried,Economic rice (3 meats (2 fried)),,Grains and staples,Grains and staples,Rice-based dishes,Mixed rice dish containing white rice with two fried meat dishes and one meat dish,1 plate(s) = 613g,Per Serving (613g),1238,202,Per 100g,79.75,89.56,61.3,,photo,FALSE,Derived,2026
economic-rice-3-meats,Economic rice (3 meats),,Grains and staples,Grains and staples,Rice-based dishes,Mixed rice dish containing white rice with three meat dishes,1 plate(s) = 689g,Per Serving (689g),1020,148,Per 100g,77.93,80.48,41.89,,photo,FALSE,Derived,2026
economic-rice-3-vegetables-1-fried-meat,"Economic rice (3 vegetables, 1 fried meat)",,Grains and staples,Grains and staples,Rice-based dishes,Mixed rice dish containing white rice with three vegetable dishes and one fried meat dish,1 plate(s) = 895g,Per Serving (895g),1172,131,Per 100g,45.29,101.85,63.46,,photo,FALSE,Derived,2026
economic-rice-3-vegetables,Economic rice (3 vegetables),,Grains and staples,Grains and staples,Rice-based dishes,Mixed rice dish containing white rice with three vegetable dishes,1 plate(s) = 770g,Per Serving (770g),809,105,Per 100g,20.17,89.32,39.96,,photo,FALSE,Derived,2026
economic-rice-3-vegetables-1-meat,"Economic rice (3 vegetables, 1 meat)",,Grains and staples,Grains and staples,Rice-based dishes,Mixed rice dish containing white rice with three vegetable dishes and one meat dish,1 plate(s) = 933g,Per Serving (933g),1064,114,Per 100g,44.41,97.31,53.74,,photo,FALSE,Derived,2026
egg-fried-rice,Egg fried rice,,Grains and staples,Grains and staples,Rice-based dishes,Stir-fried egg fried rice with spring onions and seasonings,1 plate(s) = 303g,Per Serving (303g),658,217,Per 100g,21.06,83.75,26.39,,photo,FALSE,Lab Analysis,2023
egg-fried-rice-with-chicken-chop,Egg fried rice with chicken chop,,Grains and staples,Grains and staples,Rice-based dishes,Egg fried rice served with grilled or fried boneless chicken,1 plate(s) = 477g,Per Serving (477g),1016,213,Per 100g,60.34,88.63,46.56,,photo,FALSE,Derived,2026
egg-fried-rice-with-pork-chop,Egg fried rice with pork chop,,Grains and staples,Grains and staples,Rice-based dishes,Egg fried rice served with grilled or fried boneless pork,1 plate(s) = 431g,Per Serving (431g),862,200,Per 100g,51.89,87.88,33.79,,photo,FALSE,Derived,2026
fried-carrot-cake-black,Fried carrot cake (black),,Grains and staples,Grains and staples,Rice-based dishes,"Carrot cake with egg and dark sweet sauce, mashed and fried",1 plate(s) = 331g,Per Serving (331g),606,183,Per 100g,12.58,77.95,26.81,,photo,FALSE,Lab Analysis,2025
fried-carrot-cake-white,Fried carrot cake (white),,Grains and staples,Grains and staples,Rice-based dishes,Carrot rice cake stir-fried with egg and preserved radish,1 plate(s) = 321g,Per Serving (321g),478,149,Per 100g,11.17,56.18,23.11,,photo,FALSE,Lab Analysis,2025
fried-fish-and-beef-bento,Fried fish and beef bento,,Grains and staples,Grains and staples,Rice-based dishes,Japanese-style fried fish and stir-fried beef with rice,1 set(s) = 339g,Per Serving (339g),637,188,Per 100g,27.39,75.8,24.2,,photo,FALSE,Derived,2026
fried-fish-porridge,Fried fish porridge,,Grains and staples,Grains and staples,Rice-based dishes,Deep-fried sliced fish pieces with rice porridge,1 bowl(s) = 660g,Per Serving (660g),455,69,Per 100g,29.63,49.5,15.18,,photo,FALSE,Lab Analysis,2018
glutinous-rice-in-lotus-leaf,Glutinous rice in lotus leaf,,Grains and staples,Grains and staples,Rice-based dishes,"Glutinous rice stuffed with lap cheong slices and diced char siew, wrapped with lotus leaves, steamed",1 scoop(s) (serving spoon) = 317g,Per Serving (317g),579,188,Per 100g,24.75,76.89,18.95,,photo,FALSE,Lab Analysis,2025
kee-chang,Kee chang,,Grains and staples,Grains and staples,Rice-based dishes,"Glutinous rice wrapped in leaves, steamed",1 whole = 96g,Per Serving (96g),164,171,Per 100g,2.69,37.39,0.38,,photo,FALSE,Lab Analysis,2010
ketupat,Ketupat,,Grains and staples,Grains and staples,Rice-based dishes,Malay-style rice dumpling,1 whole = 95g,Per Serving (95g),87,92,Per 100g,2.19,19.76,0,,photo,FALSE,Lab Analysis,2010
korean-beef-bulgogi-with-rice,Korean beef bulgogi (with rice),,Grains and staples,Grains and staples,Rice-based dishes,"Marinated grilled beef in sweet-savoury sauce, served with rice",1 set(s) = 561g,Per Serving (561g),1060,189,Per 100g,41.01,91.22,59.19,,photo,FALSE,Derived,2026
korean-gimbap-chicken,Korean gimbap (chicken),,Grains and staples,Grains and staples,Rice-based dishes,Seaweed rice rolls filled with seasoned chicken and vegetables,1 roll(s) = 275g,Per Serving (275g),352,128,Per 100g,18.15,49.5,9.1,,photo,FALSE,Lab Analysis,2018
korean-spicy-chicken-with-rice,Korean spicy chicken (with rice),,Grains and staples,Grains and staples,Rice-based dishes,Korean-style spicy marinated chicken served with white rice,1 set(s) = 564g,Per Serving (564g),885,157,Per 100g,60.35,90.97,29.72,,photo,FALSE,Derived,2026
lemon-rice,Lemon rice,,Grains and staples,Grains and staples,Rice-based dishes,"South Indian dish with rice, lemon juice, peanuts, and spices like mustard seeds and curry leaves",1 bowl(s) = 200g,Per Serving (200g),276,138,Per 100g,5.9,41.64,9.42,,photo,FALSE,Lab Analysis,2024
lontong-goreng,Lontong goreng,,Grains and staples,Grains and staples,Rice-based dishes,Compressed rice cake fried with minced meat and chilli,1 scoop(s) (serving spoon) = 100g,Per Serving (100g),149,149,Per 100g,7.25,11.85,8.09,,photo,FALSE,Lab Analysis,2010
lor-mai-kai-chicken,Lor mai kai (chicken),,Grains and staples,Grains and staples,Rice-based dishes,"Glutinous rice steamed with chicken, black mushroom and chinese sausage",1 plate(s) = 233g,Per Serving (233g),454,195,Per 100g,19.22,54.78,17.59,,photo,FALSE,Lab Analysis,2026
lor-mai-kai-pork,Lor mai kai (pork),,Grains and staples,Grains and staples,Rice-based dishes,"Glutinous rice steamed with pork, black mushroom and chinese sausage",1 scoop(s) (serving spoon) = 100g,Per Serving (100g),232,232,Per 100g,11,23.15,10.55,,photo,FALSE,Lab Analysis,2010
minced-pork-porridge,Minced pork porridge,,Grains and staples,Grains and staples,Rice-based dishes,"Rice porridge with minced pork, garnished with spring onion and fried dough fritter",1 bowl(s) = 593g,Per Serving (593g),356,60,Per 100g,14.23,47.44,12.45,,photo,FALSE,Lab Analysis,2025
mushroom-risotto,Mushroom risotto,,Grains and staples,Grains and staples,Rice-based dishes,"Creamy Italian rice dish cooked with mushrooms, white wine and parmesan cheese",1 plate(s) = 419g,Per Serving (419g),775,185,Per 100g,19.27,63.69,49.36,,photo,FALSE,Lab Analysis,2018
nasi-briyani-chicken,Nasi briyani (chicken),,Grains and staples,Grains and staples,Rice-based dishes,"Rice cooked with ghee and spices, served with curry chicken",1 plate(s) = 759g,Per Serving (759g),1100,155,Per 100g,50.62,112.89,48.99,,photo,FALSE,Lab Analysis,2025
nasi-briyani-fish-or-prawn,Nasi briyani (fish or prawn),,Grains and staples,Grains and staples,Rice-based dishes,"Rice cooked with ghee and spices, served with choice of prawn or fish",1 plate(s) = 587g,Per Serving (587g),863,147,Per 100g,38.8,102.96,32.58,,photo,FALSE,Lab Analysis,2023
nasi-briyani-mutton,Nasi briyani (mutton),,Grains and staples,Grains and staples,Rice-based dishes,"Rice cooked with ghee and spices, served with spicy mutton",1 plate(s) = 724g,Per Serving (724g),1211,181,Per 100g,44.96,132.46,55.53,,photo,FALSE,Lab Analysis,2025
nasi-briyani-vegetable,Nasi briyani (vegetable),,Grains and staples,Grains and staples,Rice-based dishes,"Rice cooked with fried carrot, french bean, pea,corn, onion, tomato, cinnamon, cardimon, star anise and ghee",1 plate(s) = 518g,Per Serving (518g),668,129,Per 100g,19.99,99.15,21.5,,photo,FALSE,Lab Analysis,2023
nasi-goreng,Nasi goreng,,Grains and staples,Grains and staples,Rice-based dishes,"Malay-style stir-fried rice with eggs, mixed vegetables, tomato sauce and cucumber",1 plate(s) = 485g,Per Serving (485g),757,156,Per 100g,23.81,89.48,33.47,,photo,FALSE,Lab Analysis,2025
nasi-kunyit,Nasi kunyit,,Grains and staples,Grains and staples,Rice-based dishes,Malay-style glutinous rice cooked in coconut milk and tumeric,1 scoop(s) (serving spoon) = 100g,Per Serving (100g),151,151,Per 100g,3,31.69,1.32,,photo,FALSE,Lab Analysis,2010
nasi-lemak-chicken-cutlet-set,Nasi lemak (chicken cutlet set),,Grains and staples,Grains and staples,Rice-based dishes,"Coconut rice with fried chicken cutlet, fried egg, ikan bilis and peanuts, served with sambal",1 plate(s) = 399g,Per Serving (399g),922,231,Per 100g,39.9,89.5,44.77,,photo,FALSE,Derived,2026
nasi-lemak-chicken-wing-and-chicken-cutlet-set,Nasi lemak (chicken wing and chicken cutlet set),,Grains and staples,Grains and staples,Rice-based dishes,"Coconut rice with fried chicken wing, fried chicken cutlet, fried egg, ikan bilis and peanuts, served with sambal",1 plate(s) = 496g,Per Serving (496g),1107,237,Per 100g,54.96,94.28,56.46,,photo,FALSE,Derived,2026
nasi-lemak-chicken-wing-set,Nasi lemak (chicken wing set),,Grains and staples,Grains and staples,Rice-based dishes,"Coconut rice with fried chicken wing, fried egg, ikan bilis and peanuts, served with sambal",1 plate(s) = 410g,Per Serving (410g),831,218,Per 100g,36.5,87.02,37.38,,photo,FALSE,Derived,2026
nasi-lemak-egg-ikan-bilis-peanut-set,"Nasi lemak (egg, ikan bilis, peanut set)",,Grains and staples,Grains and staples,Rice-based dishes,"Coconut rice with egg, ikan bilis and peanuts, served with sambal",1 plate(s) = 313g,Per Serving (313g),645,206,Per 100g,21.44,82.23,25.67,,photo,FALSE,Derived,2026
nasi-lemak-fish-set,Nasi lemak (fish set),,Grains and staples,Grains and staples,Rice-based dishes,"Coconut rice with fish, fried egg, ikan bilis and peanuts, served with sambal",1 plate(s) = 349g,Per Serving (349g),707,211,Per 100g,28.58,82.24,29.21,,photo,FALSE,Derived,2026
nasi-lemak-rice-only,Nasi lemak (rice only),,Grains and staples,Grains and staples,Rice-based dishes,Long grain rice cooked with coconut milk,1 plate(s) = 214g,Per Serving (214g),366,171,Per 100g,7.19,68.16,7.17,,photo,FALSE,Lab Analysis,2025
nasi-minyak,Nasi minyak,,Grains and staples,Grains and staples,Rice-based dishes,Fragrant Malay-style rice cooked with ghee or butter,1 plate(s) = 245g,Per Serving (245g),461,188,Per 100g,7.11,85.75,10.04,,photo,FALSE,Lab Analysis,2010
nasi-padang-assam-pedas,Nasi padang (assam pedas),,Grains and staples,Grains and staples,Rice-based dishes,Malay-style spicy sour fish curry served with rice,1 plate(s) = 671g,Per Serving (671g),1107,165,Per 100g,59.38,112.33,49.05,,photo,FALSE,Lab Analysis,2023
nasi-padang-beef-set,Nasi padang (beef set),,Grains and staples,Grains and staples,Rice-based dishes,Malay-style spiced beef served with rice,1 plate(s) = 544g,Per Serving (544g),1028,189,Per 100g,64.14,97.27,44.23,,photo,FALSE,Lab Analysis,2023
nasi-padang-chicken-set,Nasi padang (chicken set),,Grains and staples,Grains and staples,Rice-based dishes,Malay-style spiced chicken served with rice,1 plate(s) = 797g,Per Serving (797g),1443,181,Per 100g,108.71,104.09,68.54,,photo,FALSE,Lab Analysis,2023
nasi-padang-sambal-goreng,Nasi padang (sambal goreng),,Grains and staples,Grains and staples,Rice-based dishes,"Malay-style spicy stir-fried tempeh, long beans and tofu served with rice",1 plate(s) = 469g,Per Serving (469g),821,175,Per 100g,29.88,102.48,35.5,,photo,FALSE,Lab Analysis,2023
nasi-pattaya,Nasi pattaya,,Grains and staples,Grains and staples,Rice-based dishes,"Malay-style fried rice with chilli, mutton, prawn, pea, cucumber and mixed vegetable, wrapped in egg omelette",1 plate(s) = 383g,Per Serving (383g),804,210,Per 100g,26.43,80.05,42.13,,photo,FALSE,Lab Analysis,2010
nasi-rawon,Nasi rawon,,Grains and staples,Grains and staples,Rice-based dishes,Indonesian-style chicken/beef rendang with rice,1 plate(s) = 426g,Per Serving (426g),720,169,Per 100g,26.84,87.33,29.39,,photo,FALSE,Lab Analysis,2010
nasi-tomato,Nasi tomato,,Grains and staples,Grains and staples,Rice-based dishes,Malay-style rice cooked with tomato sauce and evaporated milk,1 plate(s) = 267g,Per Serving (267g),494,185,Per 100g,11.03,83.36,13,,photo,FALSE,Lab Analysis,2010
peanut-and-pork-porridge,Peanut and pork porridge,,Grains and staples,Grains and staples,Rice-based dishes,Rice porridge boiled with braised peanut and minced pork,1 bowl(s) = 710g,Per Serving (710g),525,74,Per 100g,21.66,58.29,22.72,,photo,FALSE,Lab Analysis,2026
plain-fried-rice,Plain fried rice,,Grains and staples,Grains and staples,Rice-based dishes,Rice stir fried with mixed vegetables and basic seasonings,1 plate(s) = 300g,Per Serving (300g),486,162,Per 100g,17.64,59.19,19.77,,photo,FALSE,Lab Analysis,2010
pork-katsu-curry-omurice,Pork katsu curry omurice,,Grains and staples,Grains and staples,Rice-based dishes,"Japanese-style fried rice with pork katsu and curry sauce, wrapped in egg omelette",1 plate(s) = 611g,Per Serving (611g),1149,188,Per 100g,50.04,78.76,70.08,,photo,FALSE,Lab Analysis,2018
pork-katsu-curry-rice,Pork katsu curry rice,,Grains and staples,Grains and staples,Rice-based dishes,Japanese curry with pork katsu don,1 plate(s) = 762g,Per Serving (762g),1074,141,Per 100g,47.09,121.39,44.27,,photo,FALSE,Derived,2026
pork-katsu-don,Pork katsu don,,Grains and staples,Grains and staples,Rice-based dishes,"Rice bowl topped with pork cutlet, egg and onions in sweet-savoury sauce",1 bowl(s) = 599g,Per Serving (599g),910,152,Per 100g,44.27,102.97,35.82,,photo,FALSE,Lab Analysis,2018
prawn-chee-cheong-fun,Prawn chee cheong fun,,Grains and staples,Grains and staples,Rice-based dishes,Rice noodle rolls filled with prawns,1 roll(s) = 118g,Per Serving (118g),137,116,Per 100g,3.39,20.65,4.48,,photo,FALSE,Lab Analysis,2023
pumpkin-rice,Pumpkin rice,,Grains and staples,Grains and staples,Rice-based dishes,Rice cooked with pumpkin pieces,1 bowl(s) = 238g,Per Serving (238g),412,173,Per 100g,8.47,86.27,4.17,,photo,FALSE,Lab Analysis,2023
putu-mayam,Putu mayam,,Grains and staples,Grains and staples,Rice-based dishes,Thin rice noodles with grated coconut and red sugar,1 plate(s) = 104g,Per Serving (104g),196,188,Per 100g,2.29,38.58,3.54,,photo,FALSE,Lab Analysis,2010
roasted-chicken-rice,Roasted chicken rice,,Grains and staples,Grains and staples,Rice-based dishes,"Fragrant rice served with roasted chicken, accompanied by cucumber",1 plate(s) = 363g,Per Serving (363g),643,178,Per 100g,29.67,84.11,20.94,,photo,FALSE,Lab Analysis,2025
roasted-duck-rice,Roasted duck rice,,Grains and staples,Grains and staples,Rice-based dishes,"Roasted duck served with rice, accompanied by cucumber and chilli sauce",1 plate(s) = 411g,Per Serving (411g),689,171,Per 100g,33.13,92.08,20.75,,photo,FALSE,Lab Analysis,2025
roasted-pork-rice,Roasted pork rice,,Grains and staples,Grains and staples,Rice-based dishes,"Roasted pork served with rice, accompanied by cucumber",1 plate(s) = 363g,Per Serving (363g),733,202,Per 100g,28.39,100.91,23.96,,photo,FALSE,Lab Analysis,2025
saba-fish-rice-set,Saba fish rice set,,Grains and staples,Grains and staples,Rice-based dishes,"Grilled mackerel fish served with rice, lime and kimchi",1 set(s) = 486g,Per Serving (486g),1019,221,Per 100g,44.4,124.01,38.26,,photo,FALSE,Lab Analysis,2025
salmon-don-pan-fried,Salmon don (pan-fried),,Grains and staples,Grains and staples,Rice-based dishes,"Japanese rice bowl topped with pan-fried salmon, egg and seaweed",1 bowl(s) = 360g,Per Serving (360g),630,175,Per 100g,25.34,102.96,12.96,,photo,FALSE,Lab Analysis,2025
salmon-don-raw,Salmon don (raw),,Grains and staples,Grains and staples,Rice-based dishes,Raw salmon slices served on top of rice,1 bowl(s) = 264g,Per Serving (264g),393,149,Per 100g,18.43,56.39,9.13,,photo,FALSE,Derived,2026
salmon-maki,Salmon maki,,Grains and staples,Grains and staples,Rice-based dishes,Sushi roll with fresh salmon and rice wrapped in nori seaweed,1 piece(s) = 30g,Per Serving (30g),49,163,Per 100g,2.21,8.63,0.66,,photo,FALSE,Lab Analysis,2023
salmon-nigiri,Salmon nigiri,,Grains and staples,Grains and staples,Rice-based dishes,Sushi rice topped with fresh salmon,1 piece(s) = 37g,Per Serving (37g),70,188,Per 100g,2.81,10.14,1.96,,photo,FALSE,Lab Analysis,2025
salmon-nigiri-mentaiko,Salmon nigiri (mentaiko),,Grains and staples,Grains and staples,Rice-based dishes,Sushi rice topped with salmon and mentaiko (spicy cod roe),1 piece(s) = 31g,Per Serving (31g),69,222,Per 100g,2.54,7.98,2.96,,photo,FALSE,Lab Analysis,2025
sayur-lodeh-with-lontong,Sayur lodeh with lontong,,Grains and staples,Grains and staples,Rice-based dishes,"Vegetables and dried beancurd in spicy coconut based gravy, served with rice cake and hard boiled egg",1 bowl(s) = 553g,Per Serving (553g),459,83,Per 100g,15.65,48.39,22.95,,photo,FALSE,Derived,2026
seafood-mui-fan,Seafood mui fan,,Grains and staples,Grains and staples,Rice-based dishes,"Rice with prawn, pork, chye sim and squid in egg gravy",1 plate(s) = 480g,Per Serving (480g),432,90,Per 100g,19.68,67.2,9.6,,photo,FALSE,Lab Analysis,2010
seafood-paella,Seafood paella,,Grains and staples,Grains and staples,Rice-based dishes,Spanish rice dish with mixed seafood and saffron,1 plate(s) = 617g,Per Serving (617g),685,111,Per 100g,37.64,80.21,23.75,,photo,FALSE,Lab Analysis,2010
sliced-fish-porridge,Sliced fish porridge,,Grains and staples,Grains and staples,Rice-based dishes,Porridge with sliced fish and vegetables,1 bowl(s) = 692g,Per Serving (692g),318,46,Per 100g,18.2,49.48,5.54,,photo,FALSE,Lab Analysis,2025
soya-sauce-chicken-rice,Soya sauce chicken rice,,Grains and staples,Grains and staples,Rice-based dishes,Rice served with braised chicken in soy sauce,1 plate(s) = 310g,Per Serving (310g),471,152,Per 100g,24.83,79.02,6.94,,photo,FALSE,Lab Analysis,2023
spicy-salmon-maki,Spicy salmon maki,,Grains and staples,Grains and staples,Rice-based dishes,Sushi roll with spicy raw salmon and rice in nori seaweed,1 roll(s) = 213g,Per Serving (213g),435,204,Per 100g,9.8,64.16,17,,photo,FALSE,Lab Analysis,2023
steamed-chicken-rice,Steamed chicken rice,,Grains and staples,Grains and staples,Rice-based dishes,"Poached chicken meat cooked with ginger slices, green onions, garlic cloves, served with fragrant rice, accompanied by cucumber and chilli",1 plate(s) = 346g,Per Serving (346g),488,151,Per 100g,19.22,75.74,11.63,,photo,FALSE,Lab Analysis,2025
taiwanese-braised-pork-rice,Taiwanese braised pork rice,,Grains and staples,Grains and staples,Rice-based dishes,Taiwanese slow-cooked pork belly with soy sauce and spices over rice,1 bowl(s) = 372g,Per Serving (372g),711,191,Per 100g,35.15,70.46,32.29,,photo,FALSE,Derived,2026
teochew-porridge-plain,Teochew porridge (plain),,Grains and staples,Grains and staples,Rice-based dishes,Plain rice porridge with higher water content and clear broth,1 bowl(s) = 660g,Per Serving (660g),251,38,Per 100g,7.92,50.82,1.98,,photo,FALSE,Lab Analysis,2010
teochew-porridge-sweet-potato,Teochew porridge (sweet potato),,Grains and staples,Grains and staples,Rice-based dishes,Sweet potato rice porridge with higher water content and clear broth,1 bowl(s) = 565g,Per Serving (565g),102,18,Per 100g,4.46,18.36,1.13,,photo,FALSE,Lab Analysis,2025
teriyaki-chicken-don,Teriyaki chicken don,,Grains and staples,Grains and staples,Rice-based dishes,"Japanese rice bowl topped with grilled boneless chicken chop, egg and onion",1 bowl(s) = 417g,Per Serving (417g),701,168,Per 100g,32.07,106.13,15.39,,photo,FALSE,Lab Analysis,2023
thai-basil-beef-rice-with-egg,Thai basil beef rice (with egg),,Grains and staples,Grains and staples,Rice-based dishes,"Stir-fried beef with basil, chilli, fried egg and white rice",1 plate(s) = 386g,Per Serving (386g),552,143,Per 100g,31.73,62.42,18.53,,photo,FALSE,Derived,2026
thai-basil-pork-rice-no-egg,Thai basil pork rice (no egg),,Grains and staples,Grains and staples,Rice-based dishes,"Stir-fried pork with Thai holy basil, chilli and white rice",1 plate(s) = 331g,Per Serving (331g),480,145,Per 100g,22.38,62.79,14.83,,photo,FALSE,Derived,2026
thai-basil-pork-rice-with-egg,Thai basil pork rice (with egg),,Grains and staples,Grains and staples,Rice-based dishes,"Stir-fried pork with basil, chilli, fried egg and white rice",1 plate(s) = 376g,Per Serving (376g),583,155,Per 100g,28.99,64.78,22.26,,photo,FALSE,Derived,2026
thai-olive-fried-rice,Thai olive fried rice,,Grains and staples,Grains and staples,Rice-based dishes,Preserved Chinese olives stir fried with rice,1 plate(s) = 412g,Per Serving (412g),766,186,Per 100g,16.48,118.66,25.01,,photo,FALSE,Lab Analysis,2010
thunder-tea-rice,Thunder tea rice,,Grains and staples,Grains and staples,Rice-based dishes,"Rice with a variety of vegetables, nuts and seeds, served with green herbal soup",1 bowl(s) = 431g,Per Serving (431g),612,142,Per 100g,25.43,68.31,26.29,,photo,FALSE,Lab Analysis,2026
unagi-don,Unagi don,,Grains and staples,Grains and staples,Rice-based dishes,"Japanese rice topped with grilled eel and pickled radish, served with sweet soya sauce",1 bowl(s) = 344g,Per Serving (344g),626,182,Per 100g,23.67,91.26,18.44,,photo,FALSE,Lab Analysis,2010
vegetarian-brown-rice-porridge,Vegetarian brown rice porridge,,Grains and staples,Grains and staples,Rice-based dishes,"Porridge made of brown rice with tapioca, gingko, peanut, tofu & red dates",1 bowl(s) = 660g,Per Serving (660g),297,45,Per 100g,10.89,51.15,5.48,,photo,FALSE,Lab Analysis,2010
yam-rice,Yam rice,,Grains and staples,Grains and staples,Rice-based dishes,Rice with yam and dried shrimp,1 bowl(s) = 250g,Per Serving (250g),368,147,Per 100g,8.25,74,4,,photo,FALSE,Lab Analysis,2010
yang-chow-fried-rice,Yang chow fried rice,,Grains and staples,Grains and staples,Rice-based dishes,"Chinese-style fried rice with char siu pork, shrimp, eggs, peas and carrots",1 plate(s) = 379g,Per Serving (379g),750,198,Per 100g,28.05,95.85,28.16,,photo,FALSE,Lab Analysis,2023
you-tiao-chee-cheong-fun,You tiao chee cheong fun,,Grains and staples,Grains and staples,Rice-based dishes,"Steamed rice noodle rolls wrapped around Chinese fried dough fritters, served with sweet soy sauce and sesame seeds",1 roll(s) = 67g,Per Serving (67g),143,214,Per 100g,2.25,17.04,7.37,,photo,FALSE,Lab Analysis,2023
steamed-chicken-rice-rice-only,Steamed chicken rice (rice only),,Grains and staples,Grains and staples,Rice-based dishes,"Fragrant rice cooked with ginger and garlic, from steamed chicken rice",1 plate(s) = 220g,Per Serving (220g),387,176,Per 100g,7.5,71.61,7.81,,photo,FALSE,Lab Analysis,2025
braised-duck-rice-set-rice-only,Braised duck rice set (rice only),,Grains and staples,Grains and staples,Rice-based dishes,"Steamed white rice, from braised duck rice set (with egg and tau kwa)",1 plate(s) = 256g,Per Serving (256g),415,162,Per 100g,7.4,75.9,8.96,,photo,FALSE,Lab Analysis,2025
tuna-nigiri,Tuna nigiri,,Grains and staples,Grains and staples,Rice-based dishes,Sushi rice topped with fresh tuna,1 piece(s) = 30g,Per Serving (30g),46,152,Per 100g,3.14,7.62,0.29,,photo,FALSE,Lab Analysis,2025
lontong,Lontong,,Grains and staples,Grains and staples,Rice-based dishes,"Compressed rice cakes wrapped in banana leaves, served sliced",1 bowl(s) = 154g,Per Serving (154g),129,84,Per 100g,2.46,26.26,1.62,,photo,FALSE,Lab Analysis,2025
vegetarian-kway-teow,Vegetarian kway teow,,Grains and staples,Grains and staples,Noodle/Pasta-based dishes,"Stir-fried broad, flat rice noodles with mock meat",1 plate(s) = 410g,Per Serving (410g),624,153,Per 100g,12.43,86.81,25.06,,photo,FALSE,Lab Analysis,2026
vegetarian-beehoon-with-mock-meat,Vegetarian beehoon with mock meat,,Meat and alternatives,Meat and alternatives,Alternative meat-based dishes,"Thin rice noodles fried with green onion and beansprouts, served with vegetarian (mock) meat",1 plate(s) = 295g,Per Serving (295g),445,151,Per 100g,18.79,73.99,8.44,,photo,FALSE,Derived,2026
vegetarian-char-siew-pau,Vegetarian char siew pau,,Meat and alternatives,Meat and alternatives,Alternative meat-based dishes,"Vegetarian char siew pow, made of rice pastry, filled with gluten and black mushroom",1 whole = 49g,Per Serving (49g),123,250,Per 100g,5.36,19.24,2.68,,photo,FALSE,Lab Analysis,2010
vegetarian-chicken-rice,Vegetarian chicken rice,,Meat and alternatives,Meat and alternatives,Alternative meat-based dishes,"Singaporean meat-free version with mock chicken, flavoured rice",1 plate(s) = 290g,Per Serving (290g),400,138,Per 100g,16.56,61.58,8.71,,photo,FALSE,Derived,2026
vegetarian-laksa,Vegetarian laksa,,Meat and alternatives,Meat and alternatives,Alternative meat-based dishes,Spicy coconut milk-based noodle soup with tofu and vegetables,1 bowl(s) = 746g,Per Serving (746g),753,101,Per 100g,15.96,80.05,40.96,,photo,FALSE,Lab Analysis,2024
fried-mock-fish,Fried mock fish,,Meat and alternatives,Meat and alternatives,Alternative meats,Deep-fried mashed gluten and soya bean wrapped inside seaweed and dried beancurd sheet,1 scoop(s) (serving spoon) = 100g,Per Serving (100g),314,314,Per 100g,21.1,2.5,24.3,,photo,FALSE,Lab Analysis,2010
mock-char-siew,Mock char siew,,Meat and alternatives,Meat and alternatives,Alternative meats,Deep-fried gluten and soybean flour with red colouring,1 scoop(s) (serving spoon) = 100g,Per Serving (100g),164,164,Per 100g,19.2,8.4,6,,photo,FALSE,Lab Analysis,2010
mock-chicken,Mock chicken,,Meat and alternatives,Meat and alternatives,Alternative meats,Deep-fried gluten and soybean fibres,1 piece(s) = 100g,Per Serving (100g),204,204,Per 100g,16.67,6.51,12.29,,photo,FALSE,Lab Analysis,2024
mock-meat-vegetarian-beehoon,Mock meat (Vegetarian beehoon),,Meat and alternatives,Meat and alternatives,Alternative meat-based dishes,"Plant-based protein substitute resembling meat, used in vegetarian dishes",1 portion(s) = 66g,Per Serving (66g),135,205,Per 100g,13.33,9.17,5.02,,photo,FALSE,Lab Analysis,2025
beef-ribeye-steak-raw,"Beef ribeye steak, raw",,Meat and alternatives,Meat and alternatives,Beef,"Raw, uncooked red meat from the rib portion of beef cattle, without bone, displaying a deep red colour with marbling. Lean muscle meat with internal and external fat attached.",1 whole = 165g,Per Serving (165g),348,211,Per 100g,35.64,0,22.94,,photo,FALSE,Borrowed,2025
beef-ribeye-steak-raw-lean,"Beef ribeye steak, raw, lean",,Meat and alternatives,Meat and alternatives,Beef,"Raw, uncooked red meat from the rib portion of beef cattle, without bone, displaying a deep red colour with marbling. Lean muscle meat only, with all possible internal and external separable fat removed.",1 whole = 165g,Per Serving (165g),200,121,Per 100g,39.27,0,4.62,,photo,FALSE,Borrowed,2025
beef-sirloin-steak-raw,"Beef sirloin steak, raw",,Meat and alternatives,Meat and alternatives,Beef,"Raw, uncooked red meat from the rear sirloin portion of beef cattle, with bone, displaying a deep red colour with moderate marbling. Lean muscle meat with internal and external fat attached.",1 whole = 255g,Per Serving (255g),560,222,Per 100g,54.02,0,38.62,,photo,FALSE,Borrowed,2025
beef-sirloin-steak-raw-lean,"Beef sirloin steak, raw, lean",,Meat and alternatives,Meat and alternatives,Beef,"Raw, uncooked red meat from the rear sirloin portion of beef cattle, with bone, displaying a deep red colour with moderate marbling. Lean muscle meat only, with all possible internal and external separable fat removed.",1 whole = 255g,Per Serving (255g),290,115,Per 100g,60.84,0,4.8,,photo,FALSE,Borrowed,2025
grilled-beef-fillet,Grilled beef fillet,,Meat and alternatives,Meat and alternatives,Beef,"Red meat from the tenderloin portion of beef cattle, without bone, grilled until cooked through, with slightly charred exterior. Lean muscle meat with internal and external fat attached.",1 whole = 80g,Per Serving (80g),162,203,Per 100g,24.64,0,7.04,,photo,FALSE,Borrowed,2025
grilled-beef-fillet-lean,"Grilled beef fillet, lean",,Meat and alternatives,Meat and alternatives,Beef,"Red meat from the tenderloin portion of beef cattle, without bone, grilled until cooked through, with slightly charred exterior.Lean muscle meat only, with all possible internal and external separable fat removed.",1 whole = 80g,Per Serving (80g),142,178,Per 100g,25.52,0,4.4,,photo,FALSE,Borrowed,2025
grilled-beef-ribeye-steak,Grilled beef ribeye steak,,Meat and alternatives,Meat and alternatives,Beef,"Red meat from the rib portion of beef cattle, with bone, grilled until cooked through, with a slightly charred exterior. Lean muscle meat with internal and external fat attached.",1 whole = 115g,Per Serving (115g),257,228,Per 100g,33.13,0,13.86,,photo,FALSE,Borrowed,2025
grilled-beef-ribeye-steak-lean,"Grilled beef ribeye steak, lean",,Meat and alternatives,Meat and alternatives,Beef,"Red meat from the rib portion of beef cattle, with bone, grilled until cooked through, with a slightly charred exterior. Lean muscle meat only, with all possible internal and external separable fat removed.",1 whole = 115g,Per Serving (115g),190,169,Per 100g,35.95,0,5.07,,photo,FALSE,Borrowed,2025
grilled-beef-round-steak,Grilled beef round steak,,Meat and alternatives,Meat and alternatives,Beef,"Red meat from the rear leg round portion of beef cattle, with bone, grilled until cooked through, with a slightly charred exterior. Lean muscle meat with internal and external fat attached.",1 whole = 265g,Per Serving (265g),438,167,Per 100g,81.33,0,12.07,,photo,FALSE,Borrowed,2025
grilled-beef-sirloin-steak,Grilled beef sirloin steak,,Meat and alternatives,Meat and alternatives,Beef,"Red meat from the rear sirloin portion of beef cattle, with bone, grilled until cooked through, with a slightly charred exterior. Lean muscle meat with internal and external fat attached.",1 whole = 165g,Per Serving (165g),394,241,Per 100g,44.59,0,24.01,,photo,FALSE,Borrowed,2025
grilled-veal-shoulder-steak,Grilled veal shoulder steak,,Meat and alternatives,Meat and alternatives,Beef,"Tender, pale red meat from the shoulder portion of young calf, with bone, grilled until cooked through, with a slightly charred exterior. Lean muscle meat with internal and external fat attached.",1 whole = 60g,Per Serving (60g),105,199,Per 100g,13.58,0.08,5.58,,photo,FALSE,Borrowed,2025
grilled-veal-shoulder-steak-lean,"Grilled veal shoulder steak, lean",,Meat and alternatives,Meat and alternatives,Beef,"Tender, pale red meat from the shoulder portion of young calf, with bone, grilled until cooked through, with a slightly charred exterior. Lean muscle meat only, with all separable fat removed.",1 whole = 60g,Per Serving (60g),84,159,Per 100g,14.43,0,2.92,,photo,FALSE,Borrowed,2025
beef-ball-soup-no-noodles,Beef ball soup (no noodles),,Meat and alternatives,Meat and alternatives,Beef-based dishes,Beef broth cooked with boiled beef ball and spring onion,1 bowl(s) = 592g,Per Serving (592g),184,31,Per 100g,19.24,5.56,9.06,,photo,FALSE,Lab Analysis,2010
beef-rawon,Beef rawon,,Meat and alternatives,Meat and alternatives,Beef-based dishes,"Shin beef cooked with buah keluak, nuts, sugar, sweet dark soya sauce, shallots simmered",1 bowl(s) = 293g,Per Serving (293g),267,91,Per 100g,22.15,5.63,17.4,,photo,FALSE,Lab Analysis,2010
beef-rendang,Beef rendang,,Meat and alternatives,Meat and alternatives,Beef-based dishes,"Malay-style spicy, rich and creamy beef stew made by simmering beef with coconut milk and spices",1 scoop(s) (serving spoon) = 100g,Per Serving (100g),223,223,Per 100g,25.5,1.4,12.9,,photo,FALSE,Lab Analysis,2010
beef-satay,Beef satay,,Meat and alternatives,Meat and alternatives,Beef-based dishes,Grilled marinated beef skewers,1 stick(s) = 12g,Per Serving (12g),27,223,Per 100g,2.99,2.44,0.56,,photo,FALSE,Lab Analysis,2026
beef-satay-with-sauce,Beef satay with sauce,,Meat and alternatives,Meat and alternatives,Beef-based dishes,Grilled marinated beef skewers with peanut satay sauce,1 stick(s) = 21g,Per Serving (21g),45,213,Per 100g,3.48,4.45,1.46,,photo,FALSE,Derived,2026
beef-steak,Beef steak,,Meat and alternatives,Meat and alternatives,Beef-based dishes,Cut of beef (tenderloin/ribeye/sirloin/striploin) grilled or pan-seared to preferred doneness,1 whole = 157g,Per Serving (157g),371,236,Per 100g,41.06,,22.92,,photo,FALSE,Lab Analysis,2025
beef-teppanyaki,Beef teppanyaki,,Meat and alternatives,Meat and alternatives,Beef-based dishes,"Beef meat, boneless with bean sprout, green onion and dark sauce, cooked on hotplate",1 scoop(s) (serving spoon) = 100g,Per Serving (100g),129,129,Per 100g,12.8,0.1,8.6,,photo,FALSE,Lab Analysis,2010
beef-with-black-bean-sauce,Beef with black bean sauce,,Meat and alternatives,Meat and alternatives,Beef-based dishes,Stir-fried beef with black bean sauce,1 scoop(s) (serving spoon) = 100g,Per Serving (100g),205,205,Per 100g,21.39,3.99,11.2,,photo,FALSE,Lab Analysis,2010
black-pepper-steak,Black pepper steak,,Meat and alternatives,Meat and alternatives,Beef-based dishes,"Grilled beef steak, served with black pepper sauce on the side",1 plate(s) = 475g,Per Serving (475g),850,179,Per 100g,48.97,49.07,51.58,,photo,FALSE,Lab Analysis,2010
braised-beef-stomach,Braised beef stomach,,Meat and alternatives,Meat and alternatives,Beef-based dishes,Chinese-style beef tripe in brown sauce and spices,1 scoop(s) (serving spoon) = 100g,Per Serving (100g),192,192,Per 100g,17.3,3.7,12.1,,photo,FALSE,Lab Analysis,2010
daging-masak-kicap,Daging masak kicap,,Meat and alternatives,Meat and alternatives,Beef-based dishes,Beef pieces simmered in mixture of soy sauce and sweet soy sauce,1 scoop(s) (serving spoon) = 100g,Per Serving (100g),95,95,Per 100g,7.88,3.78,5.36,,photo,FALSE,Lab Analysis,2010
daging-rempah,Daging rempah,,Meat and alternatives,Meat and alternatives,Beef-based dishes,"Lamb patty, cooked with coconut milk, garlic, ginger and onion",1 scoop(s) (serving spoon) = 100g,Per Serving (100g),241,241,Per 100g,17.9,3.5,17.3,,photo,FALSE,Lab Analysis,2010
paru-goreng,Paru goreng,,Meat and alternatives,Meat and alternatives,Beef-based dishes,Malay-style deep-fried beef lungs with spices,1 scoop(s) (serving spoon) = 100g,Per Serving (100g),246,246,Per 100g,26.5,,15.5,,photo,FALSE,Lab Analysis,2010
stir-fried-beef-with-onions,Stir fried beef with onions,,Meat and alternatives,Meat and alternatives,Beef-based dishes,Stir fried beef slices with onions,1 scoop(s) (serving spoon) = 104g,Per Serving (104g),107,103,Per 100g,11.96,6.45,3.69,,photo,FALSE,Lab Analysis,2025
thai-basil-beef-meat-only,Thai basil beef (meat only),,Meat and alternatives,Meat and alternatives,Beef-based dishes,Stir-fried beef with basil and chilli,1 plate(s) = 141g,Per Serving (141g),190,135,Per 100g,19.7,4.09,10.59,,photo,FALSE,Lab Analysis,2018
japanese-stir-fried-beef-slices,Japanese stir fried beef slices,,Meat and alternatives,Meat and alternatives,Beef-based dishes,"Sliced beef stir-fried with sweet-savoury sauce, from beef rice bowl",1 portion(s) = 78g,Per Serving (78g),185,237,Per 100g,15.99,3.9,11.7,,photo,FALSE,Lab Analysis,2025
korean-beef-bulgogi-meat-only,Korean beef bulgogi (meat only),,Meat and alternatives,Meat and alternatives,Beef-based dishes,Marinated grilled beef in sweet-savoury sauce,1 set(s) = 190g,Per Serving (190g),608,320,Per 100g,29.89,18.15,46.28,,photo,FALSE,Derived,2026
grilled-lamb-chump-chop,Grilled lamb chump chop,,Meat and alternatives,Meat and alternatives,Mutton,"Tender red meat from the rear chump portion of lamb, without bone, grilled until cooked through, with a slightly charred exterior. Lean muscle meat with internal and external fat attached.",1 whole = 85g,Per Serving (85g),254,299,Per 100g,25.5,0,17,,photo,FALSE,Borrowed,2025
grilled-lamb-midloin-chop,Grilled lamb midloin chop,,Meat and alternatives,Meat and alternatives,Mutton,"Tender red meat from the loin portion of lamb, with bone, grilled until cooked through, with a slightly charred exterior. Lean muscle meat with internal and external fat attached.",1 whole = 65g,Per Serving (65g),145,276,Per 100g,14.11,0,9.95,,photo,FALSE,Borrowed,2025
grilled-lamb-ribloin-cutlet,Grilled lamb ribloin cutlet,,Meat and alternatives,Meat and alternatives,Mutton,"Tender red meat from the rib and loin portion, with bone, grilled until cooked through, with a slightly charred exterior. Lean muscle meat with internal and external fat attached.",1 whole = 50g,Per Serving (50g),106,278,Per 100g,10.34,0,7.18,,photo,FALSE,Borrowed,2025
lamb-chop,Lamb chop,,Meat and alternatives,Meat and alternatives,Mutton,"Pan-fried lamb chop, trimmed",1 plate(s) = 400g,Per Serving (400g),980,286,Per 100g,96.5,0,66.24,,photo,FALSE,Derived,2026
cooked-mutton,Cooked mutton,,Meat and alternatives,Meat and alternatives,Mutton,"Mature sheep meat from various portions, cooked until tender, offering a firm texture with robust, gamey taste, without bone.",1 slice(s) = 24g,Per Serving (24g),155,644,Per 100g,2.57,0,16.3,,photo,FALSE,Borrowed,2025
grilled-lamb-chump-chop-lean,"Grilled lamb chump chop, lean",,Meat and alternatives,Meat and alternatives,Mutton,"Tender red meat from the rear chump portion of lamb, without bone, grilled until cooked through, with a slightly charred exterior. Lean muscle meat only, with all separable fat removed.",1 whole = 85g,Per Serving (85g),195,229,Per 100g,28.99,0,8.67,,photo,FALSE,Borrowed,2025
grilled-lamb-midloin-chop-lean,"Grilled lamb midloin chop, lean",,Meat and alternatives,Meat and alternatives,Mutton,"Tender red meat from the loin portion of lamb, with bone, grilled until cooked through, with a slightly charred exterior. Lean muscle meat only, with all possible internal and external separable fat removed.",1 whole = 65g,Per Serving (65g),106,201,Per 100g,15.69,0,4.79,,photo,FALSE,Borrowed,2025
grilled-lamb-ribloin-cutlet-lean,"Grilled lamb ribloin cutlet, lean",,Meat and alternatives,Meat and alternatives,Mutton,"Tender red meat from the rib and loin portion, with bone, grilled until cooked through, with a slightly charred exterior. Lean muscle meat only, with all separable fat removed.",1 whole = 50g,Per Serving (50g),76,200,Per 100g,11.59,0,3.27,,photo,FALSE,Borrowed,2025
lamb-chump-chop-raw,"Lamb chump chop, raw",,Meat and alternatives,Meat and alternatives,Mutton,"Raw, uncooked red meat from the rear chump portion of lamb, with bone, displaying a deep red colour with marbled texture. Lean muscle meat with internal and external fat attached.",1 whole = 85g,Per Serving (85g),173,234,Per 100g,14.49,0,12.94,,photo,FALSE,Borrowed,2025
lamb-chump-chop-raw-lean,"Lamb chump chop, raw, lean",,Meat and alternatives,Meat and alternatives,Mutton,"Raw, uncooked red meat from the rear chump portion of lamb, with bone, displaying a deep red colour with marbled texture. Lean muscle meat only, with all separable fat removed.",1 whole = 85g,Per Serving (85g),96,130,Per 100g,16.64,0,3.18,,photo,FALSE,Borrowed,2025
lamb-midloin-chop-raw,"Lamb midloin chop, raw",,Meat and alternatives,Meat and alternatives,Mutton,"Raw, uncooked red meat from the loin portion of lamb, with bone, displaying a deep red colour with tender texture and moderate marbling. Lean muscle meat with internal and external fat attached.",1 whole = 95g,Per Serving (95g),243,305,Per 100g,17.56,0,19.47,,photo,FALSE,Borrowed,2025
lamb-shank-raw,"Lamb shank, raw",,Meat and alternatives,Meat and alternatives,Mutton,"Raw, uncooked red meat from the lower leg portion of lamb, with bone, displaying a deep red colour with dense texture. Lean muscle meat with internal and external fat attached.",1 whole = 295g,Per Serving (295g),488,188,Per 100g,56.33,0,29.08,,photo,FALSE,Borrowed,2025
lamb-shank-raw-lean,"Lamb shank, raw, lean",,Meat and alternatives,Meat and alternatives,Mutton,"Raw, uncooked red meat from the lower leg portion of lamb, with bone, displaying a deep red colour with dense texture. Lean muscle meat only, with all possible internal and external separable fat removed.",1 whole = 295g,Per Serving (295g),296,114,Per 100g,62.04,0,4.93,,photo,FALSE,Borrowed,2025
chinese-mutton-soup,Chinese mutton soup,,Meat and alternatives,Meat and alternatives,Mutton-based dishes,"Chinese-style soup made with mutton, with bones, dried beancurd, black fungus and water",1 bowl(s) = 450g,Per Serving (450g),329,73,Per 100g,30.6,0,22.95,,photo,FALSE,Lab Analysis,2010
kambing-goreng,Kambing goreng,,Meat and alternatives,Meat and alternatives,Mutton-based dishes,Malay-style fried mutton simmered in coconut milk,1 scoop(s) (serving spoon) = 100g,Per Serving (100g),273,273,Per 100g,34,1.1,14.68,,photo,FALSE,Lab Analysis,2010
kambing-soup,Kambing soup,,Meat and alternatives,Meat and alternatives,Mutton-based dishes,Mutton soup with spice,1 bowl(s) = 463g,Per Serving (463g),347,75,Per 100g,32.32,17.04,16.58,,photo,FALSE,Lab Analysis,2010
keema,Keema,,Meat and alternatives,Meat and alternatives,Mutton-based dishes,Indian-style minced meat fried with peas and yoghurt,1 scoop(s) (serving spoon) = 100g,Per Serving (100g),152,152,Per 100g,14.5,2.75,9.23,,photo,FALSE,Lab Analysis,2010
lamb-pirattal,Lamb pirattal,,Meat and alternatives,Meat and alternatives,Mutton-based dishes,"Indian-style stir-fried lamb pieces, pre-marinated with sauteed ginger, garlic and green chilli",1 scoop(s) (serving spoon) = 100g,Per Serving (100g),156,156,Per 100g,16.1,5.9,7.6,,photo,FALSE,Lab Analysis,2010
mutton-curry,Mutton curry,,Meat and alternatives,Meat and alternatives,Mutton-based dishes,"Mutton, with yoghurt, asafoetida, ginger, garlic, almond and spice",1 scoop(s) (serving spoon) = 302g,Per Serving (302g),559,185,Per 100g,39.89,5.47,41.92,,photo,FALSE,Lab Analysis,2023
mutton-curry-dry,Mutton curry (dry),,Meat and alternatives,Meat and alternatives,Mutton-based dishes,"Mutton meat, with shallots, curry powder, garlic, ginger, spices, coconut milk",1 scoop(s) (serving spoon) = 100g,Per Serving (100g),185,185,Per 100g,19.4,0.5,11.7,,photo,FALSE,Lab Analysis,2010
mutton-cutlet,Mutton cutlet,,Meat and alternatives,Meat and alternatives,Mutton-based dishes,Indian-style breaded and deep-fried mutton,1 piece(s) = 100g,Per Serving (100g),297,297,Per 100g,22.06,8.59,19.42,,photo,FALSE,Lab Analysis,2010
mutton-kurma,Mutton kurma,,Meat and alternatives,Meat and alternatives,Mutton-based dishes,Indian-style mutton curry cooked with kurmah powder and coocnut milk,1 scoop(s) (serving spoon) = 100g,Per Serving (100g),154,154,Per 100g,11,3.1,10.7,,photo,FALSE,Lab Analysis,2010
mutton-rendang,Mutton rendang,,Meat and alternatives,Meat and alternatives,Mutton-based dishes,"Mutton, lean, in a coconut and chilli gravy",1 scoop(s) (serving spoon) = 100g,Per Serving (100g),182,182,Per 100g,20.7,4.2,9.1,,photo,FALSE,Lab Analysis,2010
mutton-satay,Mutton satay,,Meat and alternatives,Meat and alternatives,Mutton-based dishes,Barbequed skewered mutton meat seasoned in spices,1 stick(s) = 11g,Per Serving (11g),33,303,Per 100g,2.52,1.92,1.72,,photo,FALSE,Lab Analysis,2026
mutton-satay-with-sauce,Mutton satay with sauce,,Meat and alternatives,Meat and alternatives,Mutton-based dishes,"Barbequed mutton meat seasoned in spices, skewered and served with peanut gravy",1 stick(s) = 19g,Per Serving (19g),48,255,Per 100g,2.88,3.75,2.43,,photo,FALSE,Derived,2026
sup-tulang,Sup tulang,,Meat and alternatives,Meat and alternatives,Mutton-based dishes,Soup dish made from mutton or beef bones,1 bowl(s) = 934g,Per Serving (934g),211,49,Per 100g,20.15,13.1,8.68,,photo,FALSE,Lab Analysis,2010
frog-leg-raw,"Frog leg, raw",,Meat and alternatives,Meat and alternatives,Other meats,"Raw, uncooked white meat from the hind legs of frogs, with bone, displaying a pale pink colour with tender texture.",1 whole = 23g,Per Serving (23g),6,73,Per 100g,1.32,0,0.02,,photo,FALSE,Borrowed,2025
braised-pig-heart,Braised pig heart,,Meat and alternatives,Meat and alternatives,Pork,"Tender organ meat from the pig's heart, braised until tender, offering a firm, dense texture.",1 piece(s) = 13g,Per Serving (13g),19,148,Per 100g,3.07,0.05,0.66,,photo,FALSE,Borrowed,2025
braised-pig-kidney,Braised pig kidney,,Meat and alternatives,Meat and alternatives,Pork,"Soft organ meat from the pig's kidney, braised until tender, offering a firm, dense texture.",1 piece(s) = 12g,Per Serving (12g),18,151,Per 100g,3.05,0,0.56,,photo,FALSE,Borrowed,2025
braised-pig-tail,Braised pig tail,,Meat and alternatives,Meat and alternatives,Pork,"Cooked pale pink meat from the tail portion of the pig, with bone, braised until tender, offering a rich, gelatinous texture.",1 whole = 275g,Per Serving (275g),741,396,Per 100g,31.79,0,66.95,,photo,FALSE,Borrowed,2025
braised-pork-liver,Braised pork liver,,Meat and alternatives,Meat and alternatives,Pork,"Soft organ meat from the pig's liver, braised until tender, offering a smooth, creamy texture with rich, earthy flavour and distinctive iron-like taste.",1 piece(s) = 5g,Per Serving (5g),8,165,Per 100g,1.3,0.19,0.22,,photo,FALSE,Borrowed,2025
braised-pork-spare-ribs,Braised pork spare ribs,,Meat and alternatives,Meat and alternatives,Pork,"Tender meat from the rib portion of the pig, with bone, braised until tender, offering a succulent texture.",1 piece(s) = 36g,Per Serving (36g),109,397,Per 100g,7.95,0,8.29,,photo,FALSE,Borrowed,2025
fried-pig-skin,Fried pig skin,,Meat and alternatives,Meat and alternatives,Pork,"Crispy pork skin that has been deep-fried until golden and crunchy, offering a satisfying crispy texture.",1 piece(s) = 3g,Per Serving (3g),18,593,Per 100g,1.75,0,1.2,,photo,FALSE,Borrowed,2025
grilled-pork-tenderloin-steak,Grilled pork tenderloin steak,,Meat and alternatives,Meat and alternatives,Pork,"Cooked tender meat from the tenderloin portion of pork, without bone, grilled until cooked through, with a slightly charred exterior. Lean muscle meat with internal and external fat attached.",1 whole = 120g,Per Serving (120g),176,147,Per 100g,31.25,0,4.75,,photo,FALSE,Borrowed,2025
pig-heart-raw,"Pig heart, raw",,Meat and alternatives,Meat and alternatives,Pork,"Raw, uncooked organ meat from the pig's heart, displaying a deep red colour with dense, firm texture.",1 whole = 226g,Per Serving (226g),267,118,Per 100g,39.03,3.01,9.85,,photo,FALSE,Borrowed,2025
pig-intestine-raw,"Pig intestine, raw",,Meat and alternatives,Meat and alternatives,Pork,"Raw, uncooked digestive tract from the pig, displaying a pale colour with tubular structure.",1 piece(s) = 12g,Per Serving (12g),22,182,Per 100g,0.92,0,1.99,,photo,FALSE,Borrowed,2025
pig-kidney-raw,"Pig kidney, raw",,Meat and alternatives,Meat and alternatives,Pork,"Raw, uncooked soft organ meat from the pig's kidney, displaying a dark red colour with smooth texture.",1 whole = 233g,Per Serving (233g),233,100,Per 100g,38.35,0,7.57,,photo,FALSE,Borrowed,2025
pig-stomach-raw,"Pig stomach, raw",,Meat and alternatives,Meat and alternatives,Pork,"Raw, uncooked organ meat from the pig's stomach lining, displaying a muscular texture with natural folds and creases.",1 piece(s) = 11g,Per Serving (11g),17,159,Per 100g,1.85,0,1.12,,photo,FALSE,Borrowed,2025
pig-tail-raw,"Pig tail, raw",,Meat and alternatives,Meat and alternatives,Pork,"Raw, uncooked meat and cartilage from the tail portion of the pig, with bone, displaying a pale pink colour with substantial fat layers and cartilaginous segments.",1 piece(s) = 129g,Per Serving (129g),341,378,Per 100g,16.03,0,30.25,,photo,FALSE,Borrowed,2025
pig-tongue-raw,"Pig tongue, raw",,Meat and alternatives,Meat and alternatives,Pork,"Raw, uncooked organ meat from the pig's tongue, displaying a pale pink colour with firm, dense texture.",1 piece(s) = 59g,Per Serving (59g),133,225,Per 100g,9.62,0,10.15,,photo,FALSE,Borrowed,2025
pig-trotter-raw,"Pig trotter, raw",,Meat and alternatives,Meat and alternatives,Pork,"Raw, uncooked foot portion of the pig, with bone, displaying a pale pink colour with gelatinous connective tissue throughout.",1 piece(s) = 61g,Per Serving (61g),78,212,Per 100g,8.48,0,4.61,,photo,FALSE,Borrowed,2025
pork-butterfly-steak-raw,"Pork butterfly steak, raw",,Meat and alternatives,Meat and alternatives,Pork,"Raw, uncooked pork meat that has been butterflied (cut open and flattened), without bone, displaying a pale pink colour with tender texture. Lean muscle meat with internal and external fat attached.",1 whole = 155g,Per Serving (155g),239,154,Per 100g,35.18,0,10.85,,photo,FALSE,Borrowed,2025
pork-leg-raw,"Pork leg, raw",,Meat and alternatives,Meat and alternatives,Pork,"Raw, uncooked meat from the hind leg portion of pork, with bone, displaying a pale pink colour with firm texture. Lean muscle meat with internal and external fat attached.",1 piece(s) = 125g,Per Serving (125g),257,245,Per 100g,18.3,0,19.81,,photo,FALSE,Borrowed,2025
pork-liver-raw,"Pork liver, raw",,Meat and alternatives,Meat and alternatives,Pork,"Raw, uncooked organ meat from the pig's liver, displaying a dark reddish-brown colour with smooth, dense texture.",1 piece(s) = 9g,Per Serving (9g),12,134,Per 100g,1.93,0.22,0.33,,photo,FALSE,Borrowed,2025
pork-spare-ribs-raw,"Pork spare ribs, raw",,Meat and alternatives,Meat and alternatives,Pork,"Raw, uncooked meat from the rib portion of pork, with bone, displaying a pale pink colour with marbled texture.",1 piece(s) = 54g,Per Serving (54g),117,286,Per 100g,7.43,0,9.85,,photo,FALSE,Borrowed,2025
roasted-pork-spare-ribs,Roasted pork spare ribs,,Meat and alternatives,Meat and alternatives,Pork,"Tender meat from the rib portion of pork, with bone, oven baked until cooked through, offering a succulent texture.",1 piece(s) = 28g,Per Serving (28g),77,361,Per 100g,4.45,0,6.57,,photo,FALSE,Borrowed,2025
bak-kut-teh-dry,Bak kut teh (dry),,Meat and alternatives,Meat and alternatives,Pork-based dishes,"Singaporean stir-fried pork ribs braised in dark soy sauce, garlic, dried chillies and aromatic herbs",1 bowl(s) = 282g,Per Serving (282g),677,240,Per 100g,45.15,29.58,41.93,,photo,FALSE,Lab Analysis,2023
bak-kut-teh-soup,Bak kut teh (soup),,Meat and alternatives,Meat and alternatives,Pork-based dishes,Pork rib soup with herbs and spices,1 bowl(s) = 574g,Per Serving (574g),217,45,Per 100g,19.62,,15.18,,photo,FALSE,Lab Analysis,2025
black-vinegar-pig-s-trotter,Black vinegar pig's trotter,,Meat and alternatives,Meat and alternatives,Pork-based dishes,"Pig trotter pieces cooked in soup made from black vinegar, ginger and sugar",1 scoop(s) (serving spoon) = 100g,Per Serving (100g),102,107,Per 100g,5.13,10.07,4.47,,photo,FALSE,Lab Analysis,2010
braised-pig-skin,Braised pig skin,,Meat and alternatives,Meat and alternatives,Pork-based dishes,"Pig's skin served in black sauce, braised",1 piece(s) = 75g,Per Serving (75g),116,155,Per 100g,12.15,,7.5,,photo,FALSE,Lab Analysis,2010
braised-pig-trotters-with-mushroom,Braised pig trotters with mushroom,,Meat and alternatives,Meat and alternatives,Pork-based dishes,"Pig trotter with Chinese mushroom and chestnuts, braised in claypot",1 scoop(s) (serving spoon) = 100g,Per Serving (100g),127,205,Per 100g,10.78,2.12,8.46,,photo,FALSE,Lab Analysis,2010
braised-pig-s-intestine,Braised pig's intestine,,Meat and alternatives,Meat and alternatives,Pork-based dishes,Pig's small intestine braised in black sauce,1 scoop(s) (serving spoon) = 100g,Per Serving (100g),150,150,Per 100g,13.16,0,10.76,,photo,FALSE,Lab Analysis,2010
braised-pork-belly,Braised pork belly,,Meat and alternatives,Meat and alternatives,Pork-based dishes,Pork belly braised in dark soy sauce with spices and aromatics,1 scoop(s) (serving spoon) = 100g,Per Serving (100g),244,244,Per 100g,16.6,7.05,16.9,,photo,FALSE,Lab Analysis,2023
char-siew,Char siew,,Meat and alternatives,Meat and alternatives,Pork-based dishes,Honey barbecue pork,1 portion(s) = 66g,Per Serving (66g),140,212,Per 100g,16.96,5.68,6.4,,photo,FALSE,Lab Analysis,2025
fried-pork-chop,Fried pork chop,,Meat and alternatives,Meat and alternatives,Pork-based dishes,"Lean pork marinated with oyster sauce, soya sauce, and spices, pan fried",1 piece(s) = 128g,Per Serving (128g),206,161,Per 100g,30.84,4.13,7.39,,photo,FALSE,Lab Analysis,2023
grilled-pork-chop,Grilled pork chop,,Meat and alternatives,Meat and alternatives,Pork-based dishes,Grilled pork midloin chop,1 piece(s) = 135g,Per Serving (135g),368,363,Per 100g,24,0,30.48,,photo,FALSE,Borrowed,2025
gyoza,Gyoza,,Meat and alternatives,Meat and alternatives,Pork-based dishes,Fried dumpling with chives and minced pork filling,1 piece(s) = 19g,Per Serving (19g),36,187,Per 100g,1.6,3.99,1.46,,photo,FALSE,Lab Analysis,2025
herbal-bak-kut-teh-malaysian,Herbal bak kut teh (Malaysian),,Meat and alternatives,Meat and alternatives,Pork-based dishes,Malaysian-style pork rib soup with medicinal herbs and spices,1 bowl(s) = 502g,Per Serving (502g),718,143,Per 100g,47.94,14.16,52.41,,photo,FALSE,Lab Analysis,2023
liver-roll-ngoh-hiang,Liver roll ngoh hiang,,Meat and alternatives,Meat and alternatives,Pork-based dishes,Deep-fried sausage-shaped minced pork liver and fatty meat wrapped in dried beancurd sheet,1 roll(s) = 140g,Per Serving (140g),522,373,Per 100g,18.76,20.72,40.46,,photo,FALSE,Lab Analysis,2010
lor-bak-braised-pork-belly,Lor bak (braised pork belly),,Meat and alternatives,Meat and alternatives,Pork-based dishes,Pork meat stewed in soya sauce and garlic,1 scoop(s) (serving spoon) = 93g,Per Serving (93g),226,243,Per 100g,20.18,3.12,14.79,,photo,FALSE,Lab Analysis,2025
lotus-root-and-pork-ribs-soup,Lotus root and pork ribs soup,,Meat and alternatives,Meat and alternatives,Pork-based dishes,"Clear soup with lotus root, pork ribs and peanuts",1 bowl(s) = 562g,Per Serving (562g),351,66,Per 100g,28.55,38.28,9.3,,photo,FALSE,Lab Analysis,2025
minced-pork-tofu-soup,Minced pork tofu soup,,Meat and alternatives,Meat and alternatives,Pork-based dishes,Minced pork with tofu cubes in clear soup,1 bowl(s) = 450g,Per Serving (450g),108,24,Per 100g,13.95,3.15,4.5,,photo,FALSE,Lab Analysis,2010
peking-spare-ribs,Peking spare ribs,,Meat and alternatives,Meat and alternatives,Pork-based dishes,"Pork ribs served with tomato sauce, deep-fried, boneless and lean only",1 piece(s) = 100g,Per Serving (100g),206,224,Per 100g,20.06,4.6,11.87,,photo,FALSE,Lab Analysis,2010
pig-organ-soup,Pig organ soup,,Meat and alternatives,Meat and alternatives,Pork-based dishes,"Soup made with pig organs, pork and salted vegetables",1 bowl(s) = 450g,Per Serving (450g),162,36,Per 100g,22.5,4.95,5.85,,photo,FALSE,Lab Analysis,2010
pig-s-stomach-soup,Pig's stomach soup,,Meat and alternatives,Meat and alternatives,Pork-based dishes,"Soup, with boiled pig's stomach, peppercorns and ginger",1 bowl(s) = 450g,Per Serving (450g),234,52,Per 100g,30.38,8.59,8.33,,photo,FALSE,Lab Analysis,2024
pork-and-chives-dumpling-6-pc-in-soup,"Pork and chives dumpling (6 pc, in soup)",,Meat and alternatives,Meat and alternatives,Pork-based dishes,Six dumplings filled with minced pork and chives in clear broth,1 bowl(s) = 668g,Per Serving (668g),615,92,Per 100g,30.26,23.18,44.56,,photo,FALSE,Lab Analysis,2023
fried-pork-cutlet,Fried pork cutlet,,Meat and alternatives,Meat and alternatives,Pork-based dishes,Deep-fried battered pork chop,1 piece(s) = 229g,Per Serving (229g),649,309,Per 100g,36.96,29.71,42.52,,photo,FALSE,Lab Analysis,2025
pork-liver-soup,Pork liver soup,,Meat and alternatives,Meat and alternatives,Pork-based dishes,"Soup, with pork liver, salted vegetable, spring onion and spinach",1 bowl(s) = 450g,Per Serving (450g),167,37,Per 100g,26.1,1.35,6.3,,photo,FALSE,Lab Analysis,2010
pork-ribs-and-peanut-soup,Pork ribs and peanut soup,,Meat and alternatives,Meat and alternatives,Pork-based dishes,pork rib soup boilied with peanut,1 bowl(s) = 450g,Per Serving (450g),372,87,Per 100g,39.16,4.49,21.42,,photo,FALSE,Lab Analysis,2010
pork-ribs-and-watercress-soup,Pork ribs and watercress soup,,Meat and alternatives,Meat and alternatives,Pork-based dishes,"Watercress boiled with pork rib and herbs (e.g. dates, wolfberries), served as soup",1 bowl(s) = 652g,Per Serving (652g),269,44,Per 100g,25.66,23.46,8.25,,photo,FALSE,Lab Analysis,2026
pork-ribs-and-wintermelon-soup,Pork ribs and wintermelon soup,,Meat and alternatives,Meat and alternatives,Pork-based dishes,Winter melon boiled with pork ribs served in soup,1 bowl(s) = 680g,Per Serving (680g),227,36,Per 100g,16.37,16.06,10.7,,photo,FALSE,Lab Analysis,2026
pork-ribs-with-black-bean-sauce,Pork ribs with black bean sauce,,Meat and alternatives,Meat and alternatives,Pork-based dishes,"Braised pork ribs, with black mushroom and taucheo",1 scoop(s) (serving spoon) = 100g,Per Serving (100g),92,176,Per 100g,8.16,1.24,6.01,,photo,FALSE,Lab Analysis,2010
pork-satay,Pork satay,,Meat and alternatives,Meat and alternatives,Pork-based dishes,"Boneless pork, marinated with spices, skewered and barbequed",1 stick(s) = 11g,Per Serving (11g),32,293,Per 100g,2.3,1.73,1.78,,photo,FALSE,Lab Analysis,2024
pork-satay-with-sauce,Pork satay with sauce,,Meat and alternatives,Meat and alternatives,Pork-based dishes,"Boneless pork, marinated with spices, skewered and barbequed, served with peanut sauce",1 stick(s) = 21g,Per Serving (21g),53,250,Per 100g,2.96,3.95,2.75,,photo,FALSE,Derived,2026
roasted-pork-belly,Roasted pork belly,,Meat and alternatives,Meat and alternatives,Pork-based dishes,"Pork belly marinated with spices, roasted",1 portion(s) = 69g,Per Serving (69g),302,437,Per 100g,10.63,1.83,27.98,,photo,FALSE,Lab Analysis,2025
salted-egg-pork-rib,Salted egg pork rib,,Meat and alternatives,Meat and alternatives,Pork-based dishes,Deep-fried pork ribs coated in salted egg sauce,1 scoop(s) (serving spoon) = 100g,Per Serving (100g),310,310,Per 100g,16.81,12,21.59,,photo,FALSE,Lab Analysis,2018
siew-mai,Siew mai,,Meat and alternatives,Meat and alternatives,Pork-based dishes,Steamed minced pork with seasoning wrapped in wanton skin with crab roe on top,1 piece(s) = 30g,Per Serving (30g),67,222,Per 100g,2.75,4.94,3.99,,photo,FALSE,Lab Analysis,2025
steamed-minced-pork-with-mushroom,Steamed minced pork with mushroom,,Meat and alternatives,Meat and alternatives,Pork-based dishes,"Minced pork with chinese mushroom, steamed",1 scoop(s) (serving spoon) = 100g,Per Serving (100g),210,210,Per 100g,13.5,1.93,16.46,,photo,FALSE,Lab Analysis,2010
steamed-minced-pork-with-salted-fish,Steamed minced pork with salted fish,,Meat and alternatives,Meat and alternatives,Pork-based dishes,"Minced pork with salted fish, ginger and oyster sauce, steamed",1 scoop(s) (serving spoon) = 100g,Per Serving (100g),214,214,Per 100g,20.5,0.7,14.4,,photo,FALSE,Lab Analysis,2010
steamed-spare-ribs,Steamed spare ribs,,Meat and alternatives,Meat and alternatives,Pork-based dishes,Pork spare ribs steamed with black beans and garlic,1 scoop(s) (serving spoon) = 101g,Per Serving (101g),129,202,Per 100g,8.91,4.57,8.32,,photo,FALSE,Lab Analysis,2010
sweet-and-sour-pork,Sweet and sour pork,,Meat and alternatives,Meat and alternatives,Pork-based dishes,Deep-fried pork meat with pineapple and green peppers in sweet and sour sauce,1 scoop(s) (serving spoon) = 100g,Per Serving (100g),310,310,Per 100g,13.03,20.65,19.45,,photo,FALSE,Lab Analysis,2023
sweet-and-sour-pork-cutlet,Sweet and sour pork cutlet,,Meat and alternatives,Meat and alternatives,Pork-based dishes,Deep-fried pork cutlet with pineapple and green peppers in sweet and sour sauce,1 piece(s) = 100g,Per Serving (100g),214,214,Per 100g,17.96,11.03,10.86,,photo,FALSE,Lab Analysis,2023
thai-basil-pork-meat-only,Thai basil pork (meat only),,Meat and alternatives,Meat and alternatives,Pork-based dishes,Stir-fried pork with basil and chilli,1 plate(s) = 131g,Per Serving (131g),221,169,Per 100g,16.99,6.39,14.28,,photo,FALSE,Lab Analysis,2018
wanton-soup,Wanton soup,,Meat and alternatives,Meat and alternatives,Pork-based dishes,"3 wantons made from chopped pork, prawns and spring onion wrapped in wanton skin, served in soup with vegetables",1 bowl(s) = 620g,Per Serving (620g),267,43,Per 100g,14.26,44.02,3.72,,photo,FALSE,Lab Analysis,2025
xiao-long-bao,Xiao long bao,,Meat and alternatives,Meat and alternatives,Pork-based dishes,Chinese soup dumplings with minced pork and rich broth wrapped in thin dough,1 piece(s) = 23g,Per Serving (23g),43,189,Per 100g,2.21,3.73,2.17,,photo,FALSE,Lab Analysis,2025
braised-pig-s-innards,Braised pig's innards,,Meat and alternatives,Meat and alternatives,Pork-based dishes,"Pork organs such as intestines, liver, or stomach braised in soy sauce and spices",1 piece(s) = 63g,Per Serving (63g),135,214,Per 100g,8.63,1.95,10.24,,photo,FALSE,Lab Analysis,2025
luncheon-meat,Luncheon meat,,Meat and alternatives,Meat and alternatives,Processed meats,Sliced preserved meat,1 slice(s) = 39g,Per Serving (39g),108,276,Per 100g,4.8,5.81,7.22,,photo,FALSE,Lab Analysis,2025
bak-kwa,Bak kwa,,Meat and alternatives,Meat and alternatives,Processed meats,Barbeque glazed honey pork slice,1 slice(s) = 94g,Per Serving (94g),370,394,Per 100g,36.1,47.28,4.04,,photo,FALSE,Lab Analysis,2010
ikan-bilis-and-peanuts-nasi-lemak,Ikan bilis and peanuts (Nasi lemak),,Miscellaneous,Miscellaneous,Others,Crispy fried anchovies and roasted peanuts,1 portion(s) = 29g,Per Serving (29g),118,406,Per 100g,7.03,3.35,8.47,,photo,FALSE,Lab Analysis,2025
baked-mooncake-no-yolk,Baked mooncake (no yolk),,Miscellaneous,Miscellaneous,Seasonal items,"Mooncake baked in flour-based pastry, filled with sweet lotus seed paste only",1 slice(s) (1/8 mooncake) = 25g,Per Serving (25g),95,381,Per 100g,1.39,12.69,4.33,,photo,FALSE,Lab Analysis,2010
baked-mooncake-with-yolk,Baked mooncake (with yolk),,Miscellaneous,Miscellaneous,Seasonal items,"Mooncake baked in flour-based pastry, filled with sweet lotus seed paste and egg yolk",1 slice(s) (1/8 mooncake) = 27g,Per Serving (27g),113,419,Per 100g,1.84,11.94,6.44,,photo,FALSE,Lab Analysis,2010
nonya-zhang-rice-dumpling,Nonya zhang (rice dumpling),,Miscellaneous,Miscellaneous,Seasonal items,Glutinous rice dumpling filed with lean and fatty minced meat,1 whole = 165g,Per Serving (165g),315,191,Per 100g,8.42,52.31,7.92,,photo,FALSE,Lab Analysis,2010
pineapple-tart,Pineapple tart,,Miscellaneous,Miscellaneous,Seasonal items,"Round shaped pastry filled with sweetened pineapple paste, baked",1 piece(s) = 20g,Per Serving (20g),93,466,Per 100g,1.18,14.1,3.56,,photo,FALSE,Lab Analysis,2010
tangyuan,Tangyuan,,Miscellaneous,Miscellaneous,Seasonal items,"Chinese dessert, made of glutinous rice flour with fillings, cooked with sugar syrup soup",1 piece(s) = 20g,Per Serving (20g),25,124,Per 100g,0.4,5.64,0.06,,photo,FALSE,NIP,2025
traditional-ba-zhang-rice-dumpling,Traditional ba zhang (rice dumpling),,Miscellaneous,Miscellaneous,Seasonal items,"Glutinous rice filled with fatty meat, chestnut and chopped mushroom, wrapped in banana leaves and steamed",1 whole = 185g,Per Serving (185g),387,209,Per 100g,11.84,54.58,13.51,,photo,FALSE,Lab Analysis,2010
vegetarian-rice-dumpling,Vegetarian rice dumpling,,Miscellaneous,Miscellaneous,Seasonal items,"Glutinous rice, with mocked meat, chestnut and chinese mushroom filling, steamed",1 whole = 197g,Per Serving (197g),396,201,Per 100g,11.62,68.95,8.08,,photo,FALSE,Lab Analysis,2010
yu-sheng,Yu sheng,,Miscellaneous,Miscellaneous,Seasonal items,"Thinly sliced raw salmon fish with carrots, radish, pickled ginger, crackers, peanuts and plum sauce",1 scoop(s) (serving spoon) = 100g,Per Serving (100g),145,145,Per 100g,4.8,6.9,10.9,,photo,FALSE,Lab Analysis,2010
chinese-rojak-mixed,Chinese rojak (mixed),,Mixed,Mixed,Customisable mixed dishes,"Chinese-style salad platter consisting of sliced turnip, cucumber, beansprouts, pineapple cubes, you tiao and tau pok, tossed in a gravy made of prawn paste, sugar, tamarind and chilli",1 plate(s) = 318g,Per Serving (318g),633,199,Per 100g,16.06,87.61,24.33,,photo,FALSE,Lab Analysis,2025
chinese-rojak-you-tiao,Chinese rojak (you tiao),,Mixed,Mixed,Customisable mixed dishes,"Chinese-style salad platter consisting of you tiao (fried dough fritters), bean sprouts, cucumber and pineapple tossed in thick prawn paste sauce",1 plate(s) = 319g,Per Serving (319g),1027,322,Per 100g,25.11,144.79,38.63,,photo,FALSE,Lab Analysis,2023
indian-rojak,Indian rojak,,Mixed,Mixed,Customisable mixed dishes,Indian-style mixed fritter platter with sweet-spicy peanut sauce,1 plate(s) = 987g,Per Serving (987g),1619,164,Per 100g,58.53,152.29,85.87,,photo,FALSE,Lab Analysis,2023
mala-xiang-guo-dry,Mala xiang guo (dry),,Mixed,Mixed,Customisable mixed dishes,Stir-fried various ingredients with spicy and numbing Sichuan-style spices,1 plate(s) = 719g,Per Serving (719g),1165,162,Per 100g,52.92,70.25,77.29,,photo,FALSE,Lab Analysis,2023
mala-xiang-guo-soup,Mala xiang guo (soup),,Mixed,Mixed,Customisable mixed dishes,Spicy and numbing Sichuan-style mala broth with various ingredients,1 bowl(s) = 1350g,Per Serving (1350g),1445,107,Per 100g,67.1,85.59,97.34,,photo,FALSE,Lab Analysis,2023
steamboat-set-chicken-soup-1-pax,"Steamboat set (chicken soup, 1 pax)",,Mixed,Mixed,Customisable mixed dishes,"Individual hot pot set with chicken broth, meat, vegetables, mushrooms and rice",1 set(s) = 1733g,Per Serving (1733g),1230,71,Per 100g,59.27,123.04,56.32,,photo,FALSE,Lab Analysis,2025
steamboat-set-mala-1-pax,"Steamboat set (mala, 1 pax)",,Mixed,Mixed,Customisable mixed dishes,"Individual hot pot set with spicy Sichuan broth, vegetables, mushroom, seafood, meat, served with rice or noodles",1 set(s) = 1733g,Per Serving (1733g),3490,203,Per 100g,29.74,67.57,343.52,,photo,FALSE,Derived,2026
steamboat-set-tom-yum-1-pax,"Steamboat set (tom yum, 1 pax)",,Mixed,Mixed,Customisable mixed dishes,"Individual hot pot set with spicy-sour Thai broth, vegetables, mushroom, seafood, meat, served with rice or noodles",1 set(s) = 1733g,Per Serving (1733g),943,55,Per 100g,38.08,129.32,28.64,,photo,FALSE,Derived,2026
steamboat-set-tomato-1-pax,"Steamboat set (tomato, 1 pax)",,Mixed,Mixed,Customisable mixed dishes,"Individual hot pot set with tomato broth, vegetables, mushroom, seafood, meat, served with rice or noodles",1 set(s) = 1733g,Per Serving (1733g),1152,67,Per 100g,29.93,125.72,57.1,,photo,FALSE,Derived,2026
yong-tau-foo-clear-soup-7-pieces-boiled,"Yong tau foo (clear soup, 7 pieces, boiled)",,Mixed,Mixed,Customisable mixed dishes,7 assorted stuffed boiled yong tau foo items in clear broth,1 bowl(s) = 745g,Per Serving (745g),82,11,Per 100g,5.74,10.43,1.19,,photo,FALSE,Derived,2026
yong-tau-foo-clear-soup-7-pieces-fried,"Yong tau foo (clear soup, 7 pieces, fried)",,Mixed,Mixed,Customisable mixed dishes,7 assorted stuffed fried yong tau foo items in clear broth,1 bowl(s) = 928g,Per Serving (928g),1206,130,Per 100g,43.52,75.08,80.27,,photo,FALSE,Derived,2026
yong-tau-foo-clear-soup-7-pieces-mixed,"Yong tau foo (clear soup, 7 pieces, mixed)",,Mixed,Mixed,Customisable mixed dishes,7 assorted stuffed boiled or fried yong tau foo items in clear broth,1 bowl(s) = 771g,Per Serving (771g),594,77,Per 100g,22.67,39.4,37.55,,photo,FALSE,Derived,2026
yong-tau-foo-clear-soup-with-rice-noodles,"Yong tau foo (clear soup, with rice/noodles)",,Mixed,Mixed,Customisable mixed dishes,"Mixed yong tau foo items in clear broth, served with either white rice or thick beehoon",1 bowl(s) = 971g,Per Serving (971g),845,87,Per 100g,26.9,95.64,38.06,,photo,FALSE,Derived,2026
yong-tau-foo-laksa-7-pieces-boiled,"Yong tau foo (laksa, 7 pieces, boiled)",,Mixed,Mixed,Customisable mixed dishes,7 assorted stuffed boiled yong tau foo items in laksa broth,1 bowl(s) = 815g,Per Serving (815g),742,91,Per 100g,33.17,37.98,50.77,,photo,FALSE,Lab Analysis,2023
yong-tau-foo-laksa-7-pieces-fried,"Yong tau foo (laksa, 7 pieces, fried)",,Mixed,Mixed,Customisable mixed dishes,7 assorted stuffed fried yong tau foo items in laksa broth,1 bowl(s) = 779g,Per Serving (779g),904,116,Per 100g,39.11,49.54,62.48,,photo,FALSE,Lab Analysis,2023
yong-tau-foo-laksa-7-pieces-mixed,"Yong tau foo (laksa, 7 pieces, mixed)",,Mixed,Mixed,Customisable mixed dishes,7 assorted stuffed boiled or fried yong tau foo items in laksa broth,1 bowl(s) = 797g,Per Serving (797g),821,103,Per 100g,36.1,43.76,56.59,,photo,FALSE,Derived,2026
yong-tau-foo-laksa-with-rice-noodles,"Yong tau foo (laksa, with rice/noodles)",,Mixed,Mixed,Customisable mixed dishes,"Mixed yong tau foo items in laksa broth, served with either white rice or thick beehoon",1 bowl(s) = 997g,Per Serving (997g),1077,108,Per 100g,40.38,100,57.13,,photo,FALSE,Derived,2026
grain-bowl-7-toppings-with-sauce,"Grain bowl (7 toppings, with sauce)",,Mixed,Mixed,Customisable mixed dishes,"Carbohydrate base (e.g. pasta, brown rice, soba) with 1 main protein (e.g. chicken, fish) selected, choice of 7 toppings with sauce",1 bowl(s) = 745g,Per Serving (745g),943,143,Per 100g,47.19,104.6,39.02,,photo,FALSE,Derived,2026
grain-bowl-7-toppings-without-sauce,"Grain bowl (7 toppings, without sauce)",,Mixed,Mixed,Customisable mixed dishes,"Carbohydrate base (e.g. pasta, brown rice, soba) with 1 main protein (e.g. chicken, fish) selected, choice of 7 toppings without sauce",1 bowl(s) = 713g,Per Serving (713g),821,131,Per 100g,46.34,98.64,28.34,,photo,FALSE,Derived,2026
salad-5-toppings-with-sauce,"Salad (5 toppings, with sauce)",,Mixed,Mixed,Customisable mixed dishes,"Vegetable base with 1 main protein (e.g. chicken, fish) selected, choice of 5 toppings with sauce",1 bowl(s) = 598g,Per Serving (598g),676,126,Per 100g,36.38,62.09,32.63,,photo,FALSE,Derived,2026
salad-5-toppings-without-sauce,"Salad (5 toppings, without sauce)",,Mixed,Mixed,Customisable mixed dishes,"Vegetable base with 1 main protein (e.g. chicken, fish) selected, choice of 5 toppings without sauce",1 bowl(s) = 566g,Per Serving (566g),555,110,Per 100g,35.48,56.17,21.95,,photo,FALSE,Derived,2026
grain-bowl-5-toppings-with-sauce,"Grain bowl (5 toppings, with sauce)",,Mixed,Mixed,Customisable mixed dishes,"Carbohydrate base (e.g. pasta, brown rice, soba) with 1 main protein (e.g. chicken, fish) selected, choice of 5 toppings with sauce",1 bowl(s) = 585g,Per Serving (585g),765,146,Per 100g,38.64,83.68,31.84,,photo,FALSE,Derived,2026
grain-bowl-5-toppings-without-sauce,"Grain bowl (5 toppings, without sauce)",,Mixed,Mixed,Customisable mixed dishes,"Carbohydrate base (e.g. pasta, brown rice, soba) with 1 main protein (e.g. chicken, fish) selected, choice of 5 toppings without sauce",1 bowl(s) = 553g,Per Serving (553g),639,130,Per 100g,37.76,77.72,21.14,,photo,FALSE,Derived,2026
beef-burger-with-fries,Beef burger with fries,,Mixed,Mixed,Set meals,Beef burger served with a side of fries,1 set(s) = 388g,Per Serving (388g),1044,269,Per 100g,41.44,75.5,64.06,,photo,FALSE,Derived,2026
chicken-chop-with-beans-fries-and-coleslaw,"Chicken chop with beans, fries and coleslaw",,Mixed,Mixed,Set meals,"Grilled chicken thigh served with gravy, baked beans, coleslaw and fries",1 set(s) = 489g,Per Serving (489g),949,194,Per 100g,49.24,68.17,53.01,,photo,FALSE,Derived,2026
chicken-chop-with-fries-and-coleslaw,Chicken chop with fries and coleslaw,,Mixed,Mixed,Set meals,Grilled or fried chicken served with fries and coleslaw,1 set(s) = 454g,Per Serving (454g),931,205,Per 100g,64.7,39.32,56.98,,photo,FALSE,Lab Analysis,2023
chicken-chop-with-fries-and-mash,Chicken chop with fries and mash,,Mixed,Mixed,Set meals,Grilled or fried chicken served with fries and mash potatoes,1 set(s) = 509g,Per Serving (509g),784,154,Per 100g,48.36,63.12,37.67,,photo,FALSE,Lab Analysis,2023
fried-chicken-2-pc-with-coleslaw,Fried chicken (2 pc) with coleslaw,,Mixed,Mixed,Set meals,2 pieces of fried chicken served with coleslaw,1 set(s) = 304g,Per Serving (304g),657,216,Per 100g,45.14,30,47.42,,photo,FALSE,Derived,2026
fried-chicken-2-pc-with-coleslaw-and-mashed-potato,Fried chicken (2 pc) with coleslaw and mashed potato,,Mixed,Mixed,Set meals,2 pieces of fried chicken served with coleslaw and mashed potato,1 set(s) = 438g,Per Serving (438g),727,166,Per 100g,45.33,45.33,47.87,,photo,FALSE,Derived,2026
fried-chicken-2-pc-with-fries,Fried chicken (2 pc) with fries,,Mixed,Mixed,Set meals,2 pieces of fried chicken served with 1 medium packet of french fries,1 set(s) = 319g,Per Serving (319g),960,301,Per 100g,49.38,68.27,62.05,,photo,FALSE,Derived,2026
fried-chicken-2-pc-with-fries-and-coleslaw,Fried chicken (2 pc) with fries and coleslaw,,Mixed,Mixed,Set meals,2 pieces of fried chicken served with 1 medium packet of french fries and coleslaw,1 set(s) = 419g,Per Serving (419g),1056,252,Per 100g,48.65,73.2,70.69,,photo,FALSE,Derived,2026
fried-chicken-2-pc-with-fries-and-mashed-potato,Fried chicken (2 pc) with fries and mashed potato,,Mixed,Mixed,Set meals,2 pieces of fried chicken served with 1 medium packet of french fries and mashed potato,1 set(s) = 453g,Per Serving (453g),1019,225,Per 100g,49.56,82.17,62.06,,photo,FALSE,Derived,2026
fried-chicken-3-pc-with-fries,Fried chicken (3 pc) with fries,,Mixed,Mixed,Set meals,3 pieces of fried chicken served with 1 medium packet of french fries,1 set(s) = 421g,Per Serving (421g),1158,275,Per 100g,71.99,70.43,73.42,,photo,FALSE,Derived,2026
fried-chicken-3-pc-with-fries-and-coleslaw,Fried chicken (3 pc) with fries and coleslaw,,Mixed,Mixed,Set meals,3 pieces of fried chicken served with 1 medium packet of french fries and coleslaw,1 set(s) = 521g,Per Serving (521g),1276,245,Per 100g,72.73,76.85,83.05,,photo,FALSE,Derived,2026
fried-chicken-3-pc-with-fries-and-mashed-potato,Fried chicken (3 pc) with fries and mashed potato,,Mixed,Mixed,Set meals,3 pieces of fried chicken served with 1 medium packet of french fries and mashed potato,1 set(s) = 555g,Per Serving (555g),1249,225,Per 100g,73.87,85.58,75.65,,photo,FALSE,Derived,2026
fried-chicken-cutlet-with-beans-fries-and-coleslaw,"Fried chicken cutlet with beans, fries and coleslaw",,Mixed,Mixed,Set meals,"Chicken cutlet with baked beans, coleslaw, french fries",1 set(s) = 518g,Per Serving (518g),1140,220,Per 100g,49.31,85.83,66.1,,photo,FALSE,Derived,2026
fried-chicken-cutlet-with-fries,Fried chicken cutlet with fries,,Mixed,Mixed,Set meals,Chicken cutlet with french fries,1 set(s) = 318g,Per Serving (318g),929,292,Per 100g,43.82,62.36,56.13,,photo,FALSE,Derived,2026
grilled-fish-with-potato-and-vegetables,Grilled fish with potato and vegetables,,Mixed,Mixed,Set meals,"Grilled fish with a side of roasted or mashed potatoes, salad and corn",1 plate(s) = 364g,Per Serving (364g),859,236,Per 100g,51.87,48.41,50.96,,photo,FALSE,Lab Analysis,2025
pork-chop-with-beans-fries-and-coleslaw,"Pork chop with beans, fries and coleslaw",,Mixed,Mixed,Set meals,"Grilled pork chop served with baked beans, coleslaw and fries",1 set(s) = 450g,Per Serving (450g),962,231,Per 100g,34.22,63.77,63.23,,photo,FALSE,Derived,2026
aloo-matar,Aloo matar,,Nuts and legumes,Nuts and legumes,Legume-based dishes,"Potato and pea, stewed with Indian spice, onion and tomato",1 scoop(s) (serving spoon) = 100g,Per Serving (100g),71,71,Per 100g,3.2,7.6,3.1,,photo,FALSE,Lab Analysis,2010
assam-petai,Assam petai,,Nuts and legumes,Nuts and legumes,Legume-based dishes,Malay-style petai in spicy tamarind sauce,1 tablespoon(s) = 15g,Per Serving (15g),13,85,Per 100g,0.95,0.5,0.76,,photo,FALSE,Lab Analysis,2010
dal-tadka,Dal tadka,,Nuts and legumes,Nuts and legumes,Legume-based dishes,"Indian lentil soup finished with tempering of cumin, garlic, and spices in ghee",1 bowl(s) = 347g,Per Serving (347g),493,142,Per 100g,15.2,30.4,34.56,,photo,FALSE,Lab Analysis,2024
dhal-curry,Dhal curry,,Nuts and legumes,Nuts and legumes,Legume-based dishes,Green lentils stewed in chilli and spices,1 scoop(s) (serving spoon) = 100g,Per Serving (100g),101,101,Per 100g,3.79,10.25,5,,photo,FALSE,Lab Analysis,2025
rasam,Rasam,,Nuts and legumes,Nuts and legumes,Legume-based dishes,"South Indian tangy, spicy soup with tamarind, tomatoes, and spices like cumin and pepper",1 bowl(s) = 375g,Per Serving (375g),120,32,Per 100g,3,13.16,6.3,,photo,FALSE,Lab Analysis,2024
boiled-chickpea,Boiled chickpea,,Nuts and legumes,Nuts and legumes,Legumes,Boiled chickpea,1 cup(s) = 260g,Per Serving (260g),426,164,Per 100g,23.04,71.29,6.73,,photo,FALSE,Borrowed,2025
boiled-green-bean,Boiled green bean,,Nuts and legumes,Nuts and legumes,Legumes,"Boiled green beans, bright green in colour, tender crisp texture with mild sweet taste.",1 cup(s) = 125g,Per Serving (125g),44,35,Per 100g,2.36,9.85,0.35,,photo,FALSE,Borrowed,2025
boiled-red-bean,Boiled red bean,,Nuts and legumes,Nuts and legumes,Legumes,"Boiled red beans, deep red-brown in colour, soft tender texture with sweet earthy taste.",1 cup(s) = 230g,Per Serving (230g),294,128,Per 100g,17.3,56.97,0.23,,photo,FALSE,Borrowed,2025
white-soybean-raw,"White soybean, raw",,Nuts and legumes,Nuts and legumes,Legumes,Fresh uncooked legume with pale cream to white round seeds,1 cup(s) = 186g,Per Serving (186g),830,446,Per 100g,67.87,56.1,37.09,,photo,FALSE,Borrowed,2025
baked-peanut-unsalted,"Baked peanut, unsalted",,Nuts and legumes,Nuts and legumes,Nuts and seeds,Oven-baked peanuts without salt,1 handful(s) = 30g,Per Serving (30g),176,587,Per 100g,7.31,6.38,14.9,,photo,FALSE,Borrowed,2025
roasted-chestnut,Roasted chestnut,,Nuts and legumes,Nuts and legumes,Nuts and seeds,"Roasted chestnut, sweet and nutty flavour",1 handful(s) = 50g,Per Serving (50g),120,239,Per 100g,2.24,26.18,0.6,,photo,FALSE,Borrowed,2025
chinese-chestnut-raw,"Chinese chestnut, raw",,Nuts and legumes,Nuts and legumes,Nuts and seeds,"Raw Chinese chestnuts, dark brown in colour, firm starchy texture with sweet nutty taste.",1 cup(s) = 28g,Per Serving (28g),63,224,Per 100g,1.18,13.74,0.31,,photo,FALSE,Borrowed,2025
dried-chinese-chestnut,Dried Chinese chestnut,,Nuts and legumes,Nuts and legumes,Nuts and seeds,"Dried Chinese chestnuts, dark brown in colour, firm chewy texture with sweet nutty taste.",1 cup(s) = 30g,Per Serving (30g),109,363,Per 100g,2.05,23.93,0.54,,photo,FALSE,Borrowed,2025
peanut-raw,"Peanut, raw",,Nuts and legumes,Nuts and legumes,Nuts and seeds,"Raw peanuts, light beige in colour, firm crunchy texture with mild nutty taste.",1 cup(s) = 146g,Per Serving (146g),828,567,Per 100g,37.67,23.55,71.89,,photo,FALSE,Borrowed,2025
dried-beancurd-skin-fuchok,Dried beancurd skin (Fuchok),,Nuts and legumes,Nuts and legumes,Soy and soy products,"Dried beancurd skin, light yellow sheets, thin brittle texture with mild soy taste.",1 sheet(s) = 5g,Per Serving (5g),26,512,Per 100g,2.69,0.3,1.52,,photo,FALSE,Borrowed,2025
beancurd-skin-rolls,Beancurd skin rolls,,Nuts and legumes,Nuts and legumes,Soy-based dishes,Chinese-style deep-fried beancurd rolls filled with minced pork with diced parsley,1 piece(s) = 33g,Per Serving (33g),66,199,Per 100g,4.62,1.04,4.77,,photo,FALSE,Lab Analysis,2010
braised-taupok,Braised taupok,,Nuts and legumes,Nuts and legumes,Soy-based dishes,"Deep-fried soya beancurd with black sauce, stewed",1 piece(s) = 56g,Per Serving (56g),89,159,Per 100g,6.58,1.9,6.3,,photo,FALSE,Lab Analysis,2025
fried-tau-kwa,Fried tau kwa,,Nuts and legumes,Nuts and legumes,Soy-based dishes,"Firm beancurd, deep-fried",1 piece(s) = 111g,Per Serving (111g),163,147,Per 100g,18.6,0.73,9.58,,photo,FALSE,Lab Analysis,2023
hot-plate-tofu,Hot plate tofu,,Nuts and legumes,Nuts and legumes,Soy-based dishes,"Deep-fried egg tofu with mixed vegetables, minced pork meat and oyster sauce on hot plate",1 scoop(s) (serving spoon) = 100g,Per Serving (100g),72,72,Per 100g,5.9,1.78,4.6,,photo,FALSE,Lab Analysis,2026
miso-soup,Miso soup,,Nuts and legumes,Nuts and legumes,Soy-based dishes,"Salty soup made from fermented beans, served with seaweed pieces and small tofu cubes",1 bowl(s) = 192g,Per Serving (192g),25,13,Per 100g,2.48,2.4,0.67,,photo,FALSE,Lab Analysis,2025
sambal-goreng,Sambal goreng,,Nuts and legumes,Nuts and legumes,Soy-based dishes,"Stir-fried tempeh, long beans and tofu in belachan (fermented shrimp paste block) and chilli",1 bowl(s) = 226g,Per Serving (226g),509,225,Per 100g,26.98,13.9,38.26,,photo,FALSE,Lab Analysis,2024
sze-chuan-hot-and-sour-soup,Sze chuan hot and sour soup,,Nuts and legumes,Nuts and legumes,Soy-based dishes,"Soup with tofu, chilli sauce, mixed vegetables and vinegar",1 bowl(s) = 100g,Per Serving (100g),48,48,Per 100g,3.9,2.5,2.5,,photo,FALSE,Lab Analysis,2010
tahu-goreng,Tahu goreng,,Nuts and legumes,Nuts and legumes,Soy-based dishes,"Deep-fried beancurd, served with beansprout and peanut sauce",1 scoop(s) (serving spoon) = 100g,Per Serving (100g),191,191,Per 100g,8.9,14.4,10.9,,photo,FALSE,Lab Analysis,2010
tahu-telur,Tahu telur,,Nuts and legumes,Nuts and legumes,Soy-based dishes,Deep-fried tofu with egg served with sweet dark sauce,1 scoop(s) (serving spoon) = 100g,Per Serving (100g),256,256,Per 100g,10.81,6.59,20.7,,photo,FALSE,Lab Analysis,2010
tau-kwa-pau,Tau kwa pau,,Nuts and legumes,Nuts and legumes,Soy-based dishes,"Fried beancurd stuffed with streaky pork, sliced fishcake, fried yam, egg bits and cucumber",1 piece(s) = 120g,Per Serving (120g),187,156,Per 100g,12.6,9.36,11.04,,photo,FALSE,Lab Analysis,2010
kaya-jam,Kaya jam,,"Oils, seasonings and condiments","Oils, seasonings and condiments",Bread spreads,"Creamy coconut egg spread with pandan flavour made from sugar, eggs, coconut milk, pandan juice",1 tablespoon(s) = 15g,Per Serving (15g),47,315,Per 100g,0.58,7.18,1.8,,photo,FALSE,Lab Analysis,2010
japanese-curry,Japanese curry,,"Oils, seasonings and condiments","Oils, seasonings and condiments",Gravy,Thick japanese curry only,1 bowl(s) = 165g,Per Serving (165g),165,100,Per 100g,2.97,18.73,8.58,,photo,FALSE,Lab Analysis,2025
satay-sauce,Satay sauce,,"Oils, seasonings and condiments","Oils, seasonings and condiments",Gravy,"Rich peanut-based dipping sauce with spices, served with satay skewers",1 tablespoon(s) = 15g,Per Serving (15g),30,202,Per 100g,0.99,3.33,1.45,,photo,FALSE,Lab Analysis,2025
chicken-curry-gravy,Chicken curry gravy,,"Oils, seasonings and condiments","Oils, seasonings and condiments",Gravy,"Curry gravy with spices and coconut milk, from chicken curry",1 bowl(s) = 47g,Per Serving (47g),48,102,Per 100g,1.86,1.43,4.14,,photo,FALSE,Lab Analysis,2025
curry-chicken-noodles-gravy,Curry chicken noodles gravy,,"Oils, seasonings and condiments","Oils, seasonings and condiments",Gravy,"Curry gravy with spices and coconut milk, from curry chicken noodles",1 bowl(s) = 312g,Per Serving (312g),197,63,Per 100g,4.77,7.64,16.38,,photo,FALSE,Lab Analysis,2025
dan-dan-noodles-gravy,Dan dan noodles gravy,,"Oils, seasonings and condiments","Oils, seasonings and condiments",Gravy,"Spicy minced pork sauce with peanuts, from dan dan noodles",1 bowl(s) = 196g,Per Serving (196g),386,197,Per 100g,14.35,38.71,19.31,,photo,FALSE,Lab Analysis,2025
fish-curry-gravy,Fish curry gravy,,"Oils, seasonings and condiments","Oils, seasonings and condiments",Gravy,"Curry gravy with coconut milk, tomato and spices, from fish curry",1 bowl(s) = 193g,Per Serving (193g),224,116,Per 100g,3.55,11.58,18.05,,photo,FALSE,Lab Analysis,2025
fish-head-curry-gravy,Fish head curry gravy,,"Oils, seasonings and condiments","Oils, seasonings and condiments",Gravy,"Curry gravy made with curry spices and coconut milk, from fish head curry",1 bowl(s) = 105g,Per Serving (105g),224,213,Per 100g,2.53,4.78,21.58,,photo,FALSE,Lab Analysis,2025
lor-bak-braised-pork-belly-gravy,Lor bak (braised pork belly) gravy,,"Oils, seasonings and condiments","Oils, seasonings and condiments",Gravy,"Soya sauce and garlic gravy, from lor bak (braised pork belly)",1 bowl(s) = 51g,Per Serving (51g),19,38,Per 100g,1.15,2.32,0.59,,photo,FALSE,Lab Analysis,2025
lor-mee-gravy,Lor mee gravy,,"Oils, seasonings and condiments","Oils, seasonings and condiments",Gravy,"Thick dark gravy, from lor mee",1 bowl(s) = 328g,Per Serving (328g),157,48,Per 100g,4.62,22.63,5.25,,photo,FALSE,Lab Analysis,2025
mee-rebus-gravy,Mee rebus gravy,,"Oils, seasonings and condiments","Oils, seasonings and condiments",Gravy,"Thick spicy gravy, from mee rebus",1 bowl(s) = 340g,Per Serving (340g),337,99,Per 100g,5.98,44.37,14.79,,photo,FALSE,Lab Analysis,2025
mee-siam-gravy,Mee siam gravy,,"Oils, seasonings and condiments","Oils, seasonings and condiments",Gravy,"Spicy, tangy gravy, from mee siam",1 bowl(s) = 359g,Per Serving (359g),280,78,Per 100g,4.63,38.41,12.03,,photo,FALSE,Lab Analysis,2025
plain-prata-2-pc-with-curry-curry-only,"Plain prata (2 pc, with curry) (curry only)",,"Oils, seasonings and condiments","Oils, seasonings and condiments",Gravy,"Aromatic curry sauce with spices, served as accompaniment to prata",1 bowl(s) = 253g,Per Serving (253g),250,99,Per 100g,5.97,22.77,15.05,,photo,FALSE,Lab Analysis,2025
sayur-lodeh-gravy,Sayur lodeh gravy,,"Oils, seasonings and condiments","Oils, seasonings and condiments",Gravy,Vegetable curry gravy made with coconut milk and spices,1 bowl(s) = 137g,Per Serving (137g),107,78,Per 100g,1.47,6.37,8.49,,photo,FALSE,Lab Analysis,2025
steamed-fish-with-black-bean-sauce-gravy-only,Steamed fish with black bean sauce (Gravy only),,"Oils, seasonings and condiments","Oils, seasonings and condiments",Gravy,"Black bean sauce gravy, from steamed fish with black bean sauce",1 bowl(s) = 264g,Per Serving (264g),216,82,Per 100g,6.84,22.7,11.09,,photo,FALSE,Lab Analysis,2025
teriyaki-sauce,Teriyaki sauce,,"Oils, seasonings and condiments","Oils, seasonings and condiments",Sauces,"Sweet and savoury soy-based glaze made with soy sauce, mirin, and sugar",1 tablespoon(s) = 15g,Per Serving (15g),18,123,Per 100g,0.47,4.13,0.02,,photo,FALSE,Lab Analysis,2010
curry-leaf,Curry leaf,,"Oils, seasonings and condiments","Oils, seasonings and condiments",Seasonings and condiments,"Fresh curry leaves, dark green oval leaves, firm texture with pungent aromatic taste.",1 piece(s) = 1g,Per Serving (1g),1,125,Per 100g,0.04,0.02,0.11,,photo,FALSE,Borrowed,2025
ground-ginger,Ground ginger,,"Oils, seasonings and condiments","Oils, seasonings and condiments",Seasonings and condiments,"Ground ginger from dried root, fine tan powder, dry texture with warm spicy taste.",1 teaspoon(s) = 2g,Per Serving (2g),7,335,Per 100g,0.18,1.43,0.08,,photo,FALSE,Borrowed,2025
basil,Basil,,"Oils, seasonings and condiments","Oils, seasonings and condiments",Seasonings and condiments,"Fresh basil leaves, bright green leaves, tender texture with sweet aromatic taste.",1 tablespoon(s) = 3g,Per Serving (3g),1,23,Per 100g,0.09,0.08,0.02,,photo,FALSE,Borrowed,2025
boiled-black-chicken,Boiled black chicken,,Poultry,Poultry,Chicken,Boiled black chicken with skin and bone,1 quarter(s) = 106g,Per Serving (106g),98,172,Per 100g,11.56,0,5.84,,photo,FALSE,Lab Analysis,2010
boiled-kampung-chicken,Boiled kampung chicken,,Poultry,Poultry,Chicken,Boiled kampung chicken with skin and bone,1 quarter(s) = 148g,Per Serving (148g),184,194,Per 100g,24.34,0,9.57,,photo,FALSE,Lab Analysis,2010
roasted-chicken-breast-with-skin,"Roasted chicken breast, with skin",,Poultry,Poultry,Chicken,Roasted chicken breast,1 piece(s) = 90g,Per Serving (90g),124,184,Per 100g,18.55,0.01,5.52,,photo,FALSE,Borrowed,2025
baked-chicken-thigh,Baked chicken thigh,,Poultry,Poultry,Chicken,Baked chicken thigh,1 piece(s) = 100g,Per Serving (100g),145,227,Per 100g,14.72,0,9.6,,photo,FALSE,Borrowed,2025
braised-chicken-thigh-with-skin,"Braised chicken thigh, with skin",,Poultry,Poultry,Chicken,Boiled chicken thigh,1 piece(s) = 100g,Per Serving (100g),155,232,Per 100g,15.58,0,9.88,,photo,FALSE,Borrowed,2025
roasted-chicken-thigh-with-skin,"Roasted chicken thigh, with skin",,Poultry,Poultry,Chicken,"Dark meat from the upper leg portion of the chicken, prepared with skin and bone, and oven baked until golden, offering a tender, juicy texture.",1 piece(s) = 137g,Per Serving (137g),203,232,Per 100g,20.39,0,12.9,,photo,FALSE,Borrowed,2025
baked-chicken-skin,Baked chicken skin,,Poultry,Poultry,Chicken,"Crispy, golden skin from various parts of the chicken, oven baked until rendered and crunchy.",1 piece(s) = 55g,Per Serving (55g),239,435,Per 100g,12.27,0,21.4,,photo,FALSE,Borrowed,2025
braised-chicken-heart,Braised chicken heart,,Poultry,Poultry,Chicken,"Tender organ meat from the chicken's heart, gently braised until cooked through, offering a firm, dense texture.",1 cup(s) = 145g,Per Serving (145g),268,185,Per 100g,38.29,0.15,11.48,,photo,FALSE,Borrowed,2025
braised-chicken-liver,Braised chicken liver,,Poultry,Poultry,Chicken,"Soft organ meat from the chicken's liver, with large vessels, gently braised until tender, offering a smooth, creamy texture with a rich, earthy flavour and distinctive iron-like taste.",1 piece(s) = 44g,Per Serving (44g),72,167,Per 100g,10.55,0.38,2.81,,photo,FALSE,Borrowed,2025
braised-chicken-thigh-without-skin,"Braised chicken thigh, without skin",,Poultry,Poultry,Chicken,"Cooked dark meat from the upper leg portion of the chicken, prepared without skin and with bone, gently braised until tender, offering a soft, juicy texture.",1 piece(s) = 200g,Per Serving (200g),261,195,Per 100g,33.5,0,13.12,,photo,FALSE,Borrowed,2025
fried-chicken-drumstick-without-skin,"Fried chicken drumstick, without skin",,Poultry,Poultry,Chicken,"Cooked dark meat from the lower leg portion of the chicken, prepared without skin and deep-fried until golden, offering a tender, juicy texture with rich, savoury flavour",1 piece(s) = 130g,Per Serving (130g),155,195,Per 100g,22.7,0,6.41,,photo,FALSE,Borrowed,2025
roasted-chicken-thigh-without-skin,"Roasted chicken thigh, without skin",,Poultry,Poultry,Chicken,"Dark meat from the upper leg portion of the chicken, prepared without skin and with bone, oven baked until cooked through, offering a tender, juicy texture.",1 piece(s) = 200g,Per Serving (200g),229,179,Per 100g,31.69,0,10.43,,photo,FALSE,Borrowed,2025
spring-chicken-raw-without-skin,"Spring chicken, raw, without skin",,Poultry,Poultry,Chicken,"Raw, uncooked whole spring chicken without skin, displaying a pale pink colour with tender, delicate texture.",1 whole = 600g,Per Serving (600g),500,119,Per 100g,89.84,0,12.94,,photo,FALSE,Borrowed,2025
assam-chicken,Assam chicken,,Poultry,Poultry,Chicken-based dishes,Malay-style cooked chicken in tamarind-based gravy,1 scoop(s) (serving spoon) = 100g,Per Serving (100g),219,219,Per 100g,32.1,0.3,10,,photo,FALSE,Lab Analysis,2010
ayam-masak-lemak,Ayam masak lemak,,Poultry,Poultry,Chicken-based dishes,Malay-style cooked chicken in spicy coconut milk gravy,1 scoop(s) (serving spoon) = 100g,Per Serving (100g),116,157,Per 100g,7.26,0.57,9.46,,photo,FALSE,Lab Analysis,2010
ayam-masak-merah,Ayam masak merah,,Poultry,Poultry,Chicken-based dishes,Malay-style cooked chicken in spicy red tomato gravy,1 scoop(s) (serving spoon) = 100g,Per Serving (100g),80,123,Per 100g,6.83,2.15,4.88,,photo,FALSE,Lab Analysis,2010
barbecued-chicken-wing,Barbecued chicken wing,,Poultry,Poultry,Chicken-based dishes,Grilled chicken wing,1 piece(s) = 38g,Per Serving (38g),80,232,Per 100g,9.25,0.9,4.38,,photo,FALSE,Lab Analysis,2025
barbecued-spring-chicken,Barbecued spring chicken,,Poultry,Poultry,Chicken-based dishes,Grilled spring chicken with skin and bone,1 quarter(s) = 158g,Per Serving (158g),275,238,Per 100g,25.72,0,19.03,,photo,FALSE,Lab Analysis,2010
braised-chicken-feet,Braised chicken feet,,Poultry,Poultry,Chicken-based dishes,Chicken feet braised in dark soy sauce with spices,1 piece(s) = 28g,Per Serving (28g),22,144,Per 100g,2,0.08,1.51,,photo,FALSE,Lab Analysis,2010
braised-soya-sauce-chicken,Braised soya sauce chicken,,Poultry,Poultry,Chicken-based dishes,Chicken simmered in soya sauce,1 scoop(s) (serving spoon) = 100g,Per Serving (100g),176,176,Per 100g,23.93,0.4,8.77,,photo,FALSE,Lab Analysis,2023
butter-chicken,Butter chicken,,Poultry,Poultry,Chicken-based dishes,Indian curry dish with chicken pieces in tomato-based sauce with butter and aromatic spices,1 scoop(s) (serving spoon) = 100g,Per Serving (100g),148,148,Per 100g,10.05,6.07,9.27,,photo,FALSE,Lab Analysis,2023
chicken-chop-with-sauce,Chicken chop with sauce,,Poultry,Poultry,Chicken-based dishes,"Grilled chicken thigh with skin, served with sauce",1 piece(s) = 164g,Per Serving (164g),336,205,Per 100g,38.05,2.95,19.19,,photo,FALSE,Lab Analysis,2026
chicken-curry,Chicken curry,,Poultry,Poultry,Chicken-based dishes,3 chicken pieces simmered with curry spices and coconut milk,1 bowl(s) = 347g,Per Serving (347g),489,146,Per 100g,33.69,8.21,35.53,,photo,FALSE,Lab Analysis,2025
chicken-masala,Chicken masala,,Poultry,Poultry,Chicken-based dishes,"Indian-style curry dish cooked primarily with chicken, seasoned with chilli powder, coriander powder, tumeric and onion",1 plate(s) = 455g,Per Serving (455g),860,189,Per 100g,86.91,15.93,49.6,,photo,FALSE,Lab Analysis,2010
chicken-rendang,Chicken rendang,,Poultry,Poultry,Chicken-based dishes,Chicken simmered with spices and coconut milk,1 scoop(s) (serving spoon) = 100g,Per Serving (100g),217,217,Per 100g,17.1,4.2,14.6,,photo,FALSE,Lab Analysis,2010
chicken-satay,Chicken satay,,Poultry,Poultry,Chicken-based dishes,"Barbequed, skinless, boneless chicken skewered on stick",1 stick(s) = 10g,Per Serving (10g),23,227,Per 100g,2.18,1.83,0.74,,photo,FALSE,Lab Analysis,2025
chicken-satay-with-sauce,Chicken satay with sauce,,Poultry,Poultry,Chicken-based dishes,"Barbequed, skinless, boneless chicken skewered on stick and served with peanut sauce",1 stick(s) = 27g,Per Serving (27g),57,211,Per 100g,3.31,5.61,2.38,,photo,FALSE,Derived,2026
chicken-sweet-corn-soup,Chicken sweet corn soup,,Poultry,Poultry,Chicken-based dishes,"Chinese-style soup made of corn kernel cooked in chicken stock, eggs and corn starch",1 bowl(s) = 355g,Per Serving (355g),202,57,Per 100g,11.47,26.27,5.68,,photo,FALSE,Lab Analysis,2025
chicken-teppanyaki,Chicken teppanyaki,,Poultry,Poultry,Chicken-based dishes,"Chicken meat with skin, with bean sprouts, green onions, dark soya sauce, cooked on hotplate",1 scoop(s) (serving spoon) = 100g,Per Serving (100g),148,148,Per 100g,16.2,1,8.8,,photo,FALSE,Lab Analysis,2010
chicken-tikka,Chicken tikka,,Poultry,Poultry,Chicken-based dishes,Boneless chicken marinated with Indian spices and grilled,1 piece(s) = 71g,Per Serving (71g),173,243,Per 100g,23.88,0.6,8.31,,photo,FALSE,Lab Analysis,2010
claypot-chicken,Claypot chicken,,Poultry,Poultry,Chicken-based dishes,"Chicken with skin and bones, cooked with dark soy sauce, and green onions, in chinese claypot",1 scoop(s) (serving spoon) = 100g,Per Serving (100g),110,110,Per 100g,11.75,1.03,6.54,,photo,FALSE,Lab Analysis,2010
emperor-herbal-chicken,Emperor herbal chicken,,Poultry,Poultry,Chicken-based dishes,"Chinese dish of whole chicken slow-cooked with ginseng, wolfberries, and Chinese herbs",1 scoop(s) (serving spoon) = 100g,Per Serving (100g),123,123,Per 100g,15.44,1.97,5.99,,photo,FALSE,Lab Analysis,2024
fried-chicken-1-pc,Fried chicken (1 pc),,Poultry,Poultry,Chicken-based dishes,1 piece of deep-fried chicken coated with batter,1 piece(s) = 102g,Per Serving (102g),219,215,Per 100g,20.15,6.55,12.5,,photo,FALSE,Lab Analysis,2023
fried-chicken-2-pc,Fried chicken (2 pc),,Poultry,Poultry,Chicken-based dishes,2 pieces of deep-fried chicken coated with batter,1 set(s) = 166g,Per Serving (166g),460,277,Per 100g,38.76,19.84,31.87,,photo,FALSE,Lab Analysis,2025
fried-chicken-3-pc,Fried chicken (3 pc),,Poultry,Poultry,Chicken-based dishes,3 pieces of deep-fried chicken coated with batter,1 set(s) = 306g,Per Serving (306g),774,253,Per 100g,67.26,30.14,50.64,,photo,FALSE,Derived,2026
fried-chicken-cutlet,Fried chicken cutlet,,Poultry,Poultry,Chicken-based dishes,Deep-fried boneless chicken cutlet,1 piece(s) = 203g,Per Serving (203g),544,268,Per 100g,39.1,22.07,33.35,,photo,FALSE,Lab Analysis,2023
fried-chicken-wing,Fried chicken wing,,Poultry,Poultry,Chicken-based dishes,Deep-fried chicken wing coated with batter,1 piece(s) = 97g,Per Serving (97g),185,272,Per 100g,15.06,4.79,11.73,,photo,FALSE,Lab Analysis,2025
ginger-chicken,Ginger chicken,,Poultry,Poultry,Chicken-based dishes,"Stir fried chicken, with ginger",1 scoop(s) (serving spoon) = 100g,Per Serving (100g),172,173,Per 100g,11.97,6.21,10.98,,photo,FALSE,Lab Analysis,2025
grilled-spiced-chicken,Grilled spiced chicken,,Poultry,Poultry,Chicken-based dishes,"Grilled, skinless, chicken marinated with grounded chilli, garlic, shallot, ginger, and fresh tumeric",1 piece(s) = 153g,Per Serving (153g),295,193,Per 100g,40.47,0.09,14.76,,photo,FALSE,Lab Analysis,2026
herbal-chicken-soup,Herbal chicken soup,,Poultry,Poultry,Chicken-based dishes,"Soup made with chicken, Chinese herbs and dates",1 bowl(s) = 633g,Per Serving (633g),161,27,Per 100g,11.38,19.07,4.47,,photo,FALSE,Lab Analysis,2025
korean-fried-chicken,Korean fried chicken,,Poultry,Poultry,Chicken-based dishes,"Crispy double-fried chicken, served without sauce",1 piece(s) = 61g,Per Serving (61g),174,286,Per 100g,14.1,5.52,10.63,,photo,FALSE,Lab Analysis,2023
korean-ginseng-chicken-soup,Korean ginseng chicken soup,,Poultry,Poultry,Chicken-based dishes,"Chicken stuffed with rice, ginseng, jujubes and garlic in broth",1 scoop(s) (serving spoon) = 100g,Per Serving (100g),77,77,Per 100g,9.25,2.39,3.31,,photo,FALSE,Lab Analysis,2024
kung-po-chicken,Kung po chicken,,Poultry,Poultry,Chicken-based dishes,"Stir-fried chicken with skin, dried chilli and soya sauce",1 scoop(s) (serving spoon) = 100g,Per Serving (100g),220,242,Per 100g,16.74,3.09,15.56,,photo,FALSE,Lab Analysis,2010
lemon-chicken,Lemon chicken,,Poultry,Poultry,Chicken-based dishes,Deep-fried chicken cutlet served with lemon sauce,1 scoop(s) (serving spoon) = 100g,Per Serving (100g),347,347,Per 100g,17.1,17,23.4,,photo,FALSE,Lab Analysis,2010
mala-chicken,Mala chicken,,Poultry,Poultry,Chicken-based dishes,Deep-fried chicken with dried chilli and cashew nuts,1 scoop(s) (serving spoon) = 100g,Per Serving (100g),87,89,Per 100g,5.48,3.26,5.79,,photo,FALSE,Lab Analysis,2025
paper-wrapped-chicken,Paper wrapped chicken,,Poultry,Poultry,Chicken-based dishes,Deep-fried chicken wrapped in cellophane paper,1 piece(s) = 100g,Per Serving (100g),192,253,Per 100g,17.71,1.98,12.69,,photo,FALSE,Lab Analysis,2010
prawn-paste-chicken,Prawn paste chicken,,Poultry,Poultry,Chicken-based dishes,Deep-fried pieces of chicken seasoned with prawn paste,1 piece(s) = 38g,Per Serving (38g),68,243,Per 100g,6.38,0.93,4.36,,photo,FALSE,Lab Analysis,2010
roast-chicken,Roast chicken,,Poultry,Poultry,Chicken-based dishes,Roast Chicken,1 piece(s) = 272g,Per Serving (272g),371,175,Per 100g,52.15,,18.02,,photo,FALSE,Lab Analysis,2025
sambal-chicken,Sambal chicken,,Poultry,Poultry,Chicken-based dishes,Stir-fried chicken in belachan (fermented shrimp paste block) and chilli,1 scoop(s) (serving spoon) = 100g,Per Serving (100g),142,206,Per 100g,15.79,0.97,8.34,,photo,FALSE,Lab Analysis,2010
sesame-oil-chicken,Sesame oil chicken,,Poultry,Poultry,Chicken-based dishes,"Chinese dish of chicken cooked in sesame oil, rice wine, and ginger",1 scoop(s) (serving spoon) = 100g,Per Serving (100g),163,163,Per 100g,16.87,5.41,8.22,,photo,FALSE,Lab Analysis,2024
stir-fried-chicken-economic-rice,Stir fried chicken (Economic rice),,Poultry,Poultry,Chicken-based dishes,Chicken pieces stir-fried with seasonings and aromatics,1 scoop(s) (serving spoon) = 213g,Per Serving (213g),432,203,Per 100g,39.3,8.63,26.52,,photo,FALSE,Lab Analysis,2025
stuffed-chicken-wing,Stuffed chicken wing,,Poultry,Poultry,Chicken-based dishes,Deboned chicken wing stuffed with minced meat and spices,1 piece(s) = 58g,Per Serving (58g),103,201,Per 100g,9.14,2.81,6.07,,photo,FALSE,Lab Analysis,2010
tandoori-chicken,Tandoori chicken,,Poultry,Poultry,Chicken-based dishes,"Grilled chicken pieces, pre-marinated in yoghurt, tumeric powder",1 scoop(s) (serving spoon) = 100g,Per Serving (100g),164,164,Per 100g,18.4,2.7,8.9,,photo,FALSE,Lab Analysis,2010
thai-green-curry-chicken,Thai green curry (chicken),,Poultry,Poultry,Chicken-based dishes,"Thai-style curry, made of boneless, skinless chicken simmered in gravy made with coconut milk, garlic, onions, fish sauce and soy sauce",1 scoop(s) (serving spoon) = 100g,Per Serving (100g),170,170,Per 100g,10.3,2.4,13.2,,photo,FALSE,Lab Analysis,2010
fried-chicken-cutlet-nasi-lemak,Fried chicken cutlet (Nasi lemak),,Poultry,Poultry,Chicken-based dishes,Breaded and deep-fried chicken cutlet,1 piece(s) = 86g,Per Serving (86g),275,320,Per 100g,18.45,7.27,19.09,,photo,FALSE,Lab Analysis,2025
ayam-panggang-with-rice-chicken-only,Ayam panggang with rice (chicken only),,Poultry,Poultry,Chicken-based dishes,"Malay-style grilled chicken with spices and marinade, from ayam panggang with rice",1 piece(s) = 189g,Per Serving (189g),337,238,Per 100g,34.74,5.05,19.79,,photo,FALSE,Lab Analysis,2026
roasted-duck-with-skin,"Roasted duck, with skin",,Poultry,Poultry,Duck,"Cooked whole duck with skin, roasted until cooked through, displaying a deep brown colour with tender texture throughout various cuts including breast, leg and wing portions.",1 whole = 764g,Per Serving (764g),1519,337,Per 100g,51.79,0,127.79,,photo,FALSE,Borrowed,2025
roasted-duck-without-skin,"Roasted duck, without skin",,Poultry,Poultry,Duck,"Cooked whole duck without skin, roasted until cooked through, displaying a deep brown colour with tender texture throughout various cuts including breast, leg and wing portions.",1 whole = 764g,Per Serving (764g),906,201,Per 100g,105.84,0,50.49,,photo,FALSE,Borrowed,2025
braised-duck,Braised duck,,Poultry,Poultry,Duck-based dishes,Duck braised in sauce mixture consisting of soy sauce and various herbs,1 portion(s) = 57g,Per Serving (57g),117,206,Per 100g,13.08,0.4,7.01,,photo,FALSE,Lab Analysis,2025
braised-duck-feet,Braised duck feet,,Poultry,Poultry,Duck-based dishes,Duck feet simmered in dark soya sauce and spices,1 piece(s) = 28g,Per Serving (28g),23,165,Per 100g,2.48,0.16,1.34,,photo,FALSE,Lab Analysis,2010
duck-with-salted-vegetable-soup,Duck with salted vegetable soup,,Poultry,Poultry,Duck-based dishes,Duck boiled with preserved salted vegetable served as soup,1 bowl(s) = 450g,Per Serving (450g),182,45,Per 100g,24.3,0.81,8.91,,photo,FALSE,Lab Analysis,2010
herbal-duck-soup,Herbal duck soup,,Poultry,Poultry,Duck-based dishes,Soup made with duck and chinese herbs,1 bowl(s) = 450g,Per Serving (450g),186,44,Per 100g,28.34,0.42,8.04,,photo,FALSE,Lab Analysis,2010
peking-duck-duck-only,Peking duck (duck only),,Poultry,Poultry,Duck-based dishes,Chinese roasted duck with crispy skin,1 piece(s) = 20g,Per Serving (20g),62,309,Per 100g,4.41,1.05,4.44,,photo,FALSE,Lab Analysis,2024
peking-duck-with-pancake,Peking duck (with pancake),,Poultry,Poultry,Duck-based dishes,"Peking duck served with green onion, cucumber, hoisin sauce wrapped in popiah skin",1 wrap(s) = 39g,Per Serving (39g),93,241,Per 100g,5.41,7.29,4.69,,photo,FALSE,Derived,2026
roast-duck,Roast duck,,Poultry,Poultry,Duck-based dishes,Roasted duck,1 portion(s) = 81g,Per Serving (81g),190,234,Per 100g,19.6,2.39,11.26,,photo,FALSE,Lab Analysis,2025
goose-liver-raw,"Goose liver, raw",,Poultry,Poultry,Other poultry,"Raw, uncooked organ meat from the goose's liver, displaying a reddish-brown colour with smooth, dense texture.",1 piece(s) = 94g,Per Serving (94g),125,133,Per 100g,15.39,5.94,4.02,,photo,FALSE,Borrowed,2025
goose-raw-boneless-without-skin,"Goose, raw, boneless, without skin",,Poultry,Poultry,Other poultry,"Raw, uncooked goose meat, without bone and skin, displaying a deep red colour with firm, dense texture.",1 whole = 1532g,Per Serving (1532g),2467,161,Per 100g,348.53,0,109.23,,photo,FALSE,Borrowed,2025
roasted-goose-with-skin,"Roasted goose, with skin",,Poultry,Poultry,Other poultry,"Cooked whole goose with skin, roasted until cooked through, displaying a rich brown colour with succulent texture throughout various cuts.",1 whole = 1548g,Per Serving (1548g),3399,305,Per 100g,280.42,0,244.31,,photo,FALSE,Borrowed,2025
chicken-floss,Chicken floss,,Poultry,Poultry,Processed poultry,Dried shredded chicken meat through dehydration process with cotton-like meat texture and sweet-savoury seasoning,1 tablespoon(s) = 10g,Per Serving (10g),43,427,Per 100g,3.27,3.49,1.74,,photo,FALSE,Lab Analysis,2010
seaweed-chicken,Seaweed chicken,,Poultry,Poultry,Processed poultry,Deep-fried chicken wrapped with seaweed,1 piece(s) = 18g,Per Serving (18g),43,238,Per 100g,3.19,2.09,2.43,,photo,FALSE,Lab Analysis,2010
huat-kueh,Huat kueh,,Snacks,Snacks,Local ethnic snacks,"Brown spongy cake with brown sugar added, steamed",1 whole = 80g,Per Serving (80g),218,272,Per 100g,4.08,47.92,1.12,,photo,FALSE,Lab Analysis,2010
tangyuan-with-filling,Tangyuan (with filling),,Snacks,Snacks,Local ethnic snacks,Glutinous rice balls with filling,1 piece(s) = 44g,Per Serving (44g),103,234,Per 100g,1.58,13.74,4.62,,photo,FALSE,Derived,2026
butterfly-cookie,Butterfly cookie,,Snacks,Snacks,"Biscuits, cookies and crackers","Deep-fried cookies made of wheat flour, eggs, sugar and palm oil",1 piece(s) = 50g,Per Serving (50g),236,472,Per 100g,3.55,29.4,11.55,,photo,FALSE,Lab Analysis,2010
ear-biscuit,Ear biscuit,,Snacks,Snacks,"Biscuits, cookies and crackers",Crunchy oval shaped biscuit with spiral in middle,1 piece(s) = 25g,Per Serving (25g),104,417,Per 100g,2.15,18.1,2.6,,photo,FALSE,Lab Analysis,2010
abok-abok-sago,Abok abok sago,,Snacks,Snacks,Local ethnic snacks,"Traditional Malay dessert made of tapioca sago, palm sugar and grated coconut wrapped in banana leaves",1 piece(s) = 60g,Per Serving (60g),223,372,Per 100g,2.04,30,10.44,,photo,FALSE,Borrowed,2025
ang-ku-kueh-peanut,Ang ku kueh (peanut),,Snacks,Snacks,Local ethnic snacks,Soft sticky glutinous rice flour skin wrapped around a peanut filling in the centre,1 piece(s) = 71g,Per Serving (71g),254,358,Per 100g,7.53,26.26,13.16,,photo,FALSE,Lab Analysis,2023
ang-ku-kueh-sweet-bean,Ang ku kueh (sweet bean),,Snacks,Snacks,Local ethnic snacks,Soft sticky glutinous rice flour skin wrapped around a sweet filling in the centre,1 piece(s) = 78g,Per Serving (78g),162,208,Per 100g,4.01,28.93,3.39,,photo,FALSE,Lab Analysis,2023
butterfly-fritter,Butterfly fritter,,Snacks,Snacks,Local ethnic snacks,"Deep-fried dough fritters shaped into a butterfly, usually studded with sesame seeds",1 piece(s) = 57g,Per Serving (57g),207,364,Per 100g,3.82,28.44,8.72,,photo,FALSE,Lab Analysis,2010
chwee-kueh,Chwee kueh,,Snacks,Snacks,Local ethnic snacks,Steamed rice cake served with preserved radish (chai po),1 piece(s) = 35g,Per Serving (35g),30,87,Per 100g,0.31,5.79,0.67,,photo,FALSE,Lab Analysis,2025
curry-puff-beef,Curry puff (beef),,Snacks,Snacks,Local ethnic snacks,"Deep-fried pastry filled with beef, potato cubes and egg in a curry paste mixture",1 piece(s) = 78g,Per Serving (78g),264,339,Per 100g,7.25,24.26,15.37,,photo,FALSE,Lab Analysis,2010
curry-puff-chicken,Curry puff (chicken),,Snacks,Snacks,Local ethnic snacks,"Deep-fried pastry filled with chicken, potato cubes and egg in a curry paste mixture",1 piece(s) = 81g,Per Serving (81g),276,341,Per 100g,6.61,25.76,16.32,,photo,FALSE,Lab Analysis,2025
curry-puff-mutton,Curry puff (mutton),,Snacks,Snacks,Local ethnic snacks,"Deep-fried pastry filled with mutton, potato cubes and egg in a curry paste mixture",1 piece(s) = 121g,Per Serving (121g),369,305,Per 100g,6.78,42.47,19.12,,photo,FALSE,Lab Analysis,2010
curry-puff-potato,Curry puff (potato),,Snacks,Snacks,Local ethnic snacks,Deep-fried pastry filled with potato cubes and egg in a curry paste mixture,1 piece(s) = 94g,Per Serving (94g),305,324,Per 100g,4.96,32.85,17.06,,photo,FALSE,Lab Analysis,2025
curry-puff-sardine,Curry puff (sardine),,Snacks,Snacks,Local ethnic snacks,"Deep-fried pastry filled with sardine, potato cubes and egg in a curry paste mixture",1 piece(s) = 80g,Per Serving (80g),252,315,Per 100g,7.18,23.17,14.57,,photo,FALSE,Lab Analysis,2023
flavoured-goreng-pisang,Flavoured goreng pisang,,Snacks,Snacks,Local ethnic snacks,Deep-fried banana fritters with added flavours,1 piece(s) = 55g,Per Serving (55g),186,339,Per 100g,1.67,17.2,12.34,,photo,FALSE,Lab Analysis,2023
fried-carrot-cake-dimsum,Fried carrot cake (dimsum),,Snacks,Snacks,Local ethnic snacks,Deep-fried plain carrot cake,1 piece(s) = 128g,Per Serving (128g),200,156,Per 100g,2.75,30.53,7.3,,photo,FALSE,Lab Analysis,2025
fried-taro-puff-woo-kok,Fried taro puff (woo kok),,Snacks,Snacks,Local ethnic snacks,Fried mashed yam dumpling with minced meat filling,1 piece(s) = 69g,Per Serving (69g),279,405,Per 100g,1.52,15.87,6.69,,photo,FALSE,Lab Analysis,2010
getuk-ubi,Getuk ubi,,Snacks,Snacks,Local ethnic snacks,"Mashed tapioca cake with grated coconut, steamed",1 piece(s) = 83g,Per Serving (83g),177,213,Per 100g,1.41,29.71,5.73,,photo,FALSE,Lab Analysis,2010
goreng-pisang,Goreng pisang,,Snacks,Snacks,Local ethnic snacks,Deep-fried banana fritters,1 piece(s) = 100g,Per Serving (100g),235,235,Per 100g,2.23,32.53,10.68,,photo,FALSE,Lab Analysis,2023
green-bean-fritter,Green bean fritter,,Snacks,Snacks,Local ethnic snacks,"Mashed green bean coated with flour batter, deep-fried",1 piece(s) = 43g,Per Serving (43g),147,342,Per 100g,3.14,16.99,7.4,,photo,FALSE,Lab Analysis,2010
ham-chim-peng,Ham chim peng,,Snacks,Snacks,Local ethnic snacks,Local deep-fried salty dough,1 piece(s) = 75g,Per Serving (75g),254,339,Per 100g,5.25,40.35,7.35,,photo,FALSE,Lab Analysis,2010
ham-chim-peng-with-red-bean,Ham chim peng with red bean,,Snacks,Snacks,Local ethnic snacks,Deep-fried salty dough with red bean filling,1 piece(s) = 81g,Per Serving (81g),296,366,Per 100g,4.7,44.71,10.85,,photo,FALSE,Lab Analysis,2010
ku-chai-kueh,Ku chai kueh,,Snacks,Snacks,Local ethnic snacks,Steamed rice flour dumpling filled with chives and dried shrimp,1 piece(s) = 92g,Per Serving (92g),148,161,Per 100g,1.56,18.31,7.66,,photo,FALSE,Lab Analysis,2010
kueh-bahulu,Kueh bahulu,,Snacks,Snacks,Local ethnic snacks,"Steamed sponge cake made from wheat flour, with egg, sugar, oil and salt, Malay-style",1 piece(s) = 9g,Per Serving (9g),34,383,Per 100g,0.82,5.9,0.84,,photo,FALSE,Lab Analysis,2010
kueh-bingka-ubi,Kueh bingka ubi,,Snacks,Snacks,Local ethnic snacks,Malay kueh made with tapioca,1 piece(s) = 61g,Per Serving (61g),159,260,Per 100g,1.28,25.13,5.92,,photo,FALSE,Lab Analysis,2010
kueh-dadar,Kueh dadar,,Snacks,Snacks,Local ethnic snacks,Pandan flavoured pancake with grated coconut and brown sugar filling,1 piece(s) = 81g,Per Serving (81g),206,254,Per 100g,3.48,26.89,9.32,,photo,FALSE,Lab Analysis,2010
kueh-dodol,Kueh dodol,,Snacks,Snacks,Local ethnic snacks,"Malaysian cake, brown colour, made of coconut milk, palm sugar, glutinuous rice flour",1 piece(s) = 38g,Per Serving (38g),125,328,Per 100g,0.97,18.43,5.23,,photo,FALSE,Lab Analysis,2010
kueh-kasturi,Kueh kasturi,,Snacks,Snacks,Local ethnic snacks,"Local kueh made with green beans, rice flour, grated coconut, egg, sugar, deep-fried",1 piece(s) = 72g,Per Serving (72g),177,246,Per 100g,4.97,27.5,5.26,,photo,FALSE,Lab Analysis,2010
kueh-ko-swee,Kueh ko swee,,Snacks,Snacks,Local ethnic snacks,"Cake made with wheat and tapioca flour and gula melaka, coated with grated coconut, steamed",1 piece(s) = 54g,Per Serving (54g),73,136,Per 100g,1.03,13.39,1.78,,photo,FALSE,Lab Analysis,2010
kueh-lopes-pulut,Kueh lopes pulut,,Snacks,Snacks,Local ethnic snacks,"Cakes in triangular shape made from glutinous rice and coated with grated coconut, steamed",1 piece(s) = 72g,Per Serving (72g),121,168,Per 100g,2.3,23.98,1.73,,photo,FALSE,Lab Analysis,2010
kueh-pie-tee,Kueh pie tee,,Snacks,Snacks,Local ethnic snacks,Deep-fried thin patty cases with shredded turnip and dried shrimp filling,1 piece(s) = 37g,Per Serving (37g),88,238,Per 100g,1.67,6.59,6.07,,photo,FALSE,Lab Analysis,2010
kueh-salat,Kueh salat,,Snacks,Snacks,Local ethnic snacks,"Glutinous rice cake topped with green coloured coconut custard, steamed",1 piece(s) = 54g,Per Serving (54g),82,151,Per 100g,1.78,13.07,2.43,,photo,FALSE,Lab Analysis,2010
kueh-talam,Kueh talam,,Snacks,Snacks,Local ethnic snacks,"Nonya-style green tapioca and coconut layer, prepared with rice flour, tapioca flour and green pea flour with grated coconut",1 piece(s) = 131g,Per Serving (131g),244,186,Per 100g,1.81,42.59,7.36,,photo,FALSE,Lab Analysis,2010
min-jiang-kueh-coconut,Min jiang kueh (coconut),,Snacks,Snacks,Local ethnic snacks,"Steamed thick pancake filled with finely chopped coconut meat, mixed with sugar",1 piece(s) = 94g,Per Serving (94g),182,194,Per 100g,3.84,32.73,4,,photo,FALSE,Lab Analysis,2023
min-jiang-kueh-peanut,Min jiang kueh (peanut),,Snacks,Snacks,Local ethnic snacks,"Steamed thick pancake filled with finely chopped peanut, mixed with sugar",1 piece(s) = 110g,Per Serving (110g),353,321,Per 100g,10.92,44.66,14.52,,photo,FALSE,Lab Analysis,2025
min-jiang-kueh-red-bean,Min jiang kueh (red bean),,Snacks,Snacks,Local ethnic snacks,"Steamed thick pancake filled with red bean, mixed with sugar",1 piece(s) = 103g,Per Serving (103g),212,206,Per 100g,4.69,41.6,3,,photo,FALSE,Lab Analysis,2023
muah-chee,Muah chee,,Snacks,Snacks,Local ethnic snacks,"Steamed glutinous rice dough, rolled with grounded peanut and sugar mixture",1 plate(s) = 100g,Per Serving (100g),255,255,Per 100g,7.6,34.8,9.4,,photo,FALSE,Lab Analysis,2010
muruku,Muruku,,Snacks,Snacks,Local ethnic snacks,"Made of dhal flour, tapioca flour, coconut milk, salt and spices, deep-fried",1 piece(s) = 22g,Per Serving (22g),110,500,Per 100g,2.4,10.16,6.62,,photo,FALSE,Lab Analysis,2010
ondeh-ondeh,Ondeh ondeh,,Snacks,Snacks,Local ethnic snacks,"Malay kueh made from pandan rice balls filled with palm sugar, rolled in grated coconut",1 piece(s) = 50g,Per Serving (50g),136,272,Per 100g,1.35,22.25,5,,photo,FALSE,Lab Analysis,2010
pak-tong-koh,Pak tong koh,,Snacks,Snacks,Local ethnic snacks,Steamed white sugar cake with soft and spongy texture,1 piece(s) = 60g,Per Serving (60g),100,167,Per 100g,0.84,23.64,0.24,,photo,FALSE,Lab Analysis,2010
png-kueh,Png kueh,,Snacks,Snacks,Local ethnic snacks,"Stamed triangular shape kueh made from glutinous flour wrapping, stuffed with glutinous rice, peanut and dried prawns",1 piece(s) = 124g,Per Serving (124g),258,208,Per 100g,3.84,43.98,7.38,,photo,FALSE,Lab Analysis,2026
potato-bhaji,Potato bhaji,,Snacks,Snacks,Local ethnic snacks,Typical fried Indian snack fritters made from gram flour and potato,1 scoop(s) (serving spoon) = 100g,Per Serving (100g),246,246,Per 100g,5.8,19.7,15.9,,photo,FALSE,Lab Analysis,2010
pulut-srikaya,Pulut srikaya,,Snacks,Snacks,Local ethnic snacks,"Steamed Nonya kueh, with the base made of glutinous rice steamed with coconut milk, and the top being a yellow custard made from a mixture of coconut milk, eggs, sugar, flour, and yellow food colouring used to enhance the colour of kaya",1 piece(s) = 81g,Per Serving (81g),239,295,Per 100g,4.61,34.41,9.17,,photo,FALSE,Lab Analysis,2010
pumpkin-kueh,Pumpkin kueh,,Snacks,Snacks,Local ethnic snacks,"Southeast Asian steamed cake made with pumpkin, rice flour, and coconut milk",1 piece(s) = 109g,Per Serving (109g),144,132,Per 100g,3.82,20,5.41,,photo,FALSE,Lab Analysis,2024
putu-piring,Putu piring,,Snacks,Snacks,Local ethnic snacks,"Malay-style round, steamed rice cake filled with gula melaka (melted palm sugar) and grated coconut",1 piece(s) = 39g,Per Serving (39g),94,240,Per 100g,1.17,19.19,1.37,,photo,FALSE,Lab Analysis,2010
rainbow-lapis-kueh,Rainbow lapis kueh,,Snacks,Snacks,Local ethnic snacks,"Rainbow layered cake made with glutinous rice flour, sago flour, coconut milk and sugar, steamed",1 piece(s) = 69g,Per Serving (69g),120,174,Per 100g,0.69,21.6,3.45,,photo,FALSE,Lab Analysis,2010
red-bean-cake,Red bean cake,,Snacks,Snacks,Local ethnic snacks,Red bean kueh,1 piece(s) = 15g,Per Serving (15g),62,411,Per 100g,1.59,8.59,2.34,,photo,FALSE,Lab Analysis,2010
sa-kei-ma,Sa kei ma,,Snacks,Snacks,Local ethnic snacks,"Wheat flour, with egg, sugar, malt and vegetable oil",1 piece(s) = 60g,Per Serving (60g),296,493,Per 100g,2.52,32.16,17.4,,photo,FALSE,Lab Analysis,2010
sesame-seed-ball,Sesame seed ball,,Snacks,Snacks,Local ethnic snacks,Deep-fried glutinous rice flour pastry coated with sesame seed,1 piece(s) = 55g,Per Serving (55g),131,238,Per 100g,1.82,20.24,4.62,,photo,FALSE,Lab Analysis,2010
soon-kueh,Soon kueh,,Snacks,Snacks,Local ethnic snacks,Shredded turmip crystal dumpling,1 piece(s) = 81g,Per Serving (81g),101,125,Per 100g,1.01,16.36,3.52,,photo,FALSE,Lab Analysis,2025
steamed-rice-cupcakes,Steamed rice cupcakes,,Snacks,Snacks,Local ethnic snacks,"Steamed local cake made with rice flour, egg white, sugar and colouring",1 whole = 58g,Per Serving (58g),126,217,Per 100g,1.45,29.06,0.35,,photo,FALSE,Lab Analysis,2010
sweet-potato-fritter,Sweet potato fritter,,Snacks,Snacks,Local ethnic snacks,Deep-fried battered sweet potato,1 piece(s) = 70g,Per Serving (70g),196,280,Per 100g,1.96,21.98,9.52,,photo,FALSE,Lab Analysis,2010
tapioca-cake,Tapioca cake,,Snacks,Snacks,Local ethnic snacks,Pan-fried tapioca cake,1 piece(s) = 49g,Per Serving (49g),123,252,Per 100g,0.55,22.73,3.39,,photo,FALSE,Lab Analysis,2010
tapioca-fritter,Tapioca fritter,,Snacks,Snacks,Local ethnic snacks,Deep-fried tapioca coated with flour batter,1 piece(s) = 49g,Per Serving (49g),126,258,Per 100g,0.93,19.6,4.95,,photo,FALSE,Lab Analysis,2010
tepung-bungkus,Tepung bungkus,,Snacks,Snacks,Local ethnic snacks,Steamed rice flour dumpling with coconut filling,1 whole = 85g,Per Serving (85g),238,280,Per 100g,1.45,53.3,2.13,,photo,FALSE,Borrowed,2025
tutu-kueh,Tutu kueh,,Snacks,Snacks,Local ethnic snacks,"Common local sweet snack; steamed, round-shaped rice flour kueh filled with sweetened shredded coconut meat or peanut",1 piece(s) = 23g,Per Serving (23g),76,329,Per 100g,1.4,12.53,2.21,,photo,FALSE,Derived,2026
vadai,Vadai,,Snacks,Snacks,Local ethnic snacks,"Indian-style deep-fried round doughnut ring made from flour based dough with spring onion, green chilli and onion",1 piece(s) = 60g,Per Serving (60g),168,280,Per 100g,4.96,15.05,9.74,,photo,FALSE,Lab Analysis,2023
vadai-with-kacang-hitam,Vadai with kacang hitam,,Snacks,Snacks,Local ethnic snacks,"Indian-style deep-fried round doughnut ring made from flour based dough with spring onion, green chilli, onion and black beans",1 piece(s) = 60g,Per Serving (60g),131,219,Per 100g,5.03,10.51,7.69,,photo,FALSE,Lab Analysis,2010
yam-cake,Yam cake,,Snacks,Snacks,Local ethnic snacks,"Steamed cake made from yam pieces, dried prawns and rice flour",1 piece(s) = 166g,Per Serving (166g),189,114,Per 100g,3.72,35.94,3.49,,photo,FALSE,Lab Analysis,2025
yam-fritter,Yam fritter,,Snacks,Snacks,Local ethnic snacks,"Yam coated with flour batter, deep-fried",1 piece(s) = 52g,Per Serving (52g),151,291,Per 100g,1.51,18.25,8.06,,photo,FALSE,Lab Analysis,2010
you-tiao,You tiao,,Snacks,Snacks,Local ethnic snacks,Chinese fried dough fritter/dough sticks,1 stick(s) = 117g,Per Serving (117g),457,391,Per 100g,9.07,52.83,23.28,,photo,FALSE,Lab Analysis,2025
you-tiao-with-fish-paste,You tiao with fish paste,,Snacks,Snacks,Local ethnic snacks,Fried dough fritter with fish/octopus paste,1 piece(s) = 18g,Per Serving (18g),61,341,Per 100g,1.49,5.96,3.53,,photo,FALSE,Lab Analysis,2010
tutu-kueh-coconut,Tutu kueh (coconut),,Snacks,Snacks,Local ethnic snacks,"Common local sweet snack; steamed, round-shaped rice flour kueh filled with sweetened shredded coconut meat",1 piece(s) = 24g,Per Serving (24g),74,307,Per 100g,0.94,12.73,2.1,,photo,FALSE,Derived,2026
tutu-kueh-peanut,Tutu kueh (peanut),,Snacks,Snacks,Local ethnic snacks,"Common local sweet snack; steamed, round-shaped rice flour kueh filled with ground peanut",1 piece(s) = 22g,Per Serving (22g),77,352,Per 100g,1.85,12.32,2.32,,photo,FALSE,Derived,2026
durian-pancake,Durian pancake,,Snacks,Snacks,"Pancakes, waffles and dough-based snacks",Thin crepe wrapped around fresh durian pulp and whipped cream,1 piece(s) = 50g,Per Serving (50g),83,166,Per 100g,2.1,13,2.49,,photo,FALSE,Lab Analysis,2010
ice-cream-waffles,Ice cream waffles,,Snacks,Snacks,"Pancakes, waffles and dough-based snacks",waffle made with pancake batter served with a scoop of ice cream,1 plate(s) = 155g,Per Serving (155g),490,316,Per 100g,9.18,57.15,25.23,,photo,FALSE,Derived,2026
jalebi,Jalebi,,Snacks,Snacks,"Pancakes, waffles and dough-based snacks","Sweet, spiral-shaped Indian funnel cake",1 piece(s) = 114g,Per Serving (114g),359,315,Per 100g,5.02,65.32,8.55,,photo,FALSE,Lab Analysis,2010
mochi,Mochi,,Snacks,Snacks,"Pancakes, waffles and dough-based snacks","Round Japanese sweet rice cake made from glutinous rice flour, sugar and water",1 piece(s) = 68g,Per Serving (68g),171,251,Per 100g,2.57,35.88,1.83,,photo,FALSE,Derived,2026
muffin,Muffin,,Snacks,Snacks,"Pancakes, waffles and dough-based snacks",Individual-sized quick bread with cake-like texture,1 whole = 99g,Per Serving (99g),415,419,Per 100g,5.9,47.74,22.28,,photo,FALSE,Derived,2026
muffin-with-nuts,Muffin with nuts,,Snacks,Snacks,"Pancakes, waffles and dough-based snacks",Individual-sized quick bread with added nuts,1 whole = 100g,Per Serving (100g),400,400,Per 100g,6.53,47.25,20.5,,photo,FALSE,Lab Analysis,2025
pancakes-plain,Pancakes (plain),,Snacks,Snacks,"Pancakes, waffles and dough-based snacks",Plain pancake only,1 piece(s) = 80g,Per Serving (80g),182,228,Per 100g,6.32,24.56,6.24,,photo,FALSE,Borrowed,2025
savoury-crepe,Savoury crepe,,Snacks,Snacks,"Pancakes, waffles and dough-based snacks",Thin French-style pancake with savoury fillings,1 whole = 262g,Per Serving (262g),645,246,Per 100g,38.72,31.96,40.19,,photo,FALSE,Derived,2026
sugar-donut,Sugar donut,,Snacks,Snacks,"Pancakes, waffles and dough-based snacks",Deep-fried dough ring coated with granulated sugar,1 piece(s) = 72g,Per Serving (72g),280,389,Per 100g,6.5,37.5,11.54,,photo,FALSE,Lab Analysis,2023
waffle-blueberry,Waffle (blueberry),,Snacks,Snacks,"Pancakes, waffles and dough-based snacks","Waffles made with pancake batter, filled with blueberry spread",1 piece(s) = 115g,Per Serving (115g),392,341,Per 100g,7.13,52.33,17.12,,photo,FALSE,Derived,2026
waffle-cheese,Waffle (cheese),,Snacks,Snacks,"Pancakes, waffles and dough-based snacks","Waffles made with pancake batter, filled with cheese",1 piece(s) = 112g,Per Serving (112g),382,341,Per 100g,10.3,43.84,18.28,,photo,FALSE,Derived,2026
waffle-chocolate,Waffle (chocolate),,Snacks,Snacks,"Pancakes, waffles and dough-based snacks","Waffles made with pancake batter, filled with chocolate spread",1 piece(s) = 115g,Per Serving (115g),439,382,Per 100g,8.21,52.6,21.88,,photo,FALSE,Derived,2026
waffle-kaya,Waffle (kaya),,Snacks,Snacks,"Pancakes, waffles and dough-based snacks","Waffles made with pancake batter, filled with kaya spread",1 piece(s) = 115g,Per Serving (115g),407,354,Per 100g,7.74,50.99,19.03,,photo,FALSE,Derived,2026
waffle-peanut-butter,Waffle (peanut butter),,Snacks,Snacks,"Pancakes, waffles and dough-based snacks","Waffles made with pancake batter, filled with peanut butter",1 piece(s) = 115g,Per Serving (115g),453,394,Per 100g,11.34,45.72,24.92,,photo,FALSE,Derived,2026
waffle-plain,Waffle (plain),,Snacks,Snacks,"Pancakes, waffles and dough-based snacks",Waffles made with pancake batter,1 piece(s) = 122g,Per Serving (122g),439,360,Per 100g,8.78,53.4,21.11,,photo,FALSE,Lab Analysis,2026
chocolate-muffin,Chocolate muffin,,Snacks,Snacks,"Pancakes, waffles and dough-based snacks",Sweet baked muffin with chocolate chips or cocoa flavouring,1 whole = 104g,Per Serving (104g),468,450,Per 100g,5.98,51.22,26.57,,photo,FALSE,Lab Analysis,2025
muffin-with-fruits,Muffin with fruits,,Snacks,Snacks,"Pancakes, waffles and dough-based snacks",Sweet baked muffin containing fresh or dried fruits such as blueberries or raisins,1 whole = 94g,Per Serving (94g),382,406,Per 100g,5.25,45.21,19.97,,photo,FALSE,Lab Analysis,2025
almond-croissant,Almond croissant,,Snacks,Snacks,Pies and pastries,Buttery French pastry filled with sweet almond cream and topped with sliced almonds,1 whole = 84g,Per Serving (84g),379,451,Per 100g,7.77,33.05,23.98,,photo,FALSE,Lab Analysis,2010
apple-crumble,Apple crumble,,Snacks,Snacks,Pies and pastries,"Baked dessert with spiced apple filling topped with buttery crumb mixture of flour, butter and sugar",1 slice(s) = 146g,Per Serving (146g),353,242,Per 100g,5.84,49.1,14.85,,photo,FALSE,Lab Analysis,2010
durian-puff,Durian puff,,Snacks,Snacks,Pies and pastries,Choux pastry with durian-flavoured cream filling,1 piece(s) = 30g,Per Serving (30g),77,255,Per 100g,1.41,6.87,4.83,,photo,FALSE,Lab Analysis,2010
egg-tart,Egg tart,,Snacks,Snacks,Pies and pastries,"Chinese egg tart, egg custard in tart shell, baked",1 piece(s) = 53g,Per Serving (53g),190,359,Per 100g,3.53,18.31,11.4,,photo,FALSE,Lab Analysis,2025
lemon-tart,Lemon tart,,Snacks,Snacks,Pies and pastries,Buttery pastry shell filled with tangy lemon curd,1 piece(s) = 77g,Per Serving (77g),288,374,Per 100g,4.31,33.8,15.07,,photo,FALSE,Lab Analysis,2010
peanut-puff,Peanut puff,,Snacks,Snacks,Pies and pastries,Fried puff pastry with peanut and sugar filling,1 piece(s) = 7g,Per Serving (7g),39,552,Per 100g,0.74,3.55,2.39,,photo,FALSE,Lab Analysis,2010
portuguese-egg-tart,Portuguese egg tart,,Snacks,Snacks,Pies and pastries,"Crispy tarts, with creamy egg filling",1 piece(s) = 70g,Per Serving (70g),242,346,Per 100g,4.62,21.42,15.33,,photo,FALSE,Lab Analysis,2010
scones,Scones,,Snacks,Snacks,Pies and pastries,"Baked dough-like product made from flour, water, raising agent",1 piece(s) = 93g,Per Serving (93g),347,373,Per 100g,7.49,44.53,15.51,,photo,FALSE,Derived,2026
tau-sar-piah-red-bean,Tau sar piah (red bean),,Snacks,Snacks,Pies and pastries,Chinese thin flaky pastry filled with generous amount of sweet red bean paste,1 piece(s) = 46g,Per Serving (46g),209,454,Per 100g,3.11,23.75,11.29,,photo,FALSE,Lab Analysis,2023
tau-sar-piah-salty-bean,Tau sar piah (salty bean),,Snacks,Snacks,Pies and pastries,Flaky pastry filled with salty bean paste,1 piece(s) = 46g,Per Serving (46g),230,500,Per 100g,3.8,22.91,13.66,,photo,FALSE,Lab Analysis,2023
scones-sweet,Scones (sweet),,Snacks,Snacks,Pies and pastries,"Baked dough-like product made from flour, water, raising agent, with a sweet flavour",1 piece(s) = 95g,Per Serving (95g),374,394,Per 100g,6.46,53.32,15.06,,photo,FALSE,Lab Analysis,2026
peanut-candy,Peanut candy,,Sugar and confectionery,Sugar and confectionery,Confectionery,"Hard candy made from rock sugar, maltose, peanut and coated with sesame seed",1 piece(s) = 12g,Per Serving (12g),61,507,Per 100g,1.83,4.86,3.78,,photo,FALSE,Lab Analysis,2010
sugar-syrup,Sugar syrup,,Sugar and confectionery,Sugar and confectionery,Sugars and syrups,"Processed sugar syrup from dissolved sugar, clear liquid, thick texture with sweet taste.",1 tablespoon(s) = 15g,Per Serving (15g),43,288,Per 100g,0.03,11.24,0,,photo,FALSE,Borrowed,2025
chinese-chives-raw,"Chinese chives, raw",,Vegetables,Vegetables,Leafy vegetables,"Raw Chinese chives, flat green leaves, tender texture with mild onion taste.",1 cup(s) = 85g,Per Serving (85g),22,26,Per 100g,1.92,1.87,0.21,,photo,FALSE,Borrowed,2025
kangkong-raw,"Kangkong, raw",,Vegetables,Vegetables,Leafy vegetables,"Raw kangkong, green leaves with hollow stems, tender crisp texture with mild earthy taste.",1 cup(s) = 85g,Per Serving (85g),22,26,Per 100g,2.47,0.85,0.43,,photo,FALSE,Borrowed,2025
watercress-raw,"Watercress, raw",,Vegetables,Vegetables,Leafy vegetables,"Raw watercress, small green leaves on thin stems, tender texture with peppery taste.",1 cup(s) = 34g,Per Serving (34g),4,11,Per 100g,0.78,0.44,0.03,,photo,FALSE,Borrowed,2025
braised-mixed-mushrooms,Braised mixed mushrooms,,Vegetables,Vegetables,Mushroom/Fungi-based dishes,"Braised mixed mushrooms consisting of button mushroom, golden mushroom and abalone mushroom",1 scoop(s) (serving spoon) = 100g,Per Serving (100g),44,44,Per 100g,2.3,4.19,1.95,,photo,FALSE,Lab Analysis,2026
cream-of-mushroom-soup,Cream of mushroom soup,,Vegetables,Vegetables,Mushroom/Fungi-based dishes,Pureed mushroom in a creamy broth made by heating whole milk,1 bowl(s) = 221g,Per Serving (221g),126,57,Per 100g,4.2,10.61,7.4,,photo,FALSE,Lab Analysis,2025
fried-mushroom,Fried mushroom,,Vegetables,Vegetables,Mushroom/Fungi-based dishes,Deep-fried breaded mushrooms with crispy coating,1 packet(s) = 173g,Per Serving (173g),571,330,Per 100g,6.75,55.88,35.62,,photo,FALSE,Lab Analysis,2010
boiled-cauliflower,Boiled cauliflower,,Vegetables,Vegetables,Non-leafy vegetables,Boiled cauliflower,1 scoop(s) (serving spoon) = 100g,Per Serving (100g),14,23,Per 100g,1.1,2.47,0.27,,photo,FALSE,Borrowed,2025
cucumber,Cucumber,,Vegetables,Vegetables,Non-leafy vegetables,Cucumber,1 slice(s) = 6g,Per Serving (6g),1,15,Per 100g,0.04,0.21,0.01,,photo,FALSE,Borrowed,2025
raw-onion,Raw onion,,Vegetables,Vegetables,Non-leafy vegetables,Fresh onion,1 whole (large) = 80g,Per Serving (80g),26,40,Per 100g,0.7,5.98,0.06,,photo,FALSE,Borrowed,2025
beansprouts-raw,"Beansprouts, raw",,Vegetables,Vegetables,Non-leafy vegetables,"Raw beansprouts, white shoots with yellow tips, crisp crunchy texture with mild fresh taste.",1 cup(s) = 100g,Per Serving (100g),22,22,Per 100g,3.1,1.6,0.1,,photo,FALSE,Borrowed,2025
boiled-spinach,Boiled spinach,,Vegetables,Vegetables,Non-leafy vegetables,"Boiled spinach, dark green leaves, tender texture with mild earthy taste.",1 cup(s) = 180g,Per Serving (180g),41,23,Per 100g,5.35,6.75,0.47,,photo,FALSE,Borrowed,2025
chinese-water-chestnut-raw,"Chinese water chestnut, raw",,Vegetables,Vegetables,Starchy vegetables,"Raw Chinese water chestnut, white bulbs, firm crisp texture with mild sweet taste.",1 whole = 9g,Per Serving (9g),4,97,Per 100g,0.06,1.08,,,photo,FALSE,Borrowed,2025
eggplant-raw,"Eggplant, raw",,Vegetables,Vegetables,Non-leafy vegetables,"Raw eggplant, purple elongated vegetable, firm texture with mild bitter taste.",1 whole (medium) = 241g,Per Serving (241g),54,25,Per 100g,2.13,12.75,0.39,,photo,FALSE,Borrowed,2025
caipoh,Caipoh,,Vegetables,Vegetables,Processed vegetables,"Preserved radish (chai po), from chwee kueh",1 piece(s) = 4g,Per Serving (4g),8,188,Per 100g,0.07,0.42,0.62,,photo,FALSE,Lab Analysis,2025
begedil,Begedil,,Vegetables,Vegetables,Starchy vegetable-based dishes,Deep-fried potato patty,1 piece(s) = 45g,Per Serving (45g),113,250,Per 100g,1.86,7.98,8.11,,photo,FALSE,Lab Analysis,2023
rosti,Rosti,,Vegetables,Vegetables,Starchy vegetable-based dishes,"Swiss-style grated potato pancake, pan-fried until crispy",1 plate(s) = 149g,Per Serving (149g),402,270,Per 100g,5.51,32.18,28,,photo,FALSE,Lab Analysis,2018
rosti-with-sausage,Rosti with sausage,,Vegetables,Vegetables,Starchy vegetable-based dishes,Swiss-style potato pancake served with grilled sausage,1 plate(s) = 224g,Per Serving (224g),688,307,Per 100g,22.31,38.28,49.68,,photo,FALSE,NIP,2025
stir-fried-sliced-potato,Stir fried sliced potato,,Vegetables,Vegetables,Starchy vegetable-based dishes,Sliced potato stir fried with aromatics until fragrant,1 scoop(s) (serving spoon) = 162g,Per Serving (162g),141,87,Per 100g,3.97,21.47,4.37,,photo,FALSE,Lab Analysis,2025
achar,Achar,,Vegetables,Vegetables,Vegetable-based dishes,"Nonya-style achar containing pickled vegetables such as carrots, cucumber, pineapple with sesam seeds",1 tablespoon(s) = 30g,Per Serving (30g),29,106,Per 100g,0.51,6.21,0.54,,photo,FALSE,Lab Analysis,2010
bell-pepper-tempura,Bell pepper tempura,,Vegetables,Vegetables,Vegetable-based dishes,Japanese-style battered and deep-fried bell peppers,1 piece(s) = 24g,Per Serving (24g),39,164,Per 100g,0.63,4.06,2.29,,photo,FALSE,Lab Analysis,2024
braised-mixed-vegetables,Braised mixed vegetables,,Vegetables,Vegetables,Vegetable-based dishes,"Braised mixed vegetables consisting of cauliflower, capsicum, carrot, bamboo shoot, green beans and black mushroom",1 scoop(s) (serving spoon) = 100g,Per Serving (100g),75,75,Per 100g,3.43,5.9,4.15,,photo,FALSE,Lab Analysis,2025
coleslaw,Coleslaw,,Vegetables,Vegetables,Vegetable-based dishes,Shredded cabbage and carrots mixed with creamy mayonnaise-based dressing,1 medium cup(s) = 100g,Per Serving (100g),115,115,Per 100g,0.75,6.41,9.62,,photo,FALSE,Lab Analysis,2018
curry-vegetables,Curry vegetables,,Vegetables,Vegetables,Vegetable-based dishes,Mixed vegetables cooked in coconut milk-based curry sauce with spices,1 scoop(s) (serving spoon) = 267g,Per Serving (267g),232,87,Per 100g,5.71,14.95,16.69,,photo,FALSE,Lab Analysis,2025
eggplant-curry,Eggplant curry,,Vegetables,Vegetables,Vegetable-based dishes,Tender eggplant cooked in curry sauce with spices,1 scoop(s) (serving spoon) = 100g,Per Serving (100g),104,104,Per 100g,1.8,5.3,8.4,,photo,FALSE,Lab Analysis,2010
gado-gado,Gado gado,,Vegetables,Vegetables,Vegetable-based dishes,"Indonesian-style salad consisting of a mixture of fried beancurd, hard-boiled egg, ketupat (rice cakes), boiled green beans and beansprouts, served with a peanut-based gravy",1 plate(s) = 421g,Per Serving (421g),661,157,Per 100g,29.89,44.21,40,,photo,FALSE,Lab Analysis,2010
kacang-pool,Kacang pool,,Vegetables,Vegetables,Vegetable-based dishes,"A stew consisting of fried whole egg, green chilli, chopped shallot, onion and lime juice",1 bowl(s) = 325g,Per Serving (325g),416,128,Per 100g,19.18,14.95,31.2,,photo,FALSE,Lab Analysis,2010
kimchi,Kimchi,,Vegetables,Vegetables,Vegetable-based dishes,Korean pickled dish made from fermenting napa cabbage with a mixture of spices,1 tablespoon(s) = 15g,Per Serving (15g),6,43,Per 100g,0.32,1.32,0,,photo,FALSE,Lab Analysis,2010
korean-kimchi-stew-kimchi-jjigae,Korean kimchi stew (kimchi jjigae),,Vegetables,Vegetables,Vegetable-based dishes,"Korean spicy stew made with fermented kimchi, pork and tofu",1 set(s) = 615g,Per Serving (615g),221,36,Per 100g,15.38,21.53,8.24,,photo,FALSE,Lab Analysis,2010
mixed-vegetables-with-tunghoon,Mixed vegetables with tunghoon,,Vegetables,Vegetables,Vegetable-based dishes,"Stir-fried tunghoon with carrot, cabbage and dried prawn",1 scoop(s) (serving spoon) = 478g,Per Serving (478g),473,99,Per 100g,7.17,65.77,20.08,,photo,FALSE,Lab Analysis,2023
preserved-vegetable-and-tofu-soup,Preserved vegetable and tofu soup,,Vegetables,Vegetables,Vegetable-based dishes,Preserved vegetable and tofu chicken stock soup,1 bowl(s) = 450g,Per Serving (450g),95,21,Per 100g,11.25,1.8,4.95,,photo,FALSE,Lab Analysis,2010
sambal-eggplant,Sambal eggplant,,Vegetables,Vegetables,Vegetable-based dishes,Stir-fried eggplant in belachan (fermented shrimp paste block) and chilli,1 scoop(s) (serving spoon) = 100g,Per Serving (100g),167,167,Per 100g,1.6,4.69,15.75,,photo,FALSE,Lab Analysis,2026
sambal-kangkong,Sambal kangkong,,Vegetables,Vegetables,Vegetable-based dishes,Stir-fried kangkong in belachan (fermented shrimp paste block) and chilli,1 scoop(s) (serving spoon) = 100g,Per Serving (100g),132,132,Per 100g,3.1,6.6,10.3,,photo,FALSE,Lab Analysis,2010
sambal-lady-s-finger,Sambal lady's finger,,Vegetables,Vegetables,Vegetable-based dishes,Stir-fried lady's finger in belachan (fermented shrimp paste block) and chilli,1 scoop(s) (serving spoon) = 151g,Per Serving (151g),217,144,Per 100g,6.25,13.14,15.48,,photo,FALSE,Lab Analysis,2025
sambal-sweet-potato-leaves,Sambal sweet potato leaves,,Vegetables,Vegetables,Vegetable-based dishes,Stir-fried sweet potato leaves in belachan (fermented shrimp paste block) and chilli,1 scoop(s) (serving spoon) = 100g,Per Serving (100g),108,108,Per 100g,3.09,2.5,9.54,,photo,FALSE,Lab Analysis,2018
sayur-lodeh,Sayur lodeh,,Vegetables,Vegetables,Vegetable-based dishes,Mixed vegetables cooked in coconut milk curry,1 bowl(s) = 399g,Per Serving (399g),331,83,Per 100g,13.17,22.14,21.35,,photo,FALSE,Lab Analysis,2025
shui-jing-bao,Shui jing bao,,Vegetables,Vegetables,Vegetable-based dishes,Steamed dumpling with turnip and carrot filling,1 piece(s) = 42g,Per Serving (42g),59,141,Per 100g,1.01,9.24,2.02,,photo,FALSE,Lab Analysis,2010
stir-fried-beansprouts,Stir fried beansprouts,,Vegetables,Vegetables,Vegetable-based dishes,Beansprouts stir fried with aromatics until fragrant,1 scoop(s) (serving spoon) = 129g,Per Serving (129g),89,69,Per 100g,3.26,4.39,6.51,,photo,FALSE,Lab Analysis,2025
stir-fried-bittergourd-economic-rice,Stir fried bittergourd (Economic rice),,Vegetables,Vegetables,Vegetable-based dishes,Sliced bittergourd stir fried with aromatics until fragrant,1 scoop(s) (serving spoon) = 100g,Per Serving (100g),46,46,Per 100g,1.12,3.9,3.5,,photo,FALSE,Lab Analysis,2023
stir-fried-bittergourd-with-egg,Stir fried bittergourd with egg,,Vegetables,Vegetables,Vegetable-based dishes,Bittergourd with egg stir fried with aromatics until fragrant,1 scoop(s) (serving spoon) = 239g,Per Serving (239g),229,96,Per 100g,8.7,9.08,17.57,,photo,FALSE,Lab Analysis,2025
stir-fried-bok-choy,Stir fried bok choy,,Vegetables,Vegetables,Vegetable-based dishes,Bok choy stir fried with aromatics until fragrant,1 scoop(s) (serving spoon) = 100g,Per Serving (100g),58,58,Per 100g,1.63,1.6,4.9,,photo,FALSE,Lab Analysis,2023
stir-fried-brinjal,Stir fried brinjal,,Vegetables,Vegetables,Vegetable-based dishes,Brinjal stir fried with aromatics until fragrant,1 scoop(s) (serving spoon) = 100g,Per Serving (100g),136,136,Per 100g,1.4,7.95,10.97,,photo,FALSE,Lab Analysis,2023
stir-fried-cabbage,Stir fried cabbage,,Vegetables,Vegetables,Vegetable-based dishes,Cabbage stir fried with aromatics until fragrant,1 scoop(s) (serving spoon) = 176g,Per Serving (176g),245,139,Per 100g,6.81,9.86,19.71,,photo,FALSE,Lab Analysis,2025
stir-fried-chye-sim,Stir fried chye sim,,Vegetables,Vegetables,Vegetable-based dishes,Chye sim stir fried with aromatics until fragrant,1 scoop(s) (serving spoon) = 100g,Per Serving (100g),140,140,Per 100g,2.82,3.45,13.01,,photo,FALSE,Lab Analysis,2010
stir-fried-dou-miao,Stir fried dou miao,,Vegetables,Vegetables,Vegetable-based dishes,Dou miao stir fried with aromatics until fragrant,1 scoop(s) (serving spoon) = 100g,Per Serving (100g),128,128,Per 100g,3.8,1.4,12,,photo,FALSE,Lab Analysis,2010
stir-fried-kailan,Stir fried kailan,,Vegetables,Vegetables,Vegetable-based dishes,Kailan stir fried with aromatics until fragrant,1 scoop(s) (serving spoon) = 100g,Per Serving (100g),75,75,Per 100g,1.73,3.7,5.9,,photo,FALSE,Lab Analysis,2023
stir-fried-kailan-with-beef,Stir fried kailan with beef,,Vegetables,Vegetables,Vegetable-based dishes,Kailan with beef stir fried with aromatics until fragrant,1 scoop(s) (serving spoon) = 100g,Per Serving (100g),130,130,Per 100g,7.2,2.5,10.1,,photo,FALSE,Lab Analysis,2010
stir-fried-longbeans-with-meat,Stir fried longbeans with meat,,Vegetables,Vegetables,Vegetable-based dishes,Longbeans with meat stir fried with aromatics until fragrant,1 scoop(s) (serving spoon) = 100g,Per Serving (100g),107,107,Per 100g,6,3.36,7.7,,photo,FALSE,Lab Analysis,2023
stir-fried-mixed-vegetables,Stir fried mixed vegetables,,Vegetables,Vegetables,Vegetable-based dishes,"Carrot, broccoli, mushroom and red capsicum stir fried with aromatics until fragrant",1 scoop(s) (serving spoon) = 100g,Per Serving (100g),61,61,Per 100g,2.3,2.57,4.6,,photo,FALSE,Lab Analysis,2010
stir-fried-salted-vegetable-with-beef,Stir fried salted vegetable with beef,,Vegetables,Vegetables,Vegetable-based dishes,Salted vegetable with beef stir fried with aromatics until fragrant,1 scoop(s) (serving spoon) = 100g,Per Serving (100g),109,109,Per 100g,7.2,3.3,7.3,,photo,FALSE,Lab Analysis,2010
stir-fried-spinach,Stir fried spinach,,Vegetables,Vegetables,Vegetable-based dishes,Spinach stir fried with aromatics until fragrant,1 scoop(s) (serving spoon) = 164g,Per Serving (164g),146,89,Per 100g,3.66,4.43,12.71,,photo,FALSE,Lab Analysis,2025
trio-eggs-spinach,Trio eggs spinach,,Vegetables,Vegetables,Vegetable-based dishes,Spinach stir-fried with three types of eggs (century/salted/fresh),1 scoop(s) (serving spoon) = 100g,Per Serving (100g),84,84,Per 100g,3.43,3.25,6.35,,photo,FALSE,Lab Analysis,2024
vietnamese-spring-roll-fresh,Vietnamese spring roll (fresh),,Vegetables,Vegetables,Vegetable-based dishes,Vietnamese fresh rice paper rolls with meat and vegetable filling,1 piece(s) = 204g,Per Serving (204g),263,129,Per 100g,15.1,37.09,6,,photo,FALSE,Lab Analysis,2018
soy-milk-no-topping,Soy milk (no topping),,Beverages,Beverages,Soy milk,Soybean milk made from soaked soya beans and water,1 cup(s) = 450ml,Per Serving (450ml),248,55,Per 100ml,15.3,29.25,7.83,,tap,FALSE,Derived,2026
soy-milk-less-sugar,Soy milk (less sugar),,Beverages,Beverages,Soy milk,Beverage made from soaked soya beans and water with less sugar,1 cup(s) = 450ml,Per Serving (450ml),203,45,Per 100ml,15.89,17.51,7.83,,tap,FALSE,Derived,2026
soy-milk-less-sugar-packaged,"Soy milk (less sugar, packaged)",,Beverages,Beverages,Soy milk,Ready-to-drink soybean milk with less sugar,1 glass (200ml) = 200ml,Per Serving (200ml),106,53,Per 100ml,6.24,13.52,3.02,,tap,FALSE,NIP,2025
soy-milk-no-sugar-no-topping,"Soy milk (no sugar, no topping)",,Beverages,Beverages,Soy milk,"Soybean milk made from soaked soya beans and water, with no sugar added",1 cup(s) = 450ml,Per Serving (450ml),158,35,Per 100ml,16.43,5.72,7.83,,tap,FALSE,Derived,2026
soy-milk-packaged,Soy milk (packaged),,Beverages,Beverages,Soy milk,Ready-to-drink soybean milk,1 glass (250ml) = 250ml,Per Serving (250ml),130,52,Per 100ml,6.42,16.48,4.43,,tap,FALSE,NIP,2025
soy-milk-with-grass-jelly,Soy milk with grass jelly,,Beverages,Beverages,Soy milk,Soybean milk served with black grass jelly pieces,1 cup(s) = 450ml,Per Serving (450ml),194,43,Per 100ml,9.04,28.85,4.32,,tap,FALSE,Derived,2026
soy-milk-with-pearls,Soy milk with pearls,,Beverages,Beverages,Soy milk,Soybean milk served with tapioca pearls,1 cup(s) = 450ml,Per Serving (450ml),333,74,Per 100ml,12.74,56.07,6.39,,tap,FALSE,Derived,2026
soy-milk-with-pearls-no-sugar,Soy milk with pearls (no sugar),,Beverages,Beverages,Soy milk,Soybean milk served with tapioca pearls and no added sugar,1 cup(s) = 450ml,Per Serving (450ml),257,57,Per 100ml,14.04,33.21,7.33,,tap,FALSE,Derived,2026
soy-milk-with-pearls-less-sugar,Soy milk with pearls (less sugar),,Beverages,Beverages,Soy milk,Soybean milk served with tapioca pearls and lower sugar level,1 cup(s) = 450ml,Per Serving (450ml),284,63,Per 100ml,13.14,43.11,6.44,,tap,FALSE,Derived,2026
soy-milk-less-sugar-no-topping,"Soy milk (less sugar, no topping)",,Beverages,Beverages,Soy milk,Soybean milk made from soaked soya beans and water with lower sugar level,1 cup(s) = 450ml,Per Serving (450ml),194,43,Per 100ml,15.97,15.44,7.52,,tap,FALSE,Derived,2026
soy-milk-with-grass-jelly-no-sugar,Soy milk with grass jelly (no sugar),,Beverages,Beverages,Soy milk,Soybean milk served with black grass jelly pieces and no added sugar,1 cup(s) = 450ml,Per Serving (450ml),108,24,Per 100ml,9.54,6.44,4.45,,tap,FALSE,Derived,2026
soy-milk-with-grass-jelly-less-sugar,Soy milk with grass jelly (less sugar),,Beverages,Beverages,Soy milk,Soybean milk served with black grass jelly pieces with lower sugar level,1 cup(s) = 450ml,Per Serving (450ml),144,32,Per 100ml,8.82,17.24,4.32,,tap,FALSE,Derived,2026
coconut-water,Coconut water,,Beverages,Beverages,100% Juices,Natural clear liquid from coconut,1 glass (250ml) = 250ml,Per Serving (250ml),55,22,Per 100ml,0,14,0,,tap,FALSE,Borrowed,2025
coconut-water-less-sugar-packaged,"Coconut water (less sugar, packaged)",,Beverages,Beverages,100% Juices,Ready-to-drink coconut juice with less sugar,1 glass (250ml) = 250ml,Per Serving (250ml),48,19,Per 100ml,0.25,11.48,0,,tap,FALSE,NIP,2025
fresh-fruit-juice-any-flavour,Fresh fruit juice (any flavour),,Beverages,Beverages,Juice drinks,Freshly made juice made from a mix of multiple vegetables,1 medium cup(s) = 400ml,Per Serving (400ml),168,42,Per 100ml,2.12,38.6,0.28,,tap,FALSE,Derived,2026
fresh-mixed-fruit-or-vegetable-juice,Fresh mixed fruit or vegetable juice,,Beverages,Beverages,Juice drinks,Freshly made juice made from a mix of multiple fruits and/or vegetables,1 medium cup(s) = 400ml,Per Serving (400ml),144,36,Per 100ml,2.16,31.88,0.44,,tap,FALSE,Derived,2026
fresh-sugarcane-juice,Fresh sugarcane juice,,Beverages,Beverages,100% Juices,Sweet natural beverage made with extracted juice from pressed sugar cane,1 medium cup(s) = 550ml,Per Serving (550ml),303,55,Per 100ml,1.27,73.7,0,,tap,FALSE,Derived,2026
fresh-vegetable-juice-any-flavour,Fresh vegetable juice (any flavour),,Beverages,Beverages,Juice drinks,Freshly made juice made from a mix of multiple fruits,1 medium cup(s) = 400ml,Per Serving (400ml),116,29,Per 100ml,2.16,25.16,0.6,,tap,FALSE,Derived,2026
orange-juice-less-sugar-packaged,"Orange juice (less sugar, packaged)",,Beverages,Beverages,100% Juices,Ready-to-drink orange juice with less sugar,1 glass (250ml) = 250ml,Per Serving (250ml),108,43,Per 100ml,2,24,0.13,,tap,FALSE,NIP,2025
rose-drink-from-syrup,Rose drink (from syrup),,Beverages,Beverages,Cordials,Floral beverage made by diluting rose syrup with water,1 glass (250ml) = 250ml,Per Serving (250ml),108,43,Per 100ml,0,27,0,,tap,FALSE,NIP,2025
coconut-avocado-shake-no-topping,Coconut avocado shake (no topping),,Beverages,Beverages,Fruit smoothies,Creamy beverage blending fresh avocado with coconut milk and ice and no topping,1 medium cup(s) = 450ml,Per Serving (450ml),360,80,Per 100ml,5.13,36.86,21.6,,tap,FALSE,Derived,2026
coconut-shake-no-topping,Coconut shake (no topping),,Beverages,Beverages,Fruit smoothies,"Creamy beverage made with coconut ice cream, coconut water and no topping",1 medium cup(s) = 450ml,Per Serving (450ml),338,75,Per 100ml,2.7,52.16,13.19,,tap,FALSE,Derived,2026
coconut-avocado-shake-no-sugar-no-topping,"Coconut avocado shake (no sugar, no topping)",,Beverages,Beverages,Fruit smoothies,"Creamy beverage blending fresh avocado with coconut milk and ice, with no sugar and no topping",1 medium cup(s) = 450ml,Per Serving (450ml),320,71,Per 100ml,6.39,34.16,17.42,,tap,FALSE,Derived,2026
coconut-avocado-shake-less-sugar-no-topping,"Coconut avocado shake (less sugar, no topping)",,Beverages,Beverages,Fruit smoothies,"Creamy beverage blending fresh avocado with coconut milk and ice, with lower sugar level and no topping",1 medium cup(s) = 450ml,Per Serving (450ml),333,74,Per 100ml,6.26,36.54,18.09,,tap,FALSE,Derived,2026
avocado-smoothie,Avocado smoothie,,Beverages,Beverages,Fruit smoothies,Thick beverage made from blended avocado,1 medium cup(s) = 450ml,Per Serving (450ml),320,71,Per 100ml,2.3,37.8,17.69,,tap,FALSE,Derived,2026
coconut-shake-no-sugar-no-topping,"Coconut shake (no sugar, no topping)",,Beverages,Beverages,Fruit smoothies,"Creamy beverage made with coconut ice cream, coconut water, milk, with no sugar and no topping",1 medium cup(s) = 450ml,Per Serving (450ml),248,55,Per 100ml,3.15,29.43,12.87,,tap,FALSE,Derived,2026
coconut-shake-less-sugar-no-topping,"Coconut shake (less sugar, no topping)",,Beverages,Beverages,Fruit smoothies,"Creamy beverage made with coconut ice cream, coconut water, milk, with lower sugar level and no topping",1 medium cup(s) = 450ml,Per Serving (450ml),288,64,Per 100ml,2.48,40.95,12.6,,tap,FALSE,Derived,2026
fruit-juice-drink,Fruit juice drink,,Beverages,Beverages,Juice drinks,"Fruit beverage made with fruit juice concentrate, water and sweeteners",1 glass (250ml) = 250ml,Per Serving (250ml),113,45,Per 100ml,0.35,27.45,0.25,,tap,FALSE,NIP,2025
fruit-juice-drink-less-sugar,Fruit juice drink (less sugar),,Beverages,Beverages,Juice drinks,"Fruit beverage made with fruit juice concentrate, water and sweeteners, less sugar",1 glass (250ml) = 250ml,Per Serving (250ml),50,20,Per 100ml,0.13,13.1,0,,tap,FALSE,NIP,2025
fruit-juice-drink-with-pulp,Fruit juice drink with pulp,,Beverages,Beverages,Juice drinks,"Fruit beverage made with fruit juice concentrate, water, sweeteners and added fruit pulp pieces",1 glass (250ml) = 250ml,Per Serving (250ml),113,45,Per 100ml,0,27.75,0,,tap,FALSE,NIP,2025
honey-juice-drink,Honey juice drink,,Beverages,Beverages,Juice drinks,Beverage made with fruit juice concentrate and honey,1 bottle = 250ml,Per Serving (250ml),105,42,Per 100ml,0,25.9,0,,tap,FALSE,NIP,2025
lemon-juice-drink,Lemon juice drink,,Beverages,Beverages,Juice drinks,"Beverage made with lemon juice concentrate, water and sweeteners",1 bottle = 500ml,Per Serving (500ml),205,41,Per 100ml,0,51.6,0,,tap,FALSE,NIP,2025
lime-juice-calamansi-drink,Lime juice/calamansi drink,,Beverages,Beverages,Juice drinks,Beverage made from lime juice concentrate and water,1 glass (250ml) = 250ml,Per Serving (250ml),113,45,Per 100ml,0.15,28.37,0.03,,tap,FALSE,NIP,2025
lychee-juice-drink,Lychee juice drink,,Beverages,Beverages,Juice drinks,"Beverage made with lychee juice concentrate, water and sweeteners",1 glass (250ml) = 250ml,Per Serving (250ml),75,30,Per 100ml,0,18.95,0,,tap,FALSE,NIP,2025
mango-juice-drink,Mango juice drink,,Beverages,Beverages,Juice drinks,"Beverage made with mango juice concentrate, water and sweeteners",1 glass (250ml) = 250ml,Per Serving (250ml),113,45,Per 100ml,0.18,28,0.05,,tap,FALSE,NIP,2025
mixed-fruit-juice-drink,Mixed fruit juice drink,,Beverages,Beverages,Juice drinks,"Beverage made with mixed fruit juice concentrate, water and sweeteners",1 glass (250ml) = 250ml,Per Serving (250ml),105,42,Per 100ml,0.78,23.88,0.43,,tap,FALSE,NIP,2025
mixed-vegetable-and-fruit-juice-drink,Mixed vegetable and fruit juice drink,,Beverages,Beverages,Juice drinks,"Beverage made with mixed fruit and vegetable juice concentrate, water and sweeteners",1 glass (250ml) = 250ml,Per Serving (250ml),123,49,Per 100ml,0.55,29.38,0,,tap,FALSE,NIP,2025
orange-juice-drink,Orange juice drink,,Beverages,Beverages,Juice drinks,"Beverage made with orange juice concentrate, water and sweeteners",1 glass (250ml) = 250ml,Per Serving (250ml),108,43,Per 100ml,0.85,25.8,0.08,,tap,FALSE,NIP,2025
orange-juice-drink-less-sugar,Orange juice drink (less sugar),,Beverages,Beverages,Juice drinks,"Beverage made with orange juice concentrate, water and less sweeteners",1 glass (250ml) = 250ml,Per Serving (250ml),68,27,Per 100ml,1,15.8,0,,tap,FALSE,NIP,2025
orange-juice-drink-with-pulp,Orange juice drink with pulp,,Beverages,Beverages,Juice drinks,"Beverage made with orange juice concentrate, water, sweeteners and orange pulp pieces",1 glass (250ml) = 250ml,Per Serving (250ml),103,41,Per 100ml,1.58,25.73,0,,tap,FALSE,NIP,2025
pineapple-juice-drink,Pineapple juice drink,,Beverages,Beverages,Juice drinks,"Beverage made with pineapple juice concentrate, water and sweeteners",1 glass (250ml) = 250ml,Per Serving (250ml),128,51,Per 100ml,0.38,31.5,0,,tap,FALSE,NIP,2025
soursop-juice-drink,Soursop juice drink,,Beverages,Beverages,Juice drinks,"Beverage made with soursop juice, water and sweetenerss",1 glass (250ml) = 250ml,Per Serving (250ml),125,50,Per 100ml,0,30.4,0,,tap,FALSE,NIP,2025
vegetable-juice-drink,Vegetable juice drink,,Beverages,Beverages,Juice drinks,"Beverage made with vegetable juice concentrate, water and sweeteners",1 glass (250ml) = 250ml,Per Serving (250ml),73,29,Per 100ml,0.73,17.03,0,,tap,FALSE,NIP,2025
fresh-mixed-juices-vegetable-base-with-celery,Fresh mixed juices (vegetable base with celery),,Beverages,Beverages,Juice drinks,"Freshly made juice made from a mix of multiple vegetables, with majority being celery",1 medium cup(s) = 400ml,Per Serving (400ml),92,23,Per 100ml,2.08,20.48,0.24,,tap,FALSE,Derived,2026
fresh-mixed-juices-with-orange-base,Fresh mixed juices (with orange base),,Beverages,Beverages,Juice drinks,"Freshly made juice made from a mix of multiple fruits, with majority being oranges",1 medium cup(s) = 400ml,Per Serving (400ml),152,38,Per 100ml,2.32,35.2,0.28,,tap,FALSE,Derived,2026
fresh-mixed-juices-with-berries-base,Fresh mixed juices (with berries base),,Beverages,Beverages,Juice drinks,"Freshly made juice made from a mix of multiple fruits, with majority being berries",1 medium cup(s) = 400ml,Per Serving (400ml),180,45,Per 100ml,1.88,41.96,0.28,,tap,FALSE,Derived,2026
fresh-mixed-juices-vegetable-base-with-carrot,Fresh mixed juices (vegetable base with carrot),,Beverages,Beverages,Juice drinks,"Freshly made juice made from a mix of multiple vegetables, with majority being carrots",1 medium cup(s) = 400ml,Per Serving (400ml),136,34,Per 100ml,2.24,29.8,0.96,,tap,FALSE,Derived,2026
chocolate-drink,Chocolate drink,,Beverages,Beverages,Malted and chocolate drinks,Sweet beverage made with cocoa powder or chocolate syrup mixed with milk or water,1 cup (200ml) = 200ml,Per Serving (200ml),128,64,Per 100ml,2.88,20.94,3.72,,tap,FALSE,NIP,2025
chocolate-drink-no-sugar,Chocolate drink (no sugar),,Beverages,Beverages,Malted and chocolate drinks,Unsweetened beverage made with pure cocoa powder mixed with milk or water,1 cup (200ml) = 200ml,Per Serving (200ml),92,46,Per 100ml,2.9,12.62,2.9,,tap,FALSE,NIP,2025
chocolate-malt-drink,Chocolate malt drink,,Beverages,Beverages,Malted and chocolate drinks,Sweet beverage made with chocolate and malted milk powder,1 cup (200ml) = 200ml,Per Serving (200ml),118,59,Per 100ml,1.98,22.02,2.54,,tap,FALSE,NIP,2025
flavoured-chocolate-drink,Flavoured chocolate drink,,Beverages,Beverages,Malted and chocolate drinks,Chocolate-based beverage with added flavours,1 cup (200ml) = 200ml,Per Serving (200ml),120,60,Per 100ml,3.76,19.04,3.32,,tap,FALSE,NIP,2025
horlicks-dinosaur,Horlicks dinosaur,,Beverages,Beverages,Malted and chocolate drinks,"A cold, malted drink mixed with condensed milk, topped with a heaped tablespoon of Horlick powder",1 glass (450ml) = 450ml,Per Serving (450ml),329,73,Per 100ml,9.23,63.27,4.01,,tap,FALSE,Lab Analysis,2023
iced-milo,Iced Milo,milo peng|milo ice,Beverages,Beverages,Malted and chocolate drinks,"Beverage made with chocolate and malt powder mixed with hot water and condensed milk, served over ice",1 regular cup(s) = 400ml,Per Serving (400ml),288,72,Per 100ml,4.96,50.64,7.56,,tap,TRUE,Derived,2026
milo,Milo,,Beverages,Beverages,Malted and chocolate drinks,Beverage made with chocolate and malt powder mixed with hot water and condensed milk,1 regular cup(s) = 250ml,Per Serving (250ml),233,93,Per 100ml,4,40.8,6.1,,tap,FALSE,Derived,2026
milo-packaged,Milo (packaged),,Beverages,Beverages,Malted and chocolate drinks,"Ready-to-drink chocolate malt beverage in a can, packet or bottle",1 packet = 240ml,Per Serving (240ml),144,60,Per 100ml,4.18,22.2,4.08,,tap,FALSE,NIP,2025
milo-powder,Milo (powder),,Beverages,Beverages,Malted and chocolate drinks,Chocolate malt drink powder,1 cup (200ml) = 200ml,Per Serving (200ml),118,59,Per 100ml,4.32,18.94,2.6,,tap,FALSE,NIP,2025
milo-dinosaur,Milo dinosaur,,Beverages,Beverages,Malted and chocolate drinks,"Cold, chocolate malted drink mixed with condensed milk, topped with a heaped tablespoon of milo powder",1 medium cup(s) = 550ml,Per Serving (550ml),501,91,Per 100ml,10.23,81.02,14.8,,tap,FALSE,Derived,2026
milo-gao-siew-dai-powder,Milo Gao Siew Dai (powder),,Beverages,Beverages,Malted and chocolate drinks,Concentrated chocolate malt drink powder with less sugar,1 cup (200ml) = 200ml,Per Serving (200ml),118,59,Per 100ml,3.68,18.1,3,,tap,FALSE,NIP,2025
milo-godzilla,Milo godzilla,,Beverages,Beverages,Malted and chocolate drinks,"Cold, chocolate malted drink mixed with condensed milk, served with a scoop of ice cream",1 medium cup(s) = 500ml,Per Serving (500ml),380,76,Per 100ml,8.4,60.2,12,,tap,FALSE,Derived,2026
milo-peng-packaged,Milo Peng (packaged),,Beverages,Beverages,Malted and chocolate drinks,Ready-to-drink iced Milo made with milo powder and condensed milk,1 bottle = 225ml,Per Serving (225ml),142,63,Per 100ml,4.3,22.5,3.78,,tap,FALSE,NIP,2025
milo-siu-dai,Milo siu dai,,Beverages,Beverages,Malted and chocolate drinks,"Chocolate malt drink with less sugar, made with milo powder and condensed milk",1 regular cup(s) = 250ml,Per Serving (250ml),200,80,Per 100ml,3.85,34.23,5.3,,tap,FALSE,Derived,2026
iced-milo-siu-dai,Iced Milo siu dai,milo siu dai peng|milo siu dai ice,Beverages,Beverages,Malted and chocolate drinks,"Chocolate malt drink with less sugar, made with milo powder and condensed milk, served over ice",1 regular cup(s) = 400ml,Per Serving (400ml),248,62,Per 100ml,4.76,42.48,6.56,,tap,FALSE,Derived,2026
iced-horlicks,Iced Horlicks,horlicks peng|horlicks ice,Beverages,Beverages,Malted and chocolate drinks,"Beverage made by adding hot water to malted milk powder (horlicks), served over ice",1 regular cup(s) = 400ml,Per Serving (400ml),248,62,Per 100ml,6.68,46.44,4.16,,tap,FALSE,Derived,2026
bandung-packaged,Bandung (packaged),,Beverages,Beverages,Asian and herbal drinks,"Ready-to-drink rose syrup milk beverage, made with rose syrup and evaporated milk",1 can = 330ml,Per Serving (330ml),208,63,Per 100ml,3.3,26.4,9.9,,tap,FALSE,NIP,2025
barley-drink,Barley drink,,Beverages,Beverages,Asian and herbal drinks,"Beverage made from barley, sugar and water, boiled",1 regular cup(s) = 400ml,Per Serving (400ml),128,32,Per 100ml,0.52,31.12,0,,tap,FALSE,Derived,2026
barley-drink-less-sugar-packaged,"Barley drink (less sugar, packaged)",,Beverages,Beverages,Asian and herbal drinks,Ready-to-drink beverage made from cooked barley with less sugar,1 glass (250ml) = 250ml,Per Serving (250ml),70,28,Per 100ml,0,17.5,0,,tap,FALSE,NIP,2025
bird-s-nest-drink-less-sugar-packaged,"Bird's nest drink (less sugar, packaged)",,Beverages,Beverages,Asian and herbal drinks,Ready-to-drink beverage made with real bird's nest extract and less sugar,1 small bottle = 180ml,Per Serving (180ml),49,27,Per 100ml,2.07,9.81,0.09,,tap,FALSE,NIP,2025
chinese-herbal-tea-less-sugar-packaged,"Chinese herbal tea (less sugar, packaged)",,Beverages,Beverages,Asian and herbal drinks,Ready-to-drink traditional Chinese herbal tea with less sugar,1 can = 300ml,Per Serving (300ml),72,24,Per 100ml,0.24,17.82,0,,tap,FALSE,NIP,2025
chrysanthemum-tea-less-sugar,Chrysanthemum tea (less sugar),,Beverages,Beverages,Asian and herbal drinks,Chrysanthemum tea with less sugar,1 packet (250ml) = 250ml,Per Serving (250ml),65,26,Per 100ml,0,16,0,,tap,FALSE,Borrowed,2025
grass-jelly-drink,Grass jelly drink,,Beverages,Beverages,Asian and herbal drinks,Beverage made with grass jelly and water,1 regular cup(s) = 400ml,Per Serving (400ml),100,25,Per 100ml,0,24.76,0,,tap,FALSE,Derived,2026
herbal-tea,Herbal tea,,Beverages,Beverages,Asian and herbal drinks,"Caffeine-free tea made from herbs, flowers, or fruit",1 glass (250ml) = 265ml,Per Serving (265ml),61,23,Per 100ml,0,15.34,0,,tap,FALSE,Lab Analysis,2010
herbal-tea-no-sugar,Herbal tea (no sugar),,Beverages,Beverages,Asian and herbal drinks,Brewed tea with various chinese herbs and no sugar,1 glass (250ml) = 250ml,Per Serving (250ml),3,1,Per 100ml,0,0.5,0,,tap,FALSE,Borrowed,2025
honey-lemon-tea-less-sugar-packaged,"Honey lemon tea (less sugar, packaged)",,Beverages,Beverages,Asian and herbal drinks,Ready-to-drink beverage made with less honey and lemon juice,1 cup (200ml) = 200ml,Per Serving (200ml),72,36,Per 100ml,0,18.18,0,,tap,FALSE,NIP,2025
iced-longan-lychee-drink,Iced longan/lychee drink,,Beverages,Beverages,Asian and herbal drinks,"Drained, canned longan/lychee topped with ice, usually with sugar syrup added",1 cup(s) = 550ml,Per Serving (550ml),226,41,Per 100ml,0.44,56.32,0,,tap,FALSE,Derived,2026
lemon-barley-packaged,Lemon barley (packaged),,Beverages,Beverages,Asian and herbal drinks,Ready-to-drink barley beverage with lemon flavouring,1 packet = 250ml,Per Serving (250ml),75,30,Per 100ml,0,17.5,0,,tap,FALSE,NIP,2025
plum-drink-packaged,Plum drink (packaged),,Beverages,Beverages,Asian and herbal drinks,Ready-to-drink beverage with plum flavour,1 glass (250ml) = 250ml,Per Serving (250ml),80,32,Per 100ml,0,21.25,0,,tap,FALSE,NIP,2025
water-chestnut,Water chestnut,,Beverages,Beverages,Asian and herbal drinks,Water chestnut drink with sugar,1 regular cup(s) = 400ml,Per Serving (400ml),68,17,Per 100ml,0,16.64,0,,tap,FALSE,Derived,2026
water-chestnut-drink-less-sugar-packaged,"Water chestnut drink (less sugar, packaged)",,Beverages,Beverages,Asian and herbal drinks,Ready-to-drink beverage made from water chestnuts with less sugar,1 glass (250ml) = 250ml,Per Serving (250ml),80,32,Per 100ml,0.5,19.55,0,,tap,FALSE,NIP,2025
water-chestnut-sugar-cane-drink-less-sugar-packaged,"Water chestnut sugar cane drink (less sugar, packaged)",,Beverages,Beverages,Asian and herbal drinks,Ready-to-drink blend of water chestnuts and sugar cane juice with less sugar,1 glass (250ml) = 250ml,Per Serving (250ml),68,27,Per 100ml,0,11.25,0,,tap,FALSE,NIP,2025
winter-melon-drink-less-sugar-packaged,"Winter melon drink (less sugar, packaged)",,Beverages,Beverages,Asian and herbal drinks,Ready-to-drink beverage made from winter melon with less sugar,1 packet = 250ml,Per Serving (250ml),70,28,Per 100ml,0,17.5,0,,tap,FALSE,NIP,2025
winter-melon-drink-packaged,Winter melon drink (packaged),,Beverages,Beverages,Asian and herbal drinks,Ready-to-drink beverage made from winter melon,1 packet = 250ml,Per Serving (250ml),60,24,Per 100ml,0,15,0,,tap,FALSE,NIP,2025
luo-han-guo-drink,Luo han guo drink,,Beverages,Beverages,Asian and herbal drinks,Traditional Chinese herbal drink made from monk fruit (luo han guo),1 bottle(s) = 500ml,Per Serving (500ml),20,4,Per 100ml,0.4,4.25,,,tap,FALSE,Derived,2026
ginseng-chrysanthemum-drink,Ginseng chrysanthemum drink,,Beverages,Beverages,Asian and herbal drinks,Traditional Chinese herbal tea combining ginseng and chrysanthemum flowers,1 bottle(s) = 500ml,Per Serving (500ml),95,19,Per 100ml,,22.5,,,tap,FALSE,Derived,2026
flavoured-soda-any-flavour,Flavoured soda (any flavour),,Beverages,Beverages,Soft drinks,Soda with added flavours,1 can = 320ml,Per Serving (320ml),134,42,Per 100ml,0,33.66,0,,tap,FALSE,NIP,2025
flavoured-soda-less-sugar-any-flavour,"Flavoured soda (less sugar, any flavour)",,Beverages,Beverages,Soft drinks,Soda with added flavours and less sugar,1 can = 320ml,Per Serving (320ml),58,18,Per 100ml,0.22,13.89,0.22,,tap,FALSE,NIP,2025
flavoured-soda-no-sugar-any-flavour,"Flavoured soda (no sugar, any flavour)",,Beverages,Beverages,Soft drinks,Soda with added flavours and no sugar,1 can = 320ml,Per Serving (320ml),0,0,Per 100ml,0,0,0,,tap,FALSE,NIP,2025
ice-cream-soda,Ice cream soda,,Beverages,Beverages,Soft drinks,Carbonated soft drink served with a scoop of vanilla ice cream,1 can = 320ml,Per Serving (320ml),138,43,Per 100ml,0,34.56,0,,tap,FALSE,NIP,2025
root-beer,Root beer,,Beverages,Beverages,Soft drinks,Carbonated soft drink  flavoured with artificial sweeteners,1 can = 320ml,Per Serving (320ml),160,50,Per 100ml,0.19,40,0.19,,tap,FALSE,NIP,2025
soft-drink-float,Soft drink float,,Beverages,Beverages,Soft drinks,Beverage made with carbonated soda and a scoop of vanilla ice cream,1 glass (300ml) = 380ml,Per Serving (380ml),247,65,Per 100ml,2.13,45.94,6.65,,tap,FALSE,Lab Analysis,2010
brown-sugar-milk-tea,Brown sugar milk tea,,Beverages,Beverages,Speciality tea,Freshly made milk tea with caramelized brown sugar syrup and customisable topping,1 medium cup(s) = 500ml,Per Serving (500ml),395,79,Per 100ml,1.9,67.85,13,,tap,FALSE,Derived,2026
bubble-tea-no-milk,Bubble tea no milk,,Beverages,Beverages,Speciality tea,"Freshly made fruit or tea-based beverage without milk, with customisable topping",1 medium cup(s) = 500ml,Per Serving (500ml),165,33,Per 100ml,0.65,39.8,0.75,,tap,FALSE,Derived,2026
bubble-tea-with-milk-no-topping,Bubble tea with milk (no topping),,Beverages,Beverages,Speciality tea,Freshly made milk tea with no customisable topping,1 medium cup(s) = 500ml,Per Serving (500ml),320,64,Per 100ml,1.6,45.8,14.2,,tap,FALSE,Derived,2026
chrysanthemum-milk-tea,Chrysanthemum milk tea,,Beverages,Beverages,Speciality tea,"Floral tea made from dried chrysanthemum flowers blended with milk or creamer, with customisable topping",1 medium cup(s) = 500ml,Per Serving (500ml),285,57,Per 100ml,0.95,50.25,8.95,,tap,FALSE,Derived,2026
green-milk-tea-less-sugar,Green milk tea (less sugar),,Beverages,Beverages,Speciality tea,"Freshly made green tea with milk or creamer, lower sugar level and customisable topping",1 medium cup(s) = 500ml,Per Serving (500ml),125,25,Per 100ml,0.9,29.45,0.75,,tap,FALSE,Derived,2026
green-milk-tea-less-sugar-no-topping,"Green milk tea (less sugar, no topping)",,Beverages,Beverages,Speciality tea,"Freshly made green tea with milk or creamer, lower sugar level and no customisable topping",1 medium cup(s) = 500ml,Per Serving (500ml),315,63,Per 100ml,1.85,41.85,15.5,,tap,FALSE,Derived,2026
green-tea-no-topping,Green tea (no topping),,Beverages,Beverages,Speciality tea,Freshly brewed jasmine-flavoured green tea with no customisable topping,1 medium cup(s) = 500ml,Per Serving (500ml),110,22,Per 100ml,0.35,27,0,,tap,FALSE,Derived,2026
hazelnut-milk-tea-less-sugar,Hazelnut milk tea (less sugar),,Beverages,Beverages,Speciality tea,"Freshly made tea with milk, hazelnut syrup, customisable topping and lower sugar level",1 medium cup(s) = 500ml,Per Serving (500ml),420,84,Per 100ml,1.85,63.85,17.4,,tap,FALSE,Derived,2026
honey-lemon-bubble-tea,Honey lemon bubble tea,,Beverages,Beverages,Speciality tea,"Freshly made tea with honey, lemon and customisable topping",1 medium cup(s) = 500ml,Per Serving (500ml),200,40,Per 100ml,0.5,47.6,0.75,,tap,FALSE,Derived,2026
honey-oolong-tea,Honey oolong tea,,Beverages,Beverages,Speciality tea,"Freshly brewed oolong tea sweetened with honey, with customisable topping",1 medium cup(s) = 500ml,Per Serving (500ml),190,38,Per 100ml,0.5,45.2,0.75,,tap,FALSE,Derived,2026
lemon-green-tea,Lemon green tea,,Beverages,Beverages,Speciality tea,"Freshly brewed green tea with lemon slices or juice, with customisable topping",1 medium cup(s) = 500ml,Per Serving (500ml),160,32,Per 100ml,0.5,38.85,0.75,,tap,FALSE,Derived,2026
oolong-milk-tea-less-sugar,Oolong milk tea (less sugar),,Beverages,Beverages,Speciality tea,"Freshly brewed oolong tea with milk, lower sugar level and customisable topping",1 medium cup(s) = 500ml,Per Serving (500ml),280,56,Per 100ml,1.3,45.5,10.55,,tap,FALSE,Derived,2026
oolong-milk-tea-no-topping,Oolong milk tea (no topping),,Beverages,Beverages,Speciality tea,Freshly brewed oolong tea with milk and no customisable topping,1 medium cup(s) = 500ml,Per Serving (500ml),265,53,Per 100ml,1,39.3,11.75,,tap,FALSE,Derived,2026
peach-green-tea-less-sugar,Peach green tea (less sugar),,Beverages,Beverages,Speciality tea,"Freshly brewed green tea with peach flavouring, lower sugar level and customisable topping",1 medium cup(s) = 500ml,Per Serving (500ml),185,37,Per 100ml,0.6,44.55,0.75,,tap,FALSE,Derived,2026
green-tea-no-sugar-no-topping,"Green tea (no sugar, no topping)",,Beverages,Beverages,Speciality tea,Freshly brewed jasmine-flavoured green tea with no sugar added and no customisable topping,1 medium cup(s) = 500ml,Per Serving (500ml),5,1,Per 100ml,0.5,1,0,,tap,FALSE,Derived,2026
green-milk-tea-no-sugar-no-topping,"Green milk tea (no sugar, no topping)",,Beverages,Beverages,Speciality tea,"Freshly made green tea with milk or creamer, no sugar added and no customisable topping",1 medium cup(s) = 500ml,Per Serving (500ml),275,55,Per 100ml,1.85,31.35,15.8,,tap,FALSE,Derived,2026
lemon-green-tea-no-sugar-no-topping,"Lemon green tea (no sugar, no topping)",,Beverages,Beverages,Speciality tea,"Freshly brewed green tea with lemon slices or juice, no sugar added and no customisable topping",1 medium cup(s) = 500ml,Per Serving (500ml),15,3,Per 100ml,0.5,3.35,0,,tap,FALSE,Derived,2026
lemon-green-tea-less-sugar-no-topping,"Lemon green tea (less sugar, no topping)",,Beverages,Beverages,Speciality tea,"Freshly brewed green tea with lemon slices or juice, lower sugar level and no customisable topping",1 medium cup(s) = 500ml,Per Serving (500ml),65,13,Per 100ml,0.3,15.55,0,,tap,FALSE,Derived,2026
milk-tea-no-sugar-no-topping,"Milk tea (no sugar, no topping)",,Beverages,Beverages,Speciality tea,Milk tea served with customisable toppings and no added sugar,1 medium cup(s) = 500ml,Per Serving (500ml),250,50,Per 100ml,1.65,28.5,14.3,,tap,FALSE,Derived,2026
milk-tea-less-sugar-no-topping,"Milk tea (less sugar, no topping)",,Beverages,Beverages,Speciality tea,Milk tea served with customisable toppings and lower sugar level,1 medium cup(s) = 500ml,Per Serving (500ml),295,59,Per 100ml,1.85,40.9,14.15,,tap,FALSE,Derived,2026
milk-tea-no-topping,Milk tea (no topping),,Beverages,Beverages,Speciality tea,Milk tea served with customisable toppings,1 medium cup(s) = 500ml,Per Serving (500ml),320,64,Per 100ml,1.65,45.75,14.65,,tap,FALSE,Derived,2026
green-tea-with-pearls-no-sugar,Green tea with pearls (no sugar),,Beverages,Beverages,Speciality tea,"Freshly made green tea served with tapioca pearls, no sugar added",1 medium cup(s) = 500ml,Per Serving (500ml),125,25,Per 100ml,0.75,30.5,0,,tap,FALSE,Derived,2026
oolong-tea-with-pearls-less-sugar,Oolong tea with pearls (less sugar),,Beverages,Beverages,Speciality tea,"Freshly brewed oolong tea with with tapioca pearls, lower sugar level",1 medium cup(s) = 500ml,Per Serving (500ml),155,31,Per 100ml,0.35,39.05,0,,tap,FALSE,Derived,2026
oolong-tea,Oolong tea,,Beverages,Beverages,Speciality tea,Freshly brewed oolong tea with customisable topping,1 medium cup(s) = 500ml,Per Serving (500ml),155,31,Per 100ml,0.5,39.55,0.75,,tap,FALSE,Derived,2026
milk-tea,Milk tea,,Beverages,Beverages,Speciality tea,Milk tea served with customisable toppings,1 medium cup(s) = 500ml,Per Serving (500ml),340,68,Per 100ml,1.8,55.05,12.45,,tap,FALSE,Derived,2026
milk-tea-less-sugar,Milk tea (less sugar),,Beverages,Beverages,Speciality tea,Milk tea served with customisable toppings and lower sugar level,1 medium cup(s) = 500ml,Per Serving (500ml),320,64,Per 100ml,1.95,51.2,12.05,,tap,FALSE,Derived,2026
milk-tea-no-sugar,Milk tea (no sugar),,Beverages,Beverages,Speciality tea,Milk tea served with customisable toppings and no added sugar,1 medium cup(s) = 500ml,Per Serving (500ml),280,56,Per 100ml,1.8,41.25,12.2,,tap,FALSE,Derived,2026
lemon-green-tea-no-sugar,Lemon green tea (no sugar),,Beverages,Beverages,Speciality tea,"Freshly brewed green tea with lemon slices or juice, no added sugar, and customisable topping",1 medium cup(s) = 500ml,Per Serving (500ml),95,19,Per 100ml,0.9,21.15,0.75,,tap,FALSE,Derived,2026
chrysanthemum-milk-tea-no-sugar,Chrysanthemum milk tea (no sugar),,Beverages,Beverages,Speciality tea,"Floral tea made from dried chrysanthemum flowers blended with milk or creamer, with no added sugar and customisable topping",1 medium cup(s) = 500ml,Per Serving (500ml),220,44,Per 100ml,0.95,38.25,7.15,,tap,FALSE,Derived,2026
bubble-tea-no-milk-no-sugar,Bubble tea no milk (no sugar),,Beverages,Beverages,Speciality tea,"Freshly made fruit or tea-based beverage without milk, with no sugar added and customisable topping",1 medium cup(s) = 500ml,Per Serving (500ml),85,17,Per 100ml,0.7,19.2,0.75,,tap,FALSE,Derived,2026
bubble-tea-no-milk-no-sugar-no-topping,"Bubble tea no milk (no sugar, no topping)",,Beverages,Beverages,Speciality tea,"Freshly made fruit or tea-based beverage without milk, with no sugar added and no customisable topping",1 medium cup(s) = 500ml,Per Serving (500ml),5,1,Per 100ml,0.25,0.9,0,,tap,FALSE,Derived,2026
bubble-tea-with-milk-no-sugar,Bubble tea with milk (no sugar),,Beverages,Beverages,Speciality tea,Freshly made milk tea with no sugar added and customisable topping,1 medium cup(s) = 500ml,Per Serving (500ml),210,42,Per 100ml,1.55,33,8.4,,tap,FALSE,Derived,2026
flavoured-bubble-tea-no-milk-no-sugar-no-topping,"Flavoured bubble tea no milk (no sugar, no topping)",,Beverages,Beverages,Speciality tea,"Flavoured bubble tea no milk (no sugar, no topping)",1 medium cup(s) = 500ml,Per Serving (500ml),75,15,Per 100ml,0.3,18.6,,,tap,FALSE,Derived,2026
flavoured-bubble-tea-with-milk-no-sugar-no-topping,"Flavoured bubble tea with milk (no sugar, no topping)",,Beverages,Beverages,Speciality tea,"Flavoured bubble tea with milk (no sugar, no topping)",1 medium cup(s) = 500ml,Per Serving (500ml),310,62,Per 100ml,1.3,40.75,15.65,,tap,FALSE,Derived,2026
green-tea-no-sugar,Green tea (no sugar),,Beverages,Beverages,Speciality tea,Freshly brewed green tea with no sugar added and customisable topping,1 medium cup(s) = 500ml,Per Serving (500ml),85,17,Per 100ml,0.9,19.25,0.75,,tap,FALSE,Derived,2026
2-in-1-black-coffee-sugar,2 in 1 black coffee (sugar),,Beverages,Beverages,Coffee,Instant black coffee premixed with sugar,1 cup (200ml) = 200ml,Per Serving (200ml),84,42,Per 100ml,0.94,19.12,0.58,,tap,FALSE,NIP,2025
3-in-1-yuan-yang,3 in 1 yuan yang,,Beverages,Beverages,Coffee,Instant coffee and tea premixed with creamer and sugar,1 cup (200ml) = 200ml,Per Serving (200ml),154,77,Per 100ml,1.22,25.88,5.1,,tap,FALSE,NIP,2025
black-coffee-no-sugar-sachet-filter-bag,"Black coffee (no sugar, sachet/filter bag)",,Beverages,Beverages,Coffee,Instant or drip coffee without sugar or creamer,1 cup (200ml) = 200ml,Per Serving (200ml),42,21,Per 100ml,0.98,8.8,0.44,,tap,FALSE,NIP,2025
black-coffee-packaged,Black coffee (packaged),,Beverages,Beverages,Coffee,Ready-to-drink black coffee without sugar or creamer,1 can = 240ml,Per Serving (240ml),60,25,Per 100ml,0.19,14.4,0,,tap,FALSE,NIP,2025
coffee-with-milk-less-sugar-bottled,"Coffee with milk (less sugar, bottled)",,Beverages,Beverages,Coffee,Ready-to-drink coffee beverage with milk and less sugar,1 can = 240ml,Per Serving (240ml),144,60,Per 100ml,2.4,31.2,1.8,,tap,FALSE,NIP,2025
coffee-with-milk-no-sugar-bottled,"Coffee with milk (no sugar, bottled)",,Beverages,Beverages,Coffee,Ready-to-drink coffee beverage with milk and no sugar,1 can = 240ml,Per Serving (240ml),36,15,Per 100ml,0.72,3.67,0.36,,tap,FALSE,NIP,2025
flavoured-white-coffee-less-sugar-bottled,"Flavoured white coffee (less sugar, bottled)",,Beverages,Beverages,Coffee,Ready to drink white coffee with less sugar and added flavours,1 can = 240ml,Per Serving (240ml),156,65,Per 100ml,1.9,26.28,4.8,,tap,FALSE,NIP,2025
iced-kopi,Iced Kopi,kopi peng|kopi ice,Beverages,Beverages,Coffee,"Traditional coffee with condensed milk and evaporated milk, served over ice",1 regular cup(s) = 400ml,Per Serving (400ml),240,60,Per 100ml,2,42.6,6.76,,tap,FALSE,Derived,2026
instant-coffee-granules-no-sugar,Instant coffee granules (no sugar),,Beverages,Beverages,Coffee,Dried coffee granules without added sugar,1 cup (200ml) = 200ml,Per Serving (200ml),22,11,Per 100ml,0.4,3.5,0.62,,tap,FALSE,NIP,2025
kopi,Kopi,,Beverages,Beverages,Coffee,Traditional coffee with condensed milk and evaporated milk,1 regular cup(s) = 250ml,Per Serving (250ml),193,77,Per 100ml,1.63,34.33,5.45,,tap,FALSE,Derived,2026
kopi-c,Kopi C,,Beverages,Beverages,Coffee,Local coffee with evaporated milk and sugar,1 regular cup(s) = 250ml,Per Serving (250ml),130,52,Per 100ml,2.08,23.28,3.18,,tap,FALSE,Derived,2026
kopi-c-kosong,Kopi C kosong,,Beverages,Beverages,Coffee,Traditional coffee with evaporated milk and no sugar,1 regular cup(s) = 250ml,Per Serving (250ml),93,37,Per 100ml,2.5,12.1,3.7,,tap,FALSE,Derived,2026
kopi-c-siu-dai,Kopi C siu dai,,Beverages,Beverages,Coffee,Traditional coffee with evaporated milk and less sugar,1 regular cup(s) = 250ml,Per Serving (250ml),113,45,Per 100ml,2.08,17.9,3.53,,tap,FALSE,Derived,2026
kopi-o,Kopi O,,Beverages,Beverages,Coffee,Local coffee with sugar only,1 regular cup(s) = 250ml,Per Serving (250ml),78,31,Per 100ml,0.58,18.93,0,,tap,FALSE,Derived,2026
kopi-o-kosong,Kopi O kosong,,Beverages,Beverages,Coffee,Traditional black coffee without sugar or milk,1 regular cup(s) = 250ml,Per Serving (250ml),33,13,Per 100ml,0.68,7.25,0,,tap,FALSE,Derived,2026
kopi-o-siu-dai,Kopi O siu dai,,Beverages,Beverages,Coffee,Local black coffee with reduced sugar,1 regular cup(s) = 250ml,Per Serving (250ml),70,28,Per 100ml,0.35,17.08,0,,tap,FALSE,Derived,2026
kopi-siu-dai,Kopi siu dai,,Beverages,Beverages,Coffee,Traditional coffee with condensed milk and less sugar,1 regular cup(s) = 250ml,Per Serving (250ml),150,60,Per 100ml,1.13,28.53,3.47,,tap,FALSE,Derived,2026
oat-milk-latte,Oat milk latte,,Beverages,Beverages,Coffee,Beverage made with steamed oat milk and espresso with sugar,1 medium cup(s) = 450ml,Per Serving (450ml),207,46,Per 100ml,3.2,26.87,9.99,,tap,FALSE,Derived,2026
soy-milk-latte,Soy milk latte,,Beverages,Beverages,Coffee,Beverage made with steamed soy milk and espresso with sugar,1 medium cup(s) = 450ml,Per Serving (450ml),108,24,Per 100ml,4.5,12.74,4.1,,tap,FALSE,Derived,2026
iced-kopi-c-kosong,Iced Kopi C kosong,kopi c kosong peng|kopi c kosong ice,Beverages,Beverages,Coffee,"Traditional coffee with evaporated milk and no sugar, served over ice",1 regular cup(s) = 400ml,Per Serving (400ml),116,29,Per 100ml,3.12,15,4.6,,tap,FALSE,Derived,2026
iced-kopi-o,Iced Kopi O,kopi o peng|kopi o ice,Beverages,Beverages,Coffee,"Local coffee with sugar only, served over ice",1 regular cup(s) = 400ml,Per Serving (400ml),96,24,Per 100ml,0.72,23.48,,,tap,FALSE,Derived,2026
iced-kopi-siu-dai,Iced Kopi siu dai,kopi siu dai peng|kopi siu dai ice,Beverages,Beverages,Coffee,"Traditional coffee with evaporated milk and less sugar, served over ice",1 regular cup(s) = 400ml,Per Serving (400ml),188,47,Per 100ml,1.4,35.4,4.32,,tap,FALSE,Derived,2026
iced-kopi-o-siu-dai,Iced Kopi O siu dai,kopi o siu dai peng|kopi o siu dai ice,Beverages,Beverages,Coffee,"Local black coffee with reduced sugar, served over ice",1 regular cup(s) = 400ml,Per Serving (400ml),88,22,Per 100ml,0.44,21.2,,,tap,FALSE,Derived,2026
iced-kopi-c-siu-dai,Iced Kopi C siu dai,kopi c siu dai peng|kopi c siu dai ice,Beverages,Beverages,Coffee,"Traditional coffee with evaporated milk and less sugar, served over ice",1 regular cup(s) = 400ml,Per Serving (400ml),140,35,Per 100ml,2.56,22.2,4.36,,tap,FALSE,Derived,2026
iced-kopi-c,Iced Kopi C,kopi c peng|kopi c ice,Beverages,Beverages,Coffee,"Local coffee with evaporated milk and sugar, served over ice",1 regular cup(s) = 400ml,Per Serving (400ml),160,40,Per 100ml,2.56,28.88,3.92,,tap,FALSE,Derived,2026
black-tea-less-sugar-packaged,"Black tea (less sugar, packaged)",,Beverages,Beverages,Tea and related drinks,Ready-to-drink brewed black tea with less sugar,1 bottle = 500ml,Per Serving (500ml),100,20,Per 100ml,0,26.7,0,,tap,FALSE,NIP,2025
chinese-tea,Chinese tea,,Beverages,Beverages,Tea and related drinks,Traditional tea made from Chinese tea leaves,1 cup (250ml) = 250ml,Per Serving (250ml),3,1,Per 100ml,0,0,0,,tap,FALSE,Borrowed,2025
flavoured-tea-no-sugar,Flavoured tea (no sugar),,Beverages,Beverages,Tea and related drinks,Tea with added flavours and no sugar,1 cup (200ml) = 200ml,Per Serving (200ml),2,1,Per 100ml,0.08,0.08,0,,tap,FALSE,NIP,2025
flavoured-tea-packaged,Flavoured tea (packaged),,Beverages,Beverages,Tea and related drinks,Ready-to-drink sweetened tea with added flavours,1 bottle = 500ml,Per Serving (500ml),125,25,Per 100ml,0,33.8,0,,tap,FALSE,NIP,2025
fruit-tea-with-fruit-toppings-any-type,Fruit tea with fruit toppings (any type),,Beverages,Beverages,Tea and related drinks,Freshly made fruit tea served with fruit toppings,1 medium cup (500ml) = 500ml,Per Serving (500ml),190,38,Per 100ml,0.5,46.9,0.2,,tap,FALSE,Lab Analysis,2023
green-tea-no-sugar-packaged,"Green tea (no sugar, packaged)",,Beverages,Beverages,Tea and related drinks,Ready-to-drink green tea with no sugar,1 bottle = 500ml,Per Serving (500ml),0,0,Per 100ml,0,0,0,,tap,FALSE,NIP,2025
iced-lemon-tea,Iced lemon tea,lemon tea peng|lemon tea ice,Beverages,Beverages,Tea and related drinks,Citrus-flavoured beverage made of instant sweetened tea with lemon flavour,1 glass(s) = 450ml,Per Serving (450ml),162,36,Per 100ml,0,40.82,0,,tap,FALSE,Derived,2026
iced-limau,Iced limau,limau peng|limau ice,Beverages,Beverages,Juice drinks,"Beverage made with iced water, sugar syrup and calamansi",1 glass(s) = 450ml,Per Serving (450ml),117,26,Per 100ml,0,29.7,0,,tap,FALSE,Derived,2026
iced-teh-o-limau,Iced Teh O limau,teh o limau peng|iced teh o limau ice,Beverages,Beverages,Tea and related drinks,Beverage made with iced tea with sugar and calamansi,1 glass(s) = 450ml,Per Serving (450ml),131,29,Per 100ml,0.13,33.35,0,,tap,FALSE,Derived,2026
iced-lemon-tea-less-sugar-packaged,"Iced lemon tea (less sugar, packaged)",lemon tea less sugar packaged peng|lemon tea less sugar packaged ice,Beverages,Beverages,Tea and related drinks,Ready-to-drink black tea with lemon and less sugar,1 bottle = 500ml,Per Serving (500ml),135,27,Per 100ml,0,34,0,,tap,FALSE,NIP,2025
iced-lemon-tea-packaged,Iced lemon tea (packaged),,Beverages,Beverages,Tea and related drinks,Ready-to-drink black tea with lemon and sugar,1 bottle = 500ml,Per Serving (500ml),185,37,Per 100ml,0,47,0,,tap,FALSE,NIP,2025
iced-teh,Iced Teh,teh peng|teh ice,Beverages,Beverages,Tea and related drinks,"Traditional tea with condensed milk and evaporated milk, served over ice",1 regular cup(s) = 400ml,Per Serving (400ml),188,47,Per 100ml,1.64,32.04,5.92,,tap,TRUE,Derived,2026
infused-black-tea-no-sugar,Infused black tea (no sugar),,Beverages,Beverages,Tea and related drinks,Freshly brewed black tea without sugar,1 cup (200ml) = 200ml,Per Serving (200ml),10,5,Per 100ml,0,0.4,0,,tap,FALSE,NIP,2025
tea-with-cream,Tea with cream,,Beverages,Beverages,Tea and related drinks,Freshly brewed tea served with dairy cream,1 medium cup (500ml) = 500ml,Per Serving (500ml),445,89,Per 100ml,3.35,56.75,22.45,,tap,FALSE,Lab Analysis,2023
tea-with-foam,Tea with foam,,Beverages,Beverages,Tea and related drinks,Tea topped with creamy milk foam layer,1 medium cup (500ml) = 500ml,Per Serving (500ml),405,81,Per 100ml,3.05,53.9,19.45,,tap,FALSE,Lab Analysis,2023
teh,Teh,,Beverages,Beverages,Tea and related drinks,Traditional tea with condensed milk and evaporated milk,1 regular cup(s) = 250ml,Per Serving (250ml),150,60,Per 100ml,1.33,25.83,4.77,,tap,FALSE,Derived,2026
teh-c,Teh C,,Beverages,Beverages,Tea and related drinks,Local tea with evaporated milk and sugar,1 regular cup(s) = 250ml,Per Serving (250ml),125,50,Per 100ml,1.85,21.8,3.4,,tap,FALSE,Derived,2026
teh-c-siu-dai,Teh C siu dai,,Beverages,Beverages,Tea and related drinks,Traditional tea with evaporated milk and less sugar,1 regular cup(s) = 250ml,Per Serving (250ml),63,25,Per 100ml,1.53,9.48,2.18,,tap,FALSE,Derived,2026
teh-halia,Teh halia,,Beverages,Beverages,Tea and related drinks,"Traditional tea with condensed milk, evaporated milk and ginger",1 regular cup(s) = 250ml,Per Serving (250ml),145,58,Per 100ml,1,27.45,3.28,,tap,FALSE,Derived,2026
teh-o,Teh O,,Beverages,Beverages,Tea and related drinks,Local tea with sugar,1 regular cup(s) = 250ml,Per Serving (250ml),48,19,Per 100ml,0,12.12,0,,tap,FALSE,Derived,2026
teh-o-kosong,Teh O kosong,,Beverages,Beverages,Tea and related drinks,Local black tea with no sugar,1 regular cup(s) = 250ml,Per Serving (250ml),5,2,Per 100ml,0,1.55,0,,tap,FALSE,Derived,2026
teh-o-siu-dai,Teh O siu dai,,Beverages,Beverages,Tea and related drinks,Local black tea with less sugar/less sweet,1 regular cup(s) = 250ml,Per Serving (250ml),43,17,Per 100ml,0,10.33,0,,tap,FALSE,Derived,2026
teh-siu-dai,Teh siu dai,,Beverages,Beverages,Tea and related drinks,Local tea with condensed milk and less sugar/less sweet,1 regular cup(s) = 250ml,Per Serving (250ml),98,39,Per 100ml,0.75,17.55,2.8,,tap,FALSE,Derived,2026
teh-tarik,Teh Tarik,,Beverages,Beverages,Tea and related drinks,"Traditional tea with condensed milk, evaporated milk and a frothy texture from pulling",1 small cup (150ml) = 150ml,Per Serving (150ml),72,48,Per 100ml,0.9,11.82,2.34,,tap,FALSE,Lab Analysis,2023
yuan-yang,Yuan yang,,Beverages,Beverages,Tea and related drinks,Traditional tea combined with coffee and condensed milk,1 regular cup(s) = 250ml,Per Serving (250ml),143,57,Per 100ml,1.17,25.08,4,,tap,FALSE,Derived,2026
yuan-yang-kosong,Yuan yang kosong,,Beverages,Beverages,Tea and related drinks,Traditional tea combined with coffee and no sugar,1 small cup (150ml) = 150ml,Per Serving (150ml),2,1,Per 100ml,0.08,0,0.18,,tap,FALSE,Lab Analysis,2010
yuan-yang-siu-dai,Yuan yang siu dai,,Beverages,Beverages,Tea and related drinks,Traditional tea combined with coffee and less condensed milk,1 regular cup(s) = 250ml,Per Serving (250ml),100,40,Per 100ml,0.93,18.08,2.4,,tap,FALSE,Derived,2026
yuan-yang-o-kosong,Yuan yang O kosong,,Beverages,Beverages,Tea and related drinks,Traditional tea combined with coffee and no sugar,1 regular cup(s) = 250ml,Per Serving (250ml),25,10,Per 100ml,0.6,5.63,0.05,,tap,FALSE,Derived,2026
iced-yuan-yang-o-kosong,Iced Yuan Yang O kosong,,Beverages,Beverages,Tea and related drinks,"Traditional tea combined with coffee and no sugar, served over ice",1 regular cup(s) = 400ml,Per Serving (400ml),32,8,Per 100ml,0.76,7,0.08,,tap,FALSE,Derived,2026
iced-kopi-o-kosong,Iced Kopi O kosong,kopi o kosong peng|kopi o kosong ice,Beverages,Beverages,Coffee,"Traditional black coffee without sugar or milk, served over ice",1 regular cup(s) = 400ml,Per Serving (400ml),40,10,Per 100ml,0.84,9,,,tap,FALSE,Derived,2026
iced-teh-o,Iced Teh O,teh o peng|teh o ice,Beverages,Beverages,Tea and related drinks,"Local tea with sugar, served over ice",1 regular cup(s) = 400ml,Per Serving (400ml),60,15,Per 100ml,,15.04,,,tap,FALSE,Derived,2026
iced-teh-o-kosong,Iced Teh O kosong,teh o kosong peng|teh o kosong ice,Beverages,Beverages,Tea and related drinks,"Local black tea with no sugar, served over ice",1 regular cup(s) = 400ml,Per Serving (400ml),8,2,Per 100ml,,1.92,,,tap,FALSE,Derived,2026
iced-teh-c,Iced Teh C,teh c peng|teh c ice,Beverages,Beverages,Tea and related drinks,"Local tea with evaporated milk and sugar, served over ice",1 regular cup(s) = 400ml,Per Serving (400ml),156,39,Per 100ml,2.28,27.04,4.2,,tap,FALSE,Derived,2026
iced-teh-c-kosong,Iced Teh C kosong,teh c kosong peng|teh c kosong ice,Beverages,Beverages,Tea and related drinks,"Local tea with evaporated milk and no sugar, served over ice",1 regular cup(s) = 400ml,Per Serving (400ml),68,17,Per 100ml,2.08,7.52,3.2,,tap,FALSE,Derived,2026
iced-teh-c-siu-dai,Iced Teh C siu dai,teh c siu dai peng|teh c siu dai ice,Beverages,Beverages,Tea and related drinks,"Traditional tea with evaporated milk and less sugar, served over ice",1 regular cup(s) = 400ml,Per Serving (400ml),76,19,Per 100ml,1.88,11.76,2.68,,tap,FALSE,Derived,2026
iced-teh-halia,Iced Teh halia,teh halia peng|teh halia ice,Beverages,Beverages,Tea and related drinks,"Traditional tea with condensed milk, evaporated milk and ginger, served over ice",1 regular cup(s) = 400ml,Per Serving (400ml),180,45,Per 100ml,1.24,34.08,4.08,,tap,FALSE,Derived,2026
iced-teh-siu-dai,Iced Teh siu dai,teh siu dai peng|teh siu dai ice,Beverages,Beverages,Tea and related drinks,"Local tea with condensed milk and less sugar/less sweet, served over ice",1 regular cup(s) = 400ml,Per Serving (400ml),120,30,Per 100ml,0.92,21.76,3.48,,tap,FALSE,Derived,2026
iced-teh-o-siu-dai,Iced Teh O siu dai,teh o siu dai peng|teh o siu dai ice,Beverages,Beverages,Tea and related drinks,"Local black tea with less sugar/less sweet, served over ice",1 regular cup(s) = 400ml,Per Serving (400ml),52,13,Per 100ml,,12.8,,,tap,FALSE,Derived,2026
iced-yuan-yang,Iced Yuan Yang,yuan yang peng|yuan yang ice,Beverages,Beverages,Tea and related drinks,"Traditional tea combined with coffee and condensed milk, served over ice",1 regular cup(s) = 400ml,Per Serving (400ml),176,44,Per 100ml,1.44,31.12,4.96,,tap,TRUE,Derived,2026
iced-yuan-yang-siu-dai,Iced Yuan Yang siu dai,yuan yang siu dai peng|yuan yang siu dai ice,Beverages,Beverages,Tea and related drinks,"Traditional tea combined with coffee and less condensed milk, served over ice",1 regular cup(s) = 400ml,Per Serving (400ml),124,31,Per 100ml,1.16,22.44,2.96,,tap,FALSE,Derived,2026