Category,Food Name,Description,Food Group,Food Subgroup,Edible Portion,Default Serving Size,Alternative Serving Size(s),Source of Data,Last Updated,Per 100 Unit,Per Serving Size,Energy (kcal) - Per 100,Energy (kcal) - Per Serving,Protein (g) - Per 100,Protein (g) - Per Serving,Total Fat (g) - Per 100,Total Fat (g) - Per Serving,Saturated Fat (g) - Per 100,Saturated Fat (g) - Per Serving,Trans Fat (g) - Per 100,Trans Fat (g) - Per Serving,Carbohydrate (g) - Per 100,Carbohydrate (g) - Per Serving,Sugar (g) - Per 100,Sugar (g) - Per Serving,Added Sugar (g) - Per 100,Added Sugar (g) - Per Serving,Dietary Fibre (g) - Per 100,Dietary Fibre (g) - Per Serving,Sodium (mg) - Per 100,Sodium (mg) - Per Serving,Potassium (mg) - Per 100,Potassium (mg) - Per Serving,Calcium (mg) - Per 100,Calcium (mg) - Per Serving,Iron (mg) - Per 100,Iron (mg) - Per Serving,Water (g) - Per 100,Water (g) - Per Serving,Nitrogen (g) - Per 100,Nitrogen (g) - Per Serving,Polyunsaturated Fat (g) - Per 100,Polyunsaturated Fat (g) - Per Serving,Monounsaturated Fat (g) - Per 100,Monounsaturated Fat (g) - Per Serving,Omega-3 (EPA+DHA) (mg) - Per 100,Omega-3 (EPA+DHA) (mg) - Per Serving,Cholesterol (mg) - Per 100,Cholesterol (mg) - Per Serving,Glucose (g) - Per 100,Glucose (g) - Per Serving,Fructose (g) - Per 100,Fructose (g) - Per Serving,Maltose (g) - Per 100,Maltose (g) - Per Serving,Galactose (g) - Per 100,Galactose (g) - Per Serving,Sucrose (g) - Per 100,Sucrose (g) - Per Serving,Lactose (g) - Per 100,Lactose (g) - Per Serving,Starch (g) - Per 100,Starch (g) - Per Serving,Vitamin A (μg) - Per 100,Vitamin A (μg) - Per Serving,Retinol (μg) - Per 100,Retinol (μg) - Per Serving,B-carotene (μg) - Per 100,B-carotene (μg) - Per Serving,Thiamine (Vitamin B1) (mg) - Per 100,Thiamine (Vitamin B1) (mg) - Per Serving,Riboflavin (Vitamin B2) (mg) - Per 100,Riboflavin (Vitamin B2) (mg) - Per Serving,Vitamin B6 (mg) - Per 100,Vitamin B6 (mg) - Per Serving,Folic Acid (Vitamin B9) (μg) - Per 100,Folic Acid (Vitamin B9) (μg) - Per Serving,Vitamin B12 (μg) - Per 100,Vitamin B12 (μg) - Per Serving,Vitamin C (mg) - Per 100,Vitamin C (mg) - Per Serving,Vitamin D (IU) - Per 100,Vitamin D (IU) - Per Serving,Vitamin E (IU) - Per 100,Vitamin E (IU) - Per Serving,Vitamin K (μg) - Per 100,Vitamin K (μg) - Per Serving,Phosphorus (mg) - Per 100,Phosphorus (mg) - Per Serving,Selenium (μg) - Per 100,Selenium (μg) - Per Serving,Zinc (mg) - Per 100,Zinc (mg) - Per Serving
Beverages,Soy milk (no topping),Soybean milk made from soaked soya beans and water,Beverages,Soy milk,100%,1 cup(s) = 450ml,-,Derived,2026,Per 100ml,Per Serving (450ml),55,248,3.4,15.3,1.74,7.83,0.27,1.22,0,0,6.5,29.25,5.16,23.22,-,-,-,-,-,-,137,617,12,54,0.49,2.21,91.02,409.59,-,-,-,-,-,-,-,-,-,-,0,0,0,0,0,0,0,0,5.16,23.22,0,0,-,-,-,-,-,-,-,-,-,-,-,-,-,-,-,-,-,-,-,-,-,-,-,-,-,-,-,-,-,-,-,-
Beverages,Soy milk (less sugar),Beverage made from soaked soya beans and water with less sugar,Beverages,Soy milk,100%,1 cup(s) = 450ml,-,Derived,2026,Per 100ml,Per Serving (450ml),45,203,3.53,15.89,1.74,7.83,0.29,1.31,0,0,3.89,17.51,2.8,12.6,-,-,-,-,-,-,75,338,12,54,0.49,2.21,92.58,416.61,-,-,-,-,-,-,-,-,-,-,0,0,0,0,0,0,0,0,2.8,12.6,0,0,-,-,-,-,-,-,-,-,-,-,-,-,-,-,-,-,-,-,-,-,-,-,-,-,-,-,-,-,-,-,-,-
Beverages,"Soy milk (less sugar, packaged)",Ready-to-drink soybean milk with less sugar,Beverages,Soy milk,100%,1 glass (200ml) = 200ml,-,NIP,2025,Per 100ml,Per Serving (200ml),53,106,3.12,6.24,1.51,3.02,0.3,0.6,0,0,6.76,13.52,4.08,8.16,-,-,0.44,0.88,9,18,-,-,95,190,0.39,0.78,-,-,-,-,0.45,0.9,0.18,0.36,-,-,-,-,-,-,-,-,-,-,-,-,-,-,-,-,-,-,0,0,-,-,-,-,-,-,-,-,-,-,-,-,-,-,0,0,-,-,-,-,-,-,-,-,-,-,-,-
Beverages,"Soy milk (no sugar, no topping)","Soybean milk made from soaked soya beans and water, with no sugar added",Beverages,Soy milk,100%,1 cup(s) = 450ml,-,Derived,2026,Per 100ml,Per Serving (450ml),35,158,3.65,16.43,1.74,7.83,0.3,1.35,0,0,1.27,5.72,0.44,1.98,-,-,-,-,-,-,12,54,12,54,0.49,2.21,94.14,423.63,-,-,-,-,-,-,-,-,-,-,0,0,0,0,0,0,0,0,0.44,1.98,0,0,-,-,-,-,-,-,-,-,-,-,-,-,-,-,-,-,-,-,-,-,-,-,-,-,-,-,-,-,-,-,-,-
Beverages,Soy milk (packaged),Ready-to-drink soybean milk,Beverages,Soy milk,100%,1 glass (250ml) = 250ml,-,NIP,2025,Per 100ml,Per Serving (250ml),52,130,2.57,6.42,1.77,4.43,0.29,0.73,0,0,6.59,16.48,5.15,12.88,-,-,0.37,0.93,35,88,-,-,82,205,0.41,1.03,-,-,-,-,1.09,2.73,0.73,1.83,-,-,-,-,-,-,-,-,-,-,-,-,-,-,-,-,-,-,0,0,-,-,-,-,-,-,-,-,-,-,-,-,-,-,0,0,-,-,-,-,-,-,-,-,-,-,-,-
Beverages,Soy milk with grass jelly,Soybean milk served with black grass jelly pieces,Beverages,Soy milk,100%,1 cup(s) = 450ml,-,Derived,2026,Per 100ml,Per Serving (450ml),43,194,2.01,9.04,0.96,4.32,0.16,0.72,0,0,6.41,28.85,5.96,26.82,-,-,-,-,-,-,93,419,8,36,0.37,1.67,93.09,418.91,-,-,-,-,-,-,-,-,-,-,0,0,0,0,0,0,0,0,5.96,26.82,0,0,-,-,-,-,-,-,-,-,-,-,-,-,-,-,-,-,-,-,-,-,-,-,-,-,-,-,-,-,-,-,-,-
Beverages,Soy milk with pearls,Soybean milk served with tapioca pearls,Beverages,Soy milk,100%,1 cup(s) = 450ml,-,Derived,2026,Per 100ml,Per Serving (450ml),74,333,2.83,12.74,1.42,6.39,0.19,0.86,Trace,Trace,12.46,56.07,7.64,34.38,-,-,-,-,-,-,104,468,10,45,0.39,1.76,86.14,387.63,-,-,0.74,3.33,0.25,1.13,Trace,Trace,-,-,Trace,Trace,Trace,Trace,Trace,Trace,Trace,Trace,7.64,34.38,Trace,Trace,-,-,-,-,-,-,-,-,-,-,-,-,-,-,-,-,-,-,-,-,-,-,-,-,-,-,-,-,-,-,-,-
Beverages,Soy milk with pearls (no sugar),Soybean milk served with tapioca pearls and no added sugar,Beverages,Soy milk,100%,1 cup(s) = 450ml,-,Derived,2026,Per 100ml,Per Serving (450ml),57,257,3.12,14.04,1.63,7.33,0.22,0.99,Trace,Trace,7.38,33.21,2.36,10.62,-,-,-,-,-,-,123,554,11,50,0.44,1.98,93.81,422.15,-,-,0.86,3.87,0.29,1.31,Trace,Trace,-,-,Trace,Trace,Trace,Trace,Trace,Trace,Trace,Trace,2.36,10.62,Trace,Trace,-,-,-,-,-,-,-,-,-,-,-,-,-,-,-,-,-,-,-,-,-,-,-,-,-,-,-,-,-,-,-,-
Beverages,Soy milk with pearls (less sugar),Soybean milk served with tapioca pearls and lower sugar level,Beverages,Soy milk,100%,1 cup(s) = 450ml,-,Derived,2026,Per 100ml,Per Serving (450ml),63,284,2.92,13.14,1.43,6.44,0.2,0.9,Trace,Trace,9.58,43.11,4.97,22.37,-,-,-,-,-,-,112,504,11,50,0.41,1.84,86.44,388.98,-,-,0.77,3.47,0.26,1.17,Trace,Trace,-,-,Trace,Trace,Trace,Trace,Trace,Trace,Trace,Trace,4.97,22.37,Trace,Trace,-,-,-,-,-,-,-,-,-,-,-,-,-,-,-,-,-,-,-,-,-,-,-,-,-,-,-,-,-,-,-,-
Beverages,"Soy milk (less sugar, no topping)",Soybean milk made from soaked soya beans and water with lower sugar level,Beverages,Soy milk,100%,1 cup(s) = 450ml,-,Derived,2026,Per 100ml,Per Serving (450ml),43,194,3.55,15.97,1.67,7.52,0.27,1.22,0,0,3.43,15.44,2.89,13.01,-,-,-,-,-,-,143,644,12,54,0.48,2.16,93.08,418.86,-,-,-,-,-,-,-,-,-,-,0,0,0,0,0,0,0,0,2.89,13.01,0,0,-,-,-,-,-,-,-,-,-,-,-,-,-,-,-,-,-,-,-,-,-,-,-,-,-,-,-,-,-,-,-,-
Beverages,Soy milk with grass jelly (no sugar),Soybean milk served with black grass jelly pieces and no added sugar,Beverages,Soy milk,100%,1 cup(s) = 450ml,-,Derived,2026,Per 100ml,Per Serving (450ml),24,108,2.12,9.54,0.99,4.45,0.17,0.77,0,0,1.43,6.44,0.57,2.56,-,-,-,-,-,-,106,477,9,41,0.4,1.8,96.28,433.26,-,-,-,-,-,-,-,-,-,-,0,0,0,0,0,0,0,0,0.57,2.56,0,0,-,-,-,-,-,-,-,-,-,-,-,-,-,-,-,-,-,-,-,-,-,-,-,-,-,-,-,-,-,-,-,-
Beverages,Soy milk with grass jelly (less sugar),Soybean milk served with black grass jelly pieces with lower sugar level,Beverages,Soy milk,100%,1 cup(s) = 450ml,-,Derived,2026,Per 100ml,Per Serving (450ml),32,144,1.96,8.82,0.96,4.32,0.17,0.77,0,0,3.83,17.24,3.16,14.22,-,-,-,-,-,-,95,428,9,41,0.29,1.31,93.78,422.01,-,-,-,-,-,-,-,-,-,-,0,0,0,0,0,0,0,0,3.16,14.22,0,0,-,-,-,-,-,-,-,-,-,-,-,-,-,-,-,-,-,-,-,-,-,-,-,-,-,-,-,-,-,-,-,-
Beverages,Coconut water,Natural clear liquid from coconut,Beverages,100% Juices,100%,1 glass (250ml) = 250ml,-,Borrowed,2025,Per 100ml,Per Serving (250ml),22,55,0,0,0,0,Trace,Trace,-,-,5.6,14,5.6,14,-,-,0,0,1,3,-,-,14,35,0.1,0.25,-,-,-,-,Trace,Trace,Trace,Trace,-,-,-,-,-,-,-,-,-,-,-,-,-,-,-,-,-,-,0,0,-,-,-,-,-,-,-,-,-,-,-,-,-,-,4.6,11.5,-,-,-,-,-,-,-,-,-,-,-,-
Beverages,"Coconut water (less sugar, packaged)",Ready-to-drink coconut juice with less sugar,Beverages,100% Juices,100%,1 glass (250ml) = 250ml,"1 small can/carton (330ml) = 330ml, 1 large can/carton (500ml) = 500ml",NIP,2025,Per 100ml,Per Serving (250ml),19,48,0.1,0.25,0,0,0,0,0,0,4.59,11.48,4,10,-,-,0,0,14,35,-,-,14,35,0,0,-,-,-,-,0,0,0,0,-,-,-,-,-,-,-,-,-,-,-,-,-,-,-,-,-,-,0,0,-,-,-,-,-,-,-,-,-,-,-,-,-,-,0,0,-,-,-,-,-,-,-,-,-,-,-,-
Beverages,Fresh fruit juice (any flavour),Freshly made juice made from a mix of multiple vegetables,Beverages,Juice drinks,100%,1 medium cup(s) = 400ml,1 large cup(s) = 500ml,Derived,2026,Per 100ml,Per Serving (400ml),42,168,0.53,2.12,0.07,0.28,0,0,0,0,9.65,38.6,9.05,36.2,-,-,-,-,-,-,138,552,45,180,0.19,0.76,92.33,369.32,-,-,-,-,-,-,-,-,-,-,3.45,13.8,4.48,17.92,0.07,0.28,0,0,1.03,4.12,0,0,-,-,-,-,-,-,-,-,-,-,-,-,-,-,-,-,-,-,-,-,-,-,-,-,-,-,-,-,-,-,-,-
Beverages,Fresh mixed fruit or vegetable juice,Freshly made juice made from a mix of multiple fruits and/or vegetables,Beverages,Juice drinks,100%,1 medium cup(s) = 400ml,1 large cup(s) = 500ml,Derived,2026,Per 100ml,Per Serving (400ml),36,144,0.54,2.16,0.11,0.44,0.02,0.08,Trace,Trace,7.97,31.88,7.37,29.48,-,-,-,-,-,-,162,648,30,120,0.16,0.64,93.15,372.6,-,-,0.01,0.04,Trace,Trace,Trace,Trace,-,-,2.61,10.44,3.87,15.48,0.04,0.16,Trace,Trace,0.86,3.44,Trace,Trace,-,-,-,-,-,-,-,-,-,-,-,-,-,-,-,-,-,-,-,-,-,-,-,-,-,-,-,-,-,-,-,-
Beverages,Fresh sugarcane juice,Sweet natural beverage made with extracted juice from pressed sugar cane,Beverages,100% Juices,100%,1 medium cup(s) = 550ml,"1 small cup(s) = 250ml, 1 large cup(s) = 700ml",Derived,2026,Per 100ml,Per Serving (550ml),55,303,0.23,1.27,0,0,0,0,0,0,13.4,73.7,13.36,73.48,-,-,-,-,-,-,108,594,5,28,0.15,0.83,89.38,491.59,-,-,-,-,-,-,-,-,-,-,2.22,12.21,2.03,11.17,0,0,0,0,9.13,50.22,0,0,-,-,-,-,-,-,-,-,-,-,-,-,-,-,-,-,-,-,-,-,-,-,-,-,-,-,-,-,-,-,-,-
Beverages,Fresh vegetable juice (any flavour),Freshly made juice made from a mix of multiple fruits,Beverages,Juice drinks,100%,1 medium cup(s) = 400ml,1 large cup(s) = 500ml,Derived,2026,Per 100ml,Per Serving (400ml),29,116,0.54,2.16,0.15,0.6,0.03,0.12,Trace,Trace,6.29,25.16,5.68,22.72,-,-,-,-,-,-,185,740,15,60,0.12,0.48,93.97,375.88,-,-,0.01,0.04,Trace,Trace,Trace,Trace,-,-,1.76,7.04,3.25,13,Trace,Trace,Trace,Trace,0.68,2.72,Trace,Trace,-,-,-,-,-,-,-,-,-,-,-,-,-,-,-,-,-,-,-,-,-,-,-,-,-,-,-,-,-,-,-,-
Beverages,"Orange juice (less sugar, packaged)",Ready-to-drink orange juice with less sugar,Beverages,100% Juices,100%,1 glass (250ml) = 250ml,-,NIP,2025,Per 100ml,Per Serving (250ml),43,108,0.8,2,0.05,0.13,0,0,0,0,9.6,24,8.55,21.38,-,-,0.2,0.5,3,8,-,-,0,0,0,0,-,-,-,-,0,0,0,0,-,-,-,-,-,-,-,-,-,-,-,-,-,-,-,-,-,-,0,0,-,-,-,-,-,-,-,-,-,-,-,-,-,-,40,100,-,-,-,-,-,-,-,-,-,-,-,-
Beverages,Rose drink (from syrup),Floral beverage made by diluting rose syrup with water,Beverages,Cordials,100%,1 glass (250ml) = 250ml,-,NIP,2025,Per 100ml,Per Serving (250ml),43,108,0,0,0,0,0,0,0,0,10.8,27,10.8,27,-,-,0,0,3,8,-,-,0,0,0,0,-,-,-,-,0,0,0,0,-,-,-,-,-,-,-,-,-,-,-,-,-,-,-,-,-,-,0,0,-,-,-,-,-,-,-,-,-,-,-,-,-,-,0,0,-,-,-,-,-,-,-,-,-,-,-,-
Beverages,Coconut avocado shake (no topping),Creamy beverage blending fresh avocado with coconut milk and ice and no topping,Beverages,Fruit smoothies,100%,1 medium cup(s) = 450ml,1 large cup(s) = 600ml,Derived,2026,Per 100ml,Per Serving (450ml),80,360,1.14,5.13,4.8,21.6,2.17,9.77,0.02,0.09,8.19,36.86,6.57,29.57,-,-,-,-,-,-,142,639,33,149,0.18,0.81,86.89,391.01,-,-,0.31,1.4,1.74,7.83,Trace,Trace,-,-,1.81,8.15,2.14,9.63,Trace,Trace,Trace,Trace,1.38,6.21,1.25,5.63,-,-,-,-,-,-,-,-,-,-,-,-,-,-,-,-,-,-,-,-,-,-,-,-,-,-,-,-,-,-,-,-
Beverages,Coconut shake (no topping),"Creamy beverage made with coconut ice cream, coconut water and no topping",Beverages,Fruit smoothies,100%,1 medium cup(s) = 450ml,1 large cup(s) = 600ml,Derived,2026,Per 100ml,Per Serving (450ml),75,338,0.6,2.7,2.93,13.19,2.37,10.67,0,0,11.59,52.16,9.05,40.73,-,-,-,-,-,-,120,540,22,99,0.23,1.04,87.51,393.8,-,-,-,-,-,-,-,-,-,-,2.77,12.47,4.36,19.62,0,0,0,0,0.95,4.27,0.91,4.1,-,-,-,-,-,-,-,-,-,-,-,-,-,-,-,-,-,-,-,-,-,-,-,-,-,-,-,-,-,-,-,-
Beverages,"Coconut avocado shake (no sugar, no topping)","Creamy beverage blending fresh avocado with coconut milk and ice, with no sugar and no topping",Beverages,Fruit smoothies,100%,1 medium cup(s) = 450ml,1 large cup(s) = 600ml,Derived,2026,Per 100ml,Per Serving (450ml),71,320,1.42,6.39,3.87,17.42,1.91,8.59,0.03,0.13,7.59,34.16,6.38,28.71,-,-,-,-,-,-,146,657,44,198,0.17,0.77,88.57,398.56,-,-,0.21,0.95,1.24,5.58,Trace,Trace,-,-,1.45,6.53,1.47,6.62,Trace,Trace,Trace,Trace,1.92,8.64,1.62,7.29,-,-,-,-,-,-,-,-,-,-,-,-,-,-,-,-,-,-,-,-,-,-,-,-,-,-,-,-,-,-,-,-
Beverages,"Coconut avocado shake (less sugar, no topping)","Creamy beverage blending fresh avocado with coconut milk and ice, with lower sugar level and no topping",Beverages,Fruit smoothies,100%,1 medium cup(s) = 450ml,1 large cup(s) = 600ml,Derived,2026,Per 100ml,Per Serving (450ml),74,333,1.39,6.26,4.02,18.09,2.01,9.04,0.03,0.13,8.12,36.54,7,31.5,-,-,-,-,-,-,140,630,42,189,0.16,0.72,87.2,392.4,-,-,0.22,0.99,1.25,5.63,Trace,Trace,-,-,1.7,7.65,1.9,8.55,Trace,Trace,Trace,Trace,1.85,8.33,1.55,6.98,-,-,-,-,-,-,-,-,-,-,-,-,-,-,-,-,-,-,-,-,-,-,-,-,-,-,-,-,-,-,-,-
Beverages,Avocado smoothie,Thick beverage made from blended avocado,Beverages,Fruit smoothies,100%,1 medium cup(s) = 450ml,1 large cup(s) = 600ml,Derived,2026,Per 100ml,Per Serving (450ml),71,320,0.51,2.3,3.93,17.69,1.42,6.39,0,0,8.4,37.8,6.32,28.44,-,-,-,-,-,-,128,576,13,59,0.35,1.57,88.77,399.47,-,-,-,-,-,-,-,-,-,-,0.67,3.02,0.54,2.43,0.11,0.5,0,0,4.55,20.47,0.43,1.94,-,-,-,-,-,-,-,-,-,-,-,-,-,-,-,-,-,-,-,-,-,-,-,-,-,-,-,-,-,-,-,-
Beverages,"Coconut shake (no sugar, no topping)","Creamy beverage made with coconut ice cream, coconut water, milk, with no sugar and no topping",Beverages,Fruit smoothies,100%,1 medium cup(s) = 450ml,1 large cup(s) = 600ml,Derived,2026,Per 100ml,Per Serving (450ml),55,248,0.7,3.15,2.86,12.87,2.33,10.49,0.01,0.05,6.54,29.43,4.31,19.4,-,-,-,-,-,-,136,612,28,126,0.18,0.81,91.35,411.08,-,-,-,-,-,-,-,-,-,-,0.9,4.05,1.13,5.09,0,0,0,0,1.2,5.4,1.05,4.73,-,-,-,-,-,-,-,-,-,-,-,-,-,-,-,-,-,-,-,-,-,-,-,-,-,-,-,-,-,-,-,-
Beverages,"Coconut shake (less sugar, no topping)","Creamy beverage made with coconut ice cream, coconut water, milk, with lower sugar level and no topping",Beverages,Fruit smoothies,100%,1 medium cup(s) = 450ml,1 large cup(s) = 600ml,Derived,2026,Per 100ml,Per Serving (450ml),64,288,0.55,2.48,2.8,12.6,2.3,10.35,0,0,9.1,40.95,6.4,28.8,-,-,-,-,-,-,138,621,25,113,0.2,0.9,89.35,402.08,-,-,-,-,-,-,-,-,-,-,1.85,8.33,2.9,13.05,0,0,0,0,0.65,2.93,0.95,4.27,-,-,-,-,-,-,-,-,-,-,-,-,-,-,-,-,-,-,-,-,-,-,-,-,-,-,-,-,-,-,-,-
Beverages,Fruit juice drink,"Fruit beverage made with fruit juice concentrate, water and sweeteners",Beverages,Juice drinks,100%,1 glass (250ml) = 250ml,-,NIP,2025,Per 100ml,Per Serving (250ml),45,113,0.14,0.35,0.1,0.25,0.01,0.03,0,0,10.98,27.45,9.87,24.68,-,-,0.46,1.15,7,18,-,-,17,43,0.24,0.6,-,-,-,-,0.87,2.18,0.14,0.35,-,-,-,-,-,-,-,-,-,-,-,-,-,-,-,-,-,-,158,395,-,-,-,-,-,-,-,-,-,-,-,-,-,-,22.95,57.37,-,-,-,-,-,-,-,-,-,-,-,-
Beverages,Fruit juice drink (less sugar),"Fruit beverage made with fruit juice concentrate, water and sweeteners, less sugar",Beverages,Juice drinks,100%,1 glass (250ml) = 250ml,-,NIP,2025,Per 100ml,Per Serving (250ml),20,50,0.05,0.13,0,0,0,0,0,0,5.24,13.1,4.7,11.75,-,-,0.25,0.63,9,23,-,-,2,5,0,0,-,-,-,-,0,0,0,0,-,-,-,-,-,-,-,-,-,-,-,-,-,-,-,-,-,-,0,0,-,-,-,-,-,-,-,-,-,-,-,-,-,-,14.1,35.25,-,-,-,-,-,-,-,-,-,-,-,-
Beverages,Fruit juice drink with pulp,"Fruit beverage made with fruit juice concentrate, water, sweeteners and added fruit pulp pieces",Beverages,Juice drinks,100%,1 glass (250ml) = 250ml,-,NIP,2025,Per 100ml,Per Serving (250ml),45,113,0,0,0,0,0,0,0,0,11.1,27.75,10.03,25.08,-,-,0,0,9,23,-,-,0,0,0,0,-,-,-,-,0,0,0,0,-,-,-,-,-,-,-,-,-,-,-,-,-,-,-,-,-,-,0,0,-,-,-,-,-,-,-,-,-,-,-,-,-,-,2.51,6.28,-,-,-,-,-,-,-,-,-,-,-,-
Beverages,Honey juice drink,Beverage made with fruit juice concentrate and honey,Beverages,Juice drinks,100%,1 bottle = 250ml,-,NIP,2025,Per 100ml,Per Serving (250ml),42,105,0,0,0,0,0,0,0,0,10.36,25.9,8.4,21,-,-,0,0,5,13,-,-,0,0,0,0,-,-,-,-,0,0,0,0,-,-,-,-,-,-,-,-,-,-,-,-,-,-,-,-,-,-,0,0,-,-,-,-,-,-,-,-,-,-,-,-,-,-,10.39,25.98,-,-,-,-,-,-,-,-,-,-,-,-
Beverages,Lemon juice drink,"Beverage made with lemon juice concentrate, water and sweeteners",Beverages,Juice drinks,100%,1 bottle = 500ml,-,NIP,2025,Per 100ml,Per Serving (500ml),41,205,0,0,0,0,0,0,0,0,10.32,51.6,9.19,45.95,-,-,0,0,15,75,-,-,0,0,0,0,-,-,-,-,0,0,0,0,-,-,-,-,-,-,-,-,-,-,-,-,-,-,-,-,-,-,0,0,-,-,-,-,-,-,-,-,-,-,-,-,-,-,200,1000,-,-,-,-,-,-,-,-,-,-,-,-
Beverages,Lime juice/calamansi drink,Beverage made from lime juice concentrate and water,Beverages,Juice drinks,100%,1 glass (250ml) = 250ml,-,NIP,2025,Per 100ml,Per Serving (250ml),45,113,0.06,0.15,0.01,0.03,0,0,0,0,11.35,28.37,10.07,25.18,-,-,0.03,0.08,4,10,-,-,0,0,0,0,-,-,-,-,0,0,0,0,-,-,-,-,-,-,-,-,-,-,-,-,-,-,-,-,-,-,200,500,-,-,-,-,-,-,-,-,-,-,-,-,-,-,6.77,16.93,-,-,-,-,-,-,-,-,-,-,-,-
Beverages,Lychee juice drink,"Beverage made with lychee juice concentrate, water and sweeteners",Beverages,Juice drinks,100%,1 glass (250ml) = 250ml,-,NIP,2025,Per 100ml,Per Serving (250ml),30,75,0,0,0,0,0,0,0,0,7.58,18.95,5.5,13.75,-,-,0,0,1,3,-,-,0,0,0,0,-,-,-,-,0,0,0,0,-,-,-,-,-,-,-,-,-,-,-,-,-,-,-,-,-,-,0,0,-,-,-,-,-,-,-,-,-,-,-,-,-,-,0,0,-,-,-,-,-,-,-,-,-,-,-,-
Beverages,Mango juice drink,"Beverage made with mango juice concentrate, water and sweeteners",Beverages,Juice drinks,100%,1 glass (250ml) = 250ml,-,NIP,2025,Per 100ml,Per Serving (250ml),45,113,0.07,0.18,0.02,0.05,0,0,0,0,11.2,28,10.12,25.3,-,-,0.3,0.75,15,38,-,-,5,13,0,0,-,-,-,-,0,0,0,0,-,-,-,-,-,-,-,-,-,-,-,-,-,-,-,-,-,-,76,190,-,-,-,-,-,-,-,-,-,-,-,-,-,-,31.04,77.6,-,-,-,-,-,-,-,-,-,-,-,-
Beverages,Mixed fruit juice drink,"Beverage made with mixed fruit juice concentrate, water and sweeteners",Beverages,Juice drinks,100%,1 glass (250ml) = 250ml,-,NIP,2025,Per 100ml,Per Serving (250ml),42,105,0.31,0.78,0.17,0.43,0.01,0.03,0,0,9.55,23.88,9.3,23.25,-,-,0.43,1.08,11,28,-,-,26,65,0.56,1.4,-,-,-,-,0.87,2.18,0.14,0.35,-,-,-,-,-,-,-,-,-,-,-,-,-,-,-,-,-,-,194.43,486.08,-,-,-,-,-,-,-,-,-,-,-,-,-,-,12,30,-,-,-,-,-,-,-,-,-,-,-,-
Beverages,Mixed vegetable and fruit juice drink,"Beverage made with mixed fruit and vegetable juice concentrate, water and sweeteners",Beverages,Juice drinks,100%,1 glass (250ml) = 250ml,-,NIP,2025,Per 100ml,Per Serving (250ml),49,123,0.22,0.55,0,0,0,0,0,0,11.75,29.38,0,0,-,-,1.33,3.33,23,58,-,-,5,13,0.08,0.2,-,-,-,-,0,0,0,0,-,-,-,-,-,-,-,-,-,-,-,-,-,-,-,-,-,-,34.2,85.5,-,-,-,-,-,-,-,-,-,-,-,-,-,-,55.65,139.13,-,-,-,-,-,-,-,-,-,-,-,-
Beverages,Orange juice drink,"Beverage made with orange juice concentrate, water and sweeteners",Beverages,Juice drinks,100%,1 glass (250ml) = 250ml,-,NIP,2025,Per 100ml,Per Serving (250ml),43,108,0.34,0.85,0.03,0.08,0,0,0,0,10.32,25.8,9.69,24.23,-,-,0.19,0.48,16,40,-,-,0,0,0,0,-,-,-,-,0,0,0,0,-,-,-,-,-,-,-,-,-,-,-,-,-,-,-,-,-,-,170.26,425.65,-,-,-,-,-,-,-,-,-,-,-,-,-,-,51.33,128.33,-,-,-,-,-,-,-,-,-,-,-,-
Beverages,Orange juice drink (less sugar),"Beverage made with orange juice concentrate, water and less sweeteners",Beverages,Juice drinks,100%,1 glass (250ml) = 250ml,-,NIP,2025,Per 100ml,Per Serving (250ml),27,68,0.4,1,0,0,0,0,0,0,6.32,15.8,5.6,14,-,-,3.52,8.8,33,83,-,-,0,0,0,0,-,-,-,-,0,0,0,0,-,-,-,-,-,-,-,-,-,-,-,-,-,-,-,-,-,-,200,500,-,-,-,-,-,-,-,-,-,-,-,-,-,-,95,237.5,-,-,-,-,-,-,-,-,-,-,-,-
Beverages,Orange juice drink with pulp,"Beverage made with orange juice concentrate, water, sweeteners and orange pulp pieces",Beverages,Juice drinks,100%,1 glass (250ml) = 250ml,-,NIP,2025,Per 100ml,Per Serving (250ml),41,103,0.63,1.58,0,0,0,0,0,0,10.29,25.73,9.44,23.6,-,-,0.32,0.8,7,18,-,-,0,0,0,0,-,-,-,-,0,0,0,0,-,-,-,-,-,-,-,-,-,-,-,-,-,-,-,-,-,-,63.16,157.9,-,-,-,-,-,-,-,-,-,-,-,-,-,-,11.7,29.25,-,-,-,-,-,-,-,-,-,-,-,-
Beverages,Pineapple juice drink,"Beverage made with pineapple juice concentrate, water and sweeteners",Beverages,Juice drinks,100%,1 glass (250ml) = 250ml,-,NIP,2025,Per 100ml,Per Serving (250ml),51,128,0.15,0.38,0,0,0,0,0,0,12.6,31.5,11.64,29.1,-,-,0.07,0.18,3,8,-,-,11,28,0,0,-,-,-,-,0,0,0,0,-,-,-,-,-,-,-,-,-,-,-,-,-,-,-,-,-,-,40,100,-,-,-,-,-,-,-,-,-,-,-,-,-,-,25.43,63.58,-,-,-,-,-,-,-,-,-,-,-,-
Beverages,Soursop juice drink,"Beverage made with soursop juice, water and sweetenerss",Beverages,Juice drinks,100%,1 glass (250ml) = 250ml,-,NIP,2025,Per 100ml,Per Serving (250ml),50,125,0,0,0,0,0,0,0,0,12.16,30.4,12,30,-,-,0,0,16,40,-,-,0,0,0,0,-,-,-,-,0,0,0,0,-,-,-,-,-,-,-,-,-,-,-,-,-,-,-,-,-,-,0,0,-,-,-,-,-,-,-,-,-,-,-,-,-,-,14.66,36.65,-,-,-,-,-,-,-,-,-,-,-,-
Beverages,Vegetable juice drink,"Beverage made with vegetable juice concentrate, water and sweeteners",Beverages,Juice drinks,100%,1 glass (250ml) = 250ml,-,NIP,2025,Per 100ml,Per Serving (250ml),29,73,0.29,0.73,0,0,0,0,0,0,6.81,17.03,5.78,14.45,-,-,1.94,4.85,146,365,-,-,0,0,0,0,-,-,-,-,0,0,0,0,-,-,-,-,-,-,-,-,-,-,-,-,-,-,-,-,-,-,202,505,-,-,-,-,-,-,-,-,-,-,-,-,-,-,85.2,213,-,-,-,-,-,-,-,-,-,-,-,-
Beverages,Fresh mixed juices (vegetable base with celery),"Freshly made juice made from a mix of multiple vegetables, with majority being celery",Beverages,Juice drinks,100%,1 medium cup(s) = 400ml,1 large cup(s) = 500ml,Derived,2026,Per 100ml,Per Serving (400ml),23,92,0.52,2.08,0.06,0.24,0.01,0.04,Trace,Trace,5.12,20.48,4.65,18.6,-,-,-,-,-,-,181,724,13,52,0.1,0.4,93.54,374.16,-,-,0.02,0.08,Trace,Trace,Trace,Trace,-,-,1.52,6.08,3.13,12.52,Trace,Trace,Trace,Trace,Trace,Trace,Trace,Trace,-,-,-,-,-,-,-,-,-,-,-,-,-,-,-,-,-,-,-,-,-,-,-,-,-,-,-,-,-,-,-,-
Beverages,Fresh mixed juices (with orange base),"Freshly made juice made from a mix of multiple fruits, with majority being oranges",Beverages,Juice drinks,100%,1 medium cup(s) = 400ml,1 large cup(s) = 500ml,Derived,2026,Per 100ml,Per Serving (400ml),38,152,0.58,2.32,0.07,0.28,0,0,0,0,8.8,35.2,8.81,35.24,-,-,-,-,-,-,172,688,84,336,0.13,0.52,92.26,369.04,-,-,-,-,-,-,-,-,-,-,3.57,14.28,4.82,19.28,0,0,0,0,0.38,1.52,0,0,-,-,-,-,-,-,-,-,-,-,-,-,-,-,-,-,-,-,-,-,-,-,-,-,-,-,-,-,-,-,-,-
Beverages,Fresh mixed juices (with berries base),"Freshly made juice made from a mix of multiple fruits, with majority being berries",Beverages,Juice drinks,100%,1 medium cup(s) = 400ml,1 large cup(s) = 500ml,Derived,2026,Per 100ml,Per Serving (400ml),45,180,0.47,1.88,0.07,0.28,0,0,0,0,10.49,41.96,9.28,37.12,-,-,-,-,-,-,104,416,7,28,0.25,1,92.39,369.56,-,-,-,-,-,-,-,-,-,-,3.32,13.28,4.14,16.56,0.13,0.52,0,0,1.68,6.72,0,0,-,-,-,-,-,-,-,-,-,-,-,-,-,-,-,-,-,-,-,-,-,-,-,-,-,-,-,-,-,-,-,-
Beverages,Fresh mixed juices (vegetable base with carrot),"Freshly made juice made from a mix of multiple vegetables, with majority being carrots",Beverages,Juice drinks,100%,1 medium cup(s) = 400ml,1 large cup(s) = 500ml,Derived,2026,Per 100ml,Per Serving (400ml),34,136,0.56,2.24,0.24,0.96,0.04,0.16,0,0,7.45,29.8,6.71,26.84,-,-,-,-,-,-,188,752,16,64,0.14,0.56,94.39,377.56,-,-,-,-,-,-,-,-,-,-,2,8,3.37,13.48,0,0,0,0,1.36,5.44,0,0,-,-,-,-,-,-,-,-,-,-,-,-,-,-,-,-,-,-,-,-,-,-,-,-,-,-,-,-,-,-,-,-
Beverages,Chocolate drink,Sweet beverage made with cocoa powder or chocolate syrup mixed with milk or water,Beverages,Malted and chocolate drinks,100%,1 cup (200ml) = 200ml,-,NIP,2025,Per 100ml,Per Serving (200ml),64,128,1.44,2.88,1.86,3.72,1.39,2.78,0,0,10.47,20.94,7.58,15.16,-,-,0,0,49,98,-,-,0,0,0,0,-,-,-,-,0,0,0,0,-,-,-,-,-,-,-,-,-,-,-,-,-,-,-,-,-,-,0,0,-,-,-,-,-,-,-,-,-,-,-,-,-,-,0,0,-,-,-,-,-,-,-,-,-,-,-,-
Beverages,Chocolate drink (no sugar),Unsweetened beverage made with pure cocoa powder mixed with milk or water,Beverages,Malted and chocolate drinks,100%,1 cup (200ml) = 200ml,-,NIP,2025,Per 100ml,Per Serving (200ml),46,92,1.45,2.9,1.45,2.9,0.97,1.94,0,0,6.31,12.62,1.94,3.88,-,-,0.97,1.94,40,80,-,-,0,0,0,0,-,-,-,-,0,0,0,0,-,-,-,-,-,-,-,-,-,-,-,-,-,-,-,-,-,-,0,0,-,-,-,-,-,-,-,-,-,-,-,-,-,-,0,0,-,-,-,-,-,-,-,-,-,-,-,-
Beverages,Chocolate malt drink,Sweet beverage made with chocolate and malted milk powder,Beverages,Malted and chocolate drinks,100%,1 cup (200ml) = 200ml,-,NIP,2025,Per 100ml,Per Serving (200ml),59,118,0.99,1.98,1.27,2.54,1.15,2.3,49.28,98.56,11.01,22.02,8.75,17.5,-,-,0.59,1.18,33,66,-,-,74,148,0.8,1.6,-,-,-,-,0,0,0,0,-,-,-,-,-,-,-,-,-,-,-,-,-,-,-,-,-,-,49.52,99.04,-,-,-,-,-,-,-,-,-,-,-,-,-,-,3.25,6.5,-,-,-,-,-,-,-,-,-,-,-,-
Beverages,Flavoured chocolate drink,Chocolate-based beverage with added flavours,Beverages,Malted and chocolate drinks,100%,1 cup (200ml) = 200ml,-,NIP,2025,Per 100ml,Per Serving (200ml),60,120,1.88,3.76,1.66,3.32,1.15,2.3,0,0,9.52,19.04,6.85,13.7,-,-,0.84,1.68,36,72,-,-,131,262,28.23,56.46,-,-,-,-,0,0,0,0,-,-,-,-,-,-,-,-,-,-,-,-,-,-,-,-,-,-,0,0,-,-,-,-,-,-,-,-,-,-,-,-,-,-,0,0,-,-,-,-,-,-,-,-,-,-,-,-
Beverages,Horlicks dinosaur,"A cold, malted drink mixed with condensed milk, topped with a heaped tablespoon of Horlick powder",Beverages,Malted and chocolate drinks,100%,1 glass (450ml) = 450ml,-,Lab Analysis,2023,Per 100ml,Per Serving (450ml),73,329,2.05,9.23,0.89,4.01,0.37,1.67,-,-,14.06,63.27,8.81,39.65,-,-,0.37,1.67,86,387,-,-,-,-,-,-,-,-,-,-,-,-,-,-,-,-,-,-,-,-,-,-,-,-,-,-,-,-,-,-,-,-,-,-,-,-,-,-,-,-,-,-,-,-,-,-,-,-,-,-,-,-,-,-,-,-,-,-,-,-,-,-
Beverages,Iced Milo,"Beverage made with chocolate and malt powder mixed with hot water and condensed milk, served over ice",Beverages,Malted and chocolate drinks,100%,1 regular cup(s) = 400ml,1 large cup(s) = 500ml,Derived,2026,Per 100ml,Per Serving (400ml),72,288,1.24,4.96,1.89,7.56,0.98,3.92,0.01,0.04,12.66,50.64,8.66,34.64,-,-,-,-,-,-,122,488,85,340,6.13,24.52,66.44,265.76,-,-,Trace,Trace,Trace,Trace,-,-,-,-,0.08,0.32,0,0,0.88,3.52,0,0,5.65,22.6,2.03,8.12,-,-,-,-,-,-,-,-,-,-,-,-,-,-,-,-,-,-,-,-,-,-,-,-,-,-,-,-,-,-,-,-
Beverages,Milo,Beverage made with chocolate and malt powder mixed with hot water and condensed milk,Beverages,Malted and chocolate drinks,100%,1 regular cup(s) = 250ml,1 large cup(s) = 300ml,Derived,2026,Per 100ml,Per Serving (250ml),93,233,1.6,4,2.44,6.1,1.27,3.18,0.01,0.03,16.32,40.8,11.16,27.9,-,-,-,-,-,-,157,393,110,275,7.91,19.78,85.66,214.15,-,-,-,-,-,-,-,-,-,-,0.1,0.25,0,0,1.14,2.85,0,0,7.28,18.2,2.62,6.55,-,-,-,-,-,-,-,-,-,-,-,-,-,-,-,-,-,-,-,-,-,-,-,-,-,-,-,-,-,-,-,-
Beverages,Milo (packaged),"Ready-to-drink chocolate malt beverage in a can, packet or bottle",Beverages,Malted and chocolate drinks,100%,1 packet = 240ml,-,NIP,2025,Per 100ml,Per Serving (240ml),60,144,1.74,4.18,1.7,4.08,0.95,2.28,41.66,99.98,9.25,22.2,6.95,16.68,-,-,0.5,1.2,28,67,-,-,90,216,0.85,2.04,-,-,-,-,0,0,0,0,-,-,-,-,-,-,-,-,-,-,-,-,-,-,-,-,-,-,0,0,-,-,-,-,-,-,-,-,-,-,-,-,-,-,5,12,-,-,-,-,-,-,-,-,-,-,-,-
Beverages,Milo (powder),Chocolate malt drink powder,Beverages,Malted and chocolate drinks,100%,1 cup (200ml) = 200ml,-,NIP,2025,Per 100ml,Per Serving (200ml),59,118,2.16,4.32,1.3,2.6,0.71,1.42,0.04,0.08,9.47,18.94,5.47,10.94,-,-,0.52,1.04,37,74,-,-,93,186,2.14,4.28,-,-,-,-,0,0,0,0,-,-,-,-,-,-,-,-,-,-,-,-,-,-,-,-,-,-,0,0,-,-,-,-,-,-,-,-,-,-,-,-,-,-,6.73,13.46,-,-,-,-,-,-,-,-,-,-,-,-
Beverages,Milo dinosaur,"Cold, chocolate malted drink mixed with condensed milk, topped with a heaped tablespoon of milo powder",Beverages,Malted and chocolate drinks,100%,1 medium cup(s) = 550ml,-,Derived,2026,Per 100ml,Per Serving (550ml),91,501,1.86,10.23,2.69,14.8,1.24,6.82,Trace,Trace,14.73,81.02,11.28,62.04,-,-,-,-,-,-,155,853,81,446,2.39,13.15,85.62,470.91,-,-,0.23,1.27,0.97,5.34,Trace,Trace,-,-,0.22,1.21,Trace,Trace,0.96,5.28,Trace,Trace,7.55,41.53,2.55,14.03,-,-,-,-,-,-,-,-,-,-,-,-,-,-,-,-,-,-,-,-,-,-,-,-,-,-,-,-,-,-,-,-
Beverages,Milo Gao Siew Dai (powder),Concentrated chocolate malt drink powder with less sugar,Beverages,Malted and chocolate drinks,100%,1 cup (200ml) = 200ml,-,NIP,2025,Per 100ml,Per Serving (200ml),59,118,1.84,3.68,1.5,3,0.68,1.36,0,0,9.05,18.1,5.36,10.72,-,-,0.72,1.44,34,68,-,-,89,178,2.44,4.88,-,-,-,-,0,0,0,0,-,-,-,-,-,-,-,-,-,-,-,-,-,-,-,-,-,-,0,0,-,-,-,-,-,-,-,-,-,-,-,-,-,-,13.13,26.26,-,-,-,-,-,-,-,-,-,-,-,-
Beverages,Milo godzilla,"Cold, chocolate malted drink mixed with condensed milk, served with a scoop of ice cream",Beverages,Malted and chocolate drinks,100%,1 medium cup(s) = 500ml,-,Derived,2026,Per 100ml,Per Serving (500ml),76,380,1.68,8.4,2.4,12,1.29,6.45,Trace,Trace,12.04,60.2,5.75,28.75,-,-,-,-,-,-,136,680,74,370,1.93,9.65,87.2,436,-,-,0.16,0.8,0.71,3.55,Trace,Trace,-,-,0.73,3.65,0.39,1.95,0.58,2.9,Trace,Trace,2.07,10.35,1.97,9.85,-,-,-,-,-,-,-,-,-,-,-,-,-,-,-,-,-,-,-,-,-,-,-,-,-,-,-,-,-,-,-,-
Beverages,Milo Peng (packaged),Ready-to-drink iced Milo made with milo powder and condensed milk,Beverages,Malted and chocolate drinks,100%,1 bottle = 225ml,-,NIP,2025,Per 100ml,Per Serving (225ml),63,142,1.91,4.3,1.68,3.78,0.8,1.8,0.08,0.18,10,22.5,5.02,11.29,-,-,36.88,82.98,0,0,-,-,120,270,0,0,-,-,-,-,0,0,0,0,-,-,-,-,-,-,-,-,-,-,-,-,-,-,-,-,-,-,0,0,-,-,-,-,-,-,-,-,-,-,-,-,-,-,0,0,-,-,-,-,-,-,-,-,-,-,-,-
Beverages,Milo siu dai,"Chocolate malt drink with less sugar, made with milo powder and condensed milk",Beverages,Malted and chocolate drinks,100%,1 regular cup(s) = 250ml,1 large cup(s) = 300ml,Derived,2026,Per 100ml,Per Serving (250ml),80,200,1.54,3.85,2.12,5.3,1.16,2.9,0,0,13.69,34.23,9.2,23,-,-,-,-,-,-,146,365,117,293,3.03,7.57,87.74,219.35,-,-,-,-,-,-,-,-,-,-,0.08,0.2,0,0,1.07,2.68,0,0,5.78,14.45,2.3,5.75,-,-,-,-,-,-,-,-,-,-,-,-,-,-,-,-,-,-,-,-,-,-,-,-,-,-,-,-,-,-,-,-
Beverages,Iced Milo siu dai,"Chocolate malt drink with less sugar, made with milo powder and condensed milk, served over ice",Beverages,Malted and chocolate drinks,100%,1 regular cup(s) = 400ml,1 large cup(s) = 500ml,Derived,2026,Per 100ml,Per Serving (400ml),62,248,1.19,4.76,1.64,6.56,0.9,3.6,0,0,10.62,42.48,7.14,28.56,-,-,-,-,-,-,113,452,91,364,2.35,9.4,68.05,272.2,-,-,Trace,Trace,Trace,Trace,-,-,-,-,0.06,0.24,0,0,0.83,3.32,0,0,4.48,17.92,1.78,7.12,-,-,-,-,-,-,-,-,-,-,-,-,-,-,-,-,-,-,-,-,-,-,-,-,-,-,-,-,-,-,-,-
Beverages,Iced Horlicks,"Beverage made by adding hot water to malted milk powder (horlicks), served over ice",Beverages,Malted and chocolate drinks,100%,1 regular cup(s) = 400ml,1 large cup(s) = 500ml,Derived,2026,Per 100ml,Per Serving (400ml),62,248,1.67,6.68,1.04,4.16,0.5,2,0.01,0.04,11.61,46.44,8.73,34.92,-,-,-,-,-,-,109,436,104,416,1.79,7.16,66.22,264.88,-,-,Trace,Trace,Trace,Trace,-,-,-,-,0.36,1.44,0,0,2.8,11.2,0,0,3.58,14.32,1.95,7.8,-,-,-,-,-,-,-,-,-,-,-,-,-,-,-,-,-,-,-,-,-,-,-,-,-,-,-,-,-,-,-,-
Beverages,Bandung (packaged),"Ready-to-drink rose syrup milk beverage, made with rose syrup and evaporated milk",Beverages,Asian and herbal drinks,100%,1 can = 330ml,-,NIP,2025,Per 100ml,Per Serving (330ml),63,208,1,3.3,3,9.9,0,0,0,0,8,26.4,8.66,28.58,-,-,0,0,18,59,-,-,0,0,0,0,-,-,-,-,0,0,0,0,-,-,-,-,-,-,-,-,-,-,-,-,-,-,-,-,-,-,0,0,-,-,-,-,-,-,-,-,-,-,-,-,-,-,0,0,-,-,-,-,-,-,-,-,-,-,-,-
Beverages,Barley drink,"Beverage made from barley, sugar and water, boiled",Beverages,Asian and herbal drinks,100%,1 regular cup(s) = 400ml,1 large cup(s) = 500ml,Derived,2026,Per 100ml,Per Serving (400ml),32,128,0.13,0.52,0,0,0,0,0,0,7.78,31.12,6.06,24.24,-,-,-,-,-,-,8,32,2,8,Trace,Trace,94.57,378.28,-,-,-,-,-,-,-,-,-,-,0,0,0,0,0.1,0.4,0,0,5.96,23.84,0,0,-,-,-,-,-,-,-,-,-,-,-,-,-,-,-,-,-,-,-,-,-,-,-,-,-,-,-,-,-,-,-,-
Beverages,"Barley drink (less sugar, packaged)",Ready-to-drink beverage made from cooked barley with less sugar,Beverages,Asian and herbal drinks,100%,1 glass (250ml) = 250ml,1 carton = 475ml,NIP,2025,Per 100ml,Per Serving (250ml),28,70,0,0,0,0,0,0,0,0,7,17.5,6,15,-,-,0,0,2,5,-,-,0,0,0,0,-,-,-,-,0,0,0,0,-,-,-,-,-,-,-,-,-,-,-,-,-,-,-,-,-,-,0,0,-,-,-,-,-,-,-,-,-,-,-,-,-,-,0,0,-,-,-,-,-,-,-,-,-,-,-,-
Beverages,"Bird's nest drink (less sugar, packaged)",Ready-to-drink beverage made with real bird's nest extract and less sugar,Beverages,Asian and herbal drinks,100%,1 small bottle = 180ml,-,NIP,2025,Per 100ml,Per Serving (180ml),27,49,1.15,2.07,0.05,0.09,0.05,0.09,0,0,5.45,9.81,5.45,9.81,-,-,0.1,0.18,6,11,-,-,0,0,0,0,-,-,-,-,0,0,0,0,-,-,-,-,-,-,-,-,-,-,-,-,-,-,-,-,-,-,0,0,-,-,-,-,-,-,-,-,-,-,-,-,-,-,0,0,-,-,-,-,-,-,-,-,-,-,-,-
Beverages,"Chinese herbal tea (less sugar, packaged)",Ready-to-drink traditional Chinese herbal tea with less sugar,Beverages,Asian and herbal drinks,100%,1 can = 300ml,-,NIP,2025,Per 100ml,Per Serving (300ml),24,72,0.08,0.24,0,0,0,0,0,0,5.94,17.82,5.74,17.22,-,-,0,0,5,15,-,-,2,6,0,0,-,-,-,-,0,0,0,0,-,-,-,-,-,-,-,-,-,-,-,-,-,-,-,-,-,-,0,0,-,-,-,-,-,-,-,-,-,-,-,-,-,-,0.09,0.27,-,-,-,-,-,-,-,-,-,-,-,-
Beverages,Chrysanthemum tea (less sugar),Chrysanthemum tea with less sugar,Beverages,Asian and herbal drinks,100%,1 packet (250ml) = 250ml,-,Borrowed,2025,Per 100ml,Per Serving (250ml),26,65,0,0,0,0,0,0,-,-,6.4,16,6.4,16,-,-,Trace,Trace,0,0,-,-,Trace,Trace,0,0,-,-,-,-,0,0,0,0,-,-,-,-,-,-,-,-,-,-,-,-,-,-,-,-,-,-,0,0,-,-,-,-,-,-,-,-,-,-,-,-,-,-,0,0,-,-,-,-,-,-,-,-,-,-,-,-
Beverages,Grass jelly drink,Beverage made with grass jelly and water,Beverages,Asian and herbal drinks,100%,1 regular cup(s) = 400ml,1 large cup(s) = 500ml,Derived,2026,Per 100ml,Per Serving (400ml),25,100,0,0,0,0,0,0,0,0,6.19,24.76,5.73,22.92,-,-,-,-,-,-,18,72,4,16,0.3,1.2,95.73,382.92,-,-,-,-,-,-,-,-,-,-,0.16,0.64,0,0,0,0,0,0,5.56,22.24,0,0,-,-,-,-,-,-,-,-,-,-,-,-,-,-,-,-,-,-,-,-,-,-,-,-,-,-,-,-,-,-,-,-
Beverages,Herbal tea,"Caffeine-free tea made from herbs, flowers, or fruit",Beverages,Asian and herbal drinks,100%,1 glass (250ml) = 265ml,-,Lab Analysis,2010,Per 100ml,Per Serving (265ml),23,61,0,0,0,0,0,0,0,0,5.79,15.34,5.6,14.84,-,-,0,0,1,3,-,-,2,5,0.08,0.21,-,-,-,-,0,0,0,0,-,-,-,-,-,-,-,-,-,-,-,-,-,-,-,-,-,-,0,0,-,-,-,-,-,-,-,-,-,-,-,-,-,-,0,0,-,-,-,-,-,-,-,-,-,-,-,-
Beverages,Herbal tea (no sugar),Brewed tea with various chinese herbs and no sugar,Beverages,Asian and herbal drinks,100%,1 glass (250ml) = 250ml,-,Borrowed,2025,Per 100ml,Per Serving (250ml),1,3,0,0,0,0,Trace,Trace,-,-,0.2,0.5,0,0,-,-,0,0,1,3,-,-,2,5,0.08,0.2,-,-,-,-,0.01,0.03,Trace,Trace,-,-,-,-,-,-,-,-,-,-,-,-,-,-,-,-,-,-,0,0,-,-,-,-,-,-,-,-,-,-,-,-,-,-,0,0,-,-,-,-,-,-,-,-,-,-,-,-
Beverages,"Honey lemon tea (less sugar, packaged)",Ready-to-drink beverage made with less honey and lemon juice,Beverages,Asian and herbal drinks,100%,1 cup (200ml) = 200ml,-,NIP,2025,Per 100ml,Per Serving (200ml),36,72,0,0,0,0,0,0,0,0,9.09,18.18,0,0,-,-,0,0,0,0,-,-,0,0,0,0,-,-,-,-,0,0,0,0,-,-,-,-,-,-,-,-,-,-,-,-,-,-,-,-,-,-,0,0,-,-,-,-,-,-,-,-,-,-,-,-,-,-,1.81,3.62,-,-,-,-,-,-,-,-,-,-,-,-
Beverages,Iced longan/lychee drink,"Drained, canned longan/lychee topped with ice, usually with sugar syrup added",Beverages,Asian and herbal drinks,100%,1 cup(s) = 550ml,-,Derived,2026,Per 100ml,Per Serving (550ml),41,226,0.08,0.44,0,0,0,0,0,0,10.24,56.32,9.76,53.68,-,-,-,-,-,-,30,165,3,17,0.14,0.77,93.62,514.91,-,-,-,-,-,-,-,-,-,-,3.2,17.6,2.52,13.86,0,0,0.78,4.29,3.29,18.1,0,0,-,-,-,-,-,-,-,-,-,-,-,-,-,-,-,-,-,-,-,-,-,-,-,-,-,-,-,-,-,-,-,-
Beverages,Lemon barley (packaged),Ready-to-drink barley beverage with lemon flavouring,Beverages,Asian and herbal drinks,100%,1 packet = 250ml,1 bottle = 500ml,NIP,2025,Per 100ml,Per Serving (250ml),30,75,0,0,0,0,0,0,0,0,7,17.5,6,15,-,-,0,0,0,0,-,-,0,0,0,0,-,-,-,-,0,0,0,0,-,-,-,-,-,-,-,-,-,-,-,-,-,-,-,-,-,-,0,0,-,-,-,-,-,-,-,-,-,-,-,-,-,-,0,0,-,-,-,-,-,-,-,-,-,-,-,-
Beverages,Plum drink (packaged),Ready-to-drink beverage with plum flavour,Beverages,Asian and herbal drinks,100%,1 glass (250ml) = 250ml,1 bottle = 500ml,NIP,2025,Per 100ml,Per Serving (250ml),32,80,0,0,0,0,0,0,0,0,8.5,21.25,8,20,-,-,0,0,180,450,-,-,0,0,0,0,-,-,-,-,0,0,0,0,-,-,-,-,-,-,-,-,-,-,-,-,-,-,-,-,-,-,0,0,-,-,-,-,-,-,-,-,-,-,-,-,-,-,0,0,-,-,-,-,-,-,-,-,-,-,-,-
Beverages,Water chestnut,Water chestnut drink with sugar,Beverages,Asian and herbal drinks,100%,1 regular cup(s) = 400ml,1 large cup(s) = 500ml,Derived,2026,Per 100ml,Per Serving (400ml),17,68,0,0,0,0,0,0,0,0,4.16,16.64,3.44,13.76,-,-,-,-,-,-,7,28,2,8,Trace,Trace,96.87,387.48,-,-,-,-,-,-,-,-,-,-,0.31,1.24,0.4,1.6,0,0,0,0,2.73,10.92,0,0,-,-,-,-,-,-,-,-,-,-,-,-,-,-,-,-,-,-,-,-,-,-,-,-,-,-,-,-,-,-,-,-
Beverages,"Water chestnut drink (less sugar, packaged)",Ready-to-drink beverage made from water chestnuts with less sugar,Beverages,Asian and herbal drinks,100%,1 glass (250ml) = 250ml,1 bottle = 500ml,NIP,2025,Per 100ml,Per Serving (250ml),32,80,0.2,0.5,0,0,0,0,0,0,7.82,19.55,6.8,17,-,-,0.05,0.13,4,10,-,-,0,0,0,0,-,-,-,-,0,0,0,0,-,-,-,-,-,-,-,-,-,-,-,-,-,-,-,-,-,-,0,0,-,-,-,-,-,-,-,-,-,-,-,-,-,-,0,0,-,-,-,-,-,-,-,-,-,-,-,-
Beverages,"Water chestnut sugar cane drink (less sugar, packaged)",Ready-to-drink blend of water chestnuts and sugar cane juice with less sugar,Beverages,Asian and herbal drinks,100%,1 glass (250ml) = 250ml,1 bottle = 500ml,NIP,2025,Per 100ml,Per Serving (250ml),27,68,0,0,0,0,0,0,0,0,4.5,11.25,4.4,11,-,-,0,0,2,5,-,-,0,0,0,0,-,-,-,-,0,0,0,0,-,-,-,-,-,-,-,-,-,-,-,-,-,-,-,-,-,-,0,0,-,-,-,-,-,-,-,-,-,-,-,-,-,-,0,0,-,-,-,-,-,-,-,-,-,-,-,-
Beverages,"Winter melon drink (less sugar, packaged)",Ready-to-drink beverage made from winter melon with less sugar,Beverages,Asian and herbal drinks,100%,1 packet = 250ml,1 bottle = 500ml,NIP,2025,Per 100ml,Per Serving (250ml),28,70,0,0,0,0,0,0,0,0,7,17.5,6.2,15.5,-,-,0,0,13,33,-,-,0,0,0,0,-,-,-,-,0,0,0,0,-,-,-,-,-,-,-,-,-,-,-,-,-,-,-,-,-,-,0,0,-,-,-,-,-,-,-,-,-,-,-,-,-,-,0,0,-,-,-,-,-,-,-,-,-,-,-,-
Beverages,Winter melon drink (packaged),Ready-to-drink beverage made from winter melon,Beverages,Asian and herbal drinks,100%,1 packet = 250ml,1 bottle = 500ml,NIP,2025,Per 100ml,Per Serving (250ml),24,60,0,0,0,0,0,0,0,0,6,15,4.48,11.2,-,-,0,0,1,3,-,-,0,0,0,0,-,-,-,-,0,0,0,0,-,-,-,-,-,-,-,-,-,-,-,-,-,-,-,-,-,-,0,0,-,-,-,-,-,-,-,-,-,-,-,-,-,-,0,0,-,-,-,-,-,-,-,-,-,-,-,-
Beverages,Luo han guo drink,Traditional Chinese herbal drink made from monk fruit (luo han guo),Beverages,Asian and herbal drinks,100%,1 bottle(s) = 500ml,-,Derived,2026,Per 100ml,Per Serving (500ml),4,20,0.08,0.4,Trace,Trace,Trace,Trace,Trace,Trace,0.85,4.25,0.4,2,-,-,-,-,-,-,29,145,2,10,0.13,0.65,98.23,491.15,-,-,Trace,Trace,Trace,Trace,Trace,Trace,-,-,0.05,0.25,0.2,1,Trace,Trace,Trace,Trace,0.15,0.75,Trace,Trace,-,-,-,-,-,-,-,-,-,-,-,-,-,-,-,-,-,-,-,-,-,-,-,-,-,-,-,-,-,-,-,-
Beverages,Ginseng chrysanthemum drink,Traditional Chinese herbal tea combining ginseng and chrysanthemum flowers,Beverages,Asian and herbal drinks,100%,1 bottle(s) = 500ml,-,Derived,2026,Per 100ml,Per Serving (500ml),19,95,Trace,Trace,Trace,Trace,Trace,Trace,Trace,Trace,4.5,22.5,3.85,19.25,-,-,-,-,-,-,32,160,4,20,Trace,Trace,96.86,484.3,-,-,Trace,Trace,Trace,Trace,Trace,Trace,-,-,Trace,Trace,0.1,0.5,Trace,Trace,Trace,Trace,3.73,18.65,Trace,Trace,-,-,-,-,-,-,-,-,-,-,-,-,-,-,-,-,-,-,-,-,-,-,-,-,-,-,-,-,-,-,-,-
Beverages,Flavoured soda (any flavour),Soda with added flavours,Beverages,Soft drinks,100%,1 can = 320ml,1 bottle = 500ml,NIP,2025,Per 100ml,Per Serving (320ml),42,134,0,0,0,0,0,0,0,0,10.52,33.66,11.37,36.38,-,-,0,0,7,22,-,-,0,0,0,0,-,-,-,-,0,0,0,0,-,-,-,-,-,-,-,-,-,-,-,-,-,-,-,-,-,-,0,0,-,-,-,-,-,-,-,-,-,-,-,-,-,-,0,0,-,-,-,-,-,-,-,-,-,-,-,-
Beverages,"Flavoured soda (less sugar, any flavour)",Soda with added flavours and less sugar,Beverages,Soft drinks,100%,1 can = 320ml,1 bottle = 500ml,NIP,2025,Per 100ml,Per Serving (320ml),18,58,0.07,0.22,0.07,0.22,0.15,0.48,0,0,4.34,13.89,4.12,13.18,-,-,0.15,0.48,6,19,-,-,0,0,0,0,-,-,-,-,0,0,0,0,-,-,-,-,-,-,-,-,-,-,-,-,-,-,-,-,-,-,0,0,-,-,-,-,-,-,-,-,-,-,-,-,-,-,0,0,-,-,-,-,-,-,-,-,-,-,-,-
Beverages,"Flavoured soda (no sugar, any flavour)",Soda with added flavours and no sugar,Beverages,Soft drinks,100%,1 can = 320ml,1 bottle = 500ml,NIP,2025,Per 100ml,Per Serving (320ml),0,0,0,0,0,0,0,0,0,0,0,0,0,0,-,-,0,0,20,64,-,-,0,0,0,0,-,-,-,-,0,0,0,0,-,-,-,-,-,-,-,-,-,-,-,-,-,-,-,-,-,-,0,0,-,-,-,-,-,-,-,-,-,-,-,-,-,-,0,0,-,-,-,-,-,-,-,-,-,-,-,-
Beverages,Ice cream soda,Carbonated soft drink served with a scoop of vanilla ice cream,Beverages,Soft drinks,100%,1 can = 320ml,1 bottle = 500ml,NIP,2025,Per 100ml,Per Serving (320ml),43,138,0,0,0,0,0,0,0,0,10.8,34.56,10.8,34.56,-,-,0,0,6,19,-,-,0,0,0,0,-,-,-,-,0,0,0,0,-,-,-,-,-,-,-,-,-,-,-,-,-,-,-,-,-,-,0,0,-,-,-,-,-,-,-,-,-,-,-,-,-,-,0,0,-,-,-,-,-,-,-,-,-,-,-,-
Beverages,Root beer,Carbonated soft drink  flavoured with artificial sweeteners,Beverages,Soft drinks,100%,1 can = 320ml,1 bottle = 500ml,NIP,2025,Per 100ml,Per Serving (320ml),50,160,0.06,0.19,0.06,0.19,0.13,0.42,0,0,12.5,40,11.83,37.86,-,-,0,0,7,22,-,-,0,0,0,0,-,-,-,-,0,0,0,0,-,-,-,-,-,-,-,-,-,-,-,-,-,-,-,-,-,-,0,0,-,-,-,-,-,-,-,-,-,-,-,-,-,-,0,0,-,-,-,-,-,-,-,-,-,-,-,-
Beverages,Soft drink float,Beverage made with carbonated soda and a scoop of vanilla ice cream,Beverages,Soft drinks,100%,1 glass (300ml) = 380ml,-,Lab Analysis,2010,Per 100ml,Per Serving (380ml),65,247,0.56,2.13,1.75,6.65,1.07,4.07,0,0,12.09,45.94,11.75,44.65,-,-,0.03,0.11,18,68,-,-,20,76,0.02,0.08,-,-,-,-,0.05,0.19,0.43,1.63,-,-,-,-,-,-,-,-,-,-,-,-,-,-,-,-,-,-,15.92,60.5,-,-,-,-,-,-,-,-,-,-,-,-,-,-,0,0,-,-,-,-,-,-,-,-,-,-,-,-
Beverages,Brown sugar milk tea,Freshly made milk tea with caramelized brown sugar syrup and customisable topping,Beverages,Speciality tea,100%,1 medium cup(s) = 500ml,1 large cup(s) = 650ml,Derived,2026,Per 100ml,Per Serving (500ml),79,395,0.38,1.9,2.6,13,2.26,11.3,0.01,0.05,13.57,67.85,8.41,42.05,-,-,-,-,-,-,108,540,18,90,0.21,1.05,89.03,445.15,-,-,Trace,Trace,0.01,0.05,Trace,Trace,-,-,1.78,8.9,2.03,10.15,0.48,2.4,Trace,Trace,4.03,20.15,0.19,0.95,-,-,-,-,-,-,-,-,-,-,-,-,-,-,-,-,-,-,-,-,-,-,-,-,-,-,-,-,-,-,-,-
Beverages,Bubble tea no milk,"Freshly made fruit or tea-based beverage without milk, with customisable topping",Beverages,Speciality tea,100%,1 medium cup(s) = 500ml,1 large cup(s) = 650ml,Derived,2026,Per 100ml,Per Serving (500ml),33,165,0.13,0.65,0.15,0.75,0.11,0.55,Trace,Trace,7.96,39.8,6.55,32.75,-,-,-,-,-,-,22,110,4,20,0.11,0.55,94.84,474.2,-,-,-,-,-,-,-,-,-,-,1.63,8.15,1.94,9.7,0.03,0.15,0,0,2.88,14.4,0.11,0.55,-,-,-,-,-,-,-,-,-,-,-,-,-,-,-,-,-,-,-,-,-,-,-,-,-,-,-,-,-,-,-,-
Beverages,Bubble tea with milk (no topping),Freshly made milk tea with no customisable topping,Beverages,Speciality tea,100%,1 medium cup(s) = 500ml,1 large cup(s) = 650ml,Derived,2026,Per 100ml,Per Serving (500ml),64,320,0.32,1.6,2.84,14.2,2.82,14.1,0.01,0.05,9.16,45.8,5.14,25.7,-,-,-,-,-,-,90,450,13,65,0.18,0.9,90.58,452.9,-,-,-,-,-,-,-,-,-,-,1.37,6.85,1.32,6.6,0.42,2.1,0,0,1.49,7.45,0.49,2.45,-,-,-,-,-,-,-,-,-,-,-,-,-,-,-,-,-,-,-,-,-,-,-,-,-,-,-,-,-,-,-,-
Beverages,Chrysanthemum milk tea,"Floral tea made from dried chrysanthemum flowers blended with milk or creamer, with customisable topping",Beverages,Speciality tea,100%,1 medium cup(s) = 500ml,1 large cup(s) = 650ml,Derived,2026,Per 100ml,Per Serving (500ml),57,285,0.19,0.95,1.79,8.95,1.47,7.35,Trace,Trace,10.05,50.25,6.76,33.8,-,-,-,-,-,-,68,340,6,30,0.06,0.3,90.71,453.55,-,-,Trace,Trace,Trace,Trace,Trace,Trace,-,-,1.76,8.8,2.44,12.2,0.43,2.15,Trace,Trace,2.19,10.95,0.11,0.55,-,-,-,-,-,-,-,-,-,-,-,-,-,-,-,-,-,-,-,-,-,-,-,-,-,-,-,-,-,-,-,-
Beverages,Green milk tea (less sugar),"Freshly made green tea with milk or creamer, lower sugar level and customisable topping",Beverages,Speciality tea,100%,1 medium cup(s) = 500ml,1 large cup(s) = 650ml,Derived,2026,Per 100ml,Per Serving (500ml),25,125,0.18,0.9,0.15,0.75,0.11,0.55,Trace,Trace,5.89,29.45,5.09,25.45,-,-,-,-,-,-,23,115,4,20,0.12,0.6,95.85,479.25,-,-,-,-,-,-,-,-,-,-,1.31,6.55,1.48,7.4,0.03,0.15,0,0,2.24,11.2,0.11,0.55,-,-,-,-,-,-,-,-,-,-,-,-,-,-,-,-,-,-,-,-,-,-,-,-,-,-,-,-,-,-,-,-
Beverages,"Green milk tea (less sugar, no topping)","Freshly made green tea with milk or creamer, lower sugar level and no customisable topping",Beverages,Speciality tea,100%,1 medium cup(s) = 500ml,1 large cup(s) = 650ml,Derived,2026,Per 100ml,Per Serving (500ml),63,315,0.37,1.85,3.1,15.5,3.1,15.5,0.01,0.05,8.37,41.85,3.84,19.2,-,-,-,-,-,-,114,570,20,100,0.16,0.8,90.63,453.15,-,-,-,-,-,-,-,-,-,-,0.93,4.65,0.7,3.5,0.36,1.8,0,0,1.13,5.65,0.61,3.05,-,-,-,-,-,-,-,-,-,-,-,-,-,-,-,-,-,-,-,-,-,-,-,-,-,-,-,-,-,-,-,-
Beverages,Green tea (no topping),Freshly brewed jasmine-flavoured green tea with no customisable topping,Beverages,Speciality tea,100%,1 medium cup(s) = 500ml,1 large cup(s) = 650ml,Derived,2026,Per 100ml,Per Serving (500ml),22,110,0.07,0.35,0,0,0,0,0,0,5.4,27,4.94,24.7,-,-,-,-,-,-,18,90,1,5,0.12,0.6,96.39,481.95,-,-,-,-,-,-,-,-,-,-,1.53,7.65,1.5,7.5,0,0,0,0,1.85,9.25,0,0,-,-,-,-,-,-,-,-,-,-,-,-,-,-,-,-,-,-,-,-,-,-,-,-,-,-,-,-,-,-,-,-
Beverages,Hazelnut milk tea (less sugar),"Freshly made tea with milk, hazelnut syrup, customisable topping and lower sugar level",Beverages,Speciality tea,100%,1 medium cup(s) = 500ml,1 large cup(s) = 650ml,Derived,2026,Per 100ml,Per Serving (500ml),84,420,0.37,1.85,3.48,17.4,3.05,15.25,0.02,0.1,12.77,63.85,6.87,34.35,-,-,-,-,-,-,120,600,10,50,0.06,0.3,87.02,435.1,-,-,Trace,Trace,0.01,0.05,Trace,Trace,-,-,1.2,6,1.31,6.55,0.55,2.75,Trace,Trace,3.52,17.6,0.36,1.8,-,-,-,-,-,-,-,-,-,-,-,-,-,-,-,-,-,-,-,-,-,-,-,-,-,-,-,-,-,-,-,-
Beverages,Honey lemon bubble tea,"Freshly made tea with honey, lemon and customisable topping",Beverages,Speciality tea,100%,1 medium cup(s) = 500ml,1 large cup(s) = 650ml,Derived,2026,Per 100ml,Per Serving (500ml),40,200,0.1,0.5,0.15,0.75,0.11,0.55,Trace,Trace,9.52,47.6,8.28,41.4,-,-,-,-,-,-,19,95,4,20,0.06,0.3,93.89,469.45,-,-,Trace,Trace,Trace,Trace,Trace,Trace,-,-,2.46,12.3,3.78,18.9,0.16,0.8,Trace,Trace,1.84,9.2,0.11,0.55,-,-,-,-,-,-,-,-,-,-,-,-,-,-,-,-,-,-,-,-,-,-,-,-,-,-,-,-,-,-,-,-
Beverages,Honey oolong tea,"Freshly brewed oolong tea sweetened with honey, with customisable topping",Beverages,Speciality tea,100%,1 medium cup(s) = 500ml,1 large cup(s) = 650ml,Derived,2026,Per 100ml,Per Serving (500ml),38,190,0.1,0.5,0.15,0.75,0.11,0.55,Trace,Trace,9.04,45.2,7.82,39.1,-,-,-,-,-,-,18,90,3,15,0.06,0.3,94.86,474.3,-,-,Trace,Trace,Trace,Trace,Trace,Trace,-,-,2.33,11.65,3.8,19,0.13,0.65,Trace,Trace,1.49,7.45,0.11,0.55,-,-,-,-,-,-,-,-,-,-,-,-,-,-,-,-,-,-,-,-,-,-,-,-,-,-,-,-,-,-,-,-
Beverages,Lemon green tea,"Freshly brewed green tea with lemon slices or juice, with customisable topping",Beverages,Speciality tea,100%,1 medium cup(s) = 500ml,1 large cup(s) = 650ml,Derived,2026,Per 100ml,Per Serving (500ml),32,160,0.1,0.5,0.15,0.75,0.11,0.55,Trace,Trace,7.77,38.85,4.84,24.2,-,-,-,-,-,-,29,145,4,20,0.06,0.3,94.88,474.4,-,-,-,-,-,-,-,-,-,-,0.92,4.6,1.16,5.8,0.03,0.15,0,0,2.69,13.45,0.11,0.55,-,-,-,-,-,-,-,-,-,-,-,-,-,-,-,-,-,-,-,-,-,-,-,-,-,-,-,-,-,-,-,-
Beverages,Oolong milk tea (less sugar),"Freshly brewed oolong tea with milk, lower sugar level and customisable topping",Beverages,Speciality tea,100%,1 medium cup(s) = 500ml,1 large cup(s) = 650ml,Derived,2026,Per 100ml,Per Serving (500ml),56,280,0.26,1.3,2.11,10.55,2.07,10.35,0.01,0.05,9.1,45.5,5.5,27.5,-,-,-,-,-,-,63,315,16,80,0.14,0.7,91.43,457.15,-,-,-,-,-,-,-,-,-,-,1.38,6.9,1.46,7.3,0.35,1.75,0,0,2.21,11.05,0.19,0.95,-,-,-,-,-,-,-,-,-,-,-,-,-,-,-,-,-,-,-,-,-,-,-,-,-,-,-,-,-,-,-,-
Beverages,Oolong milk tea (no topping),Freshly brewed oolong tea with milk and no customisable topping,Beverages,Speciality tea,100%,1 medium cup(s) = 500ml,1 large cup(s) = 650ml,Derived,2026,Per 100ml,Per Serving (500ml),53,265,0.2,1,2.35,11.75,2.32,11.6,0.01,0.05,7.86,39.3,4.82,24.1,-,-,-,-,-,-,65,325,15,75,0.15,0.75,91.87,459.35,-,-,-,-,-,-,-,-,-,-,1.43,7.15,1.2,6,0.47,2.35,0,0,1.56,7.8,0.1,0.5,-,-,-,-,-,-,-,-,-,-,-,-,-,-,-,-,-,-,-,-,-,-,-,-,-,-,-,-,-,-,-,-
Beverages,Peach green tea (less sugar),"Freshly brewed green tea with peach flavouring, lower sugar level and customisable topping",Beverages,Speciality tea,100%,1 medium cup(s) = 500ml,1 large cup(s) = 650ml,Derived,2026,Per 100ml,Per Serving (500ml),37,185,0.12,0.6,0.15,0.75,0.11,0.55,Trace,Trace,8.91,44.55,8.34,41.7,-,-,-,-,-,-,29,145,4,20,0.06,0.3,94.02,470.1,-,-,-,-,-,-,-,-,-,-,2.68,13.4,3.23,16.15,0.03,0.15,0,0,2.32,11.6,0.11,0.55,-,-,-,-,-,-,-,-,-,-,-,-,-,-,-,-,-,-,-,-,-,-,-,-,-,-,-,-,-,-,-,-
Beverages,"Green tea (no sugar, no topping)",Freshly brewed jasmine-flavoured green tea with no sugar added and no customisable topping,Beverages,Speciality tea,100%,1 medium cup(s) = 500ml,1 large cup(s) = 650ml,Derived,2026,Per 100ml,Per Serving (500ml),1,5,0.1,0.5,0,0,0,0,0,0,0.2,1,0,0,-,-,-,-,-,-,18,90,1,5,Trace,Trace,99.67,498.35,-,-,-,-,-,-,-,-,-,-,0,0,0,0,0,0,0,0,0,0,0,0,-,-,-,-,-,-,-,-,-,-,-,-,-,-,-,-,-,-,-,-,-,-,-,-,-,-,-,-,-,-,-,-
Beverages,"Green milk tea (no sugar, no topping)","Freshly made green tea with milk or creamer, no sugar added and no customisable topping",Beverages,Speciality tea,100%,1 medium cup(s) = 500ml,1 large cup(s) = 650ml,Derived,2026,Per 100ml,Per Serving (500ml),55,275,0.37,1.85,3.16,15.8,3.16,15.8,0.01,0.05,6.27,31.35,1.35,6.75,-,-,-,-,-,-,119,595,24,120,0.19,0.95,91.73,458.65,-,-,-,-,-,-,-,-,-,-,0,0,0,0,0.43,2.15,0,0,0.24,1.2,0.65,3.25,-,-,-,-,-,-,-,-,-,-,-,-,-,-,-,-,-,-,-,-,-,-,-,-,-,-,-,-,-,-,-,-
Beverages,"Lemon green tea (no sugar, no topping)","Freshly brewed green tea with lemon slices or juice, no sugar added and no customisable topping",Beverages,Speciality tea,100%,1 medium cup(s) = 500ml,1 large cup(s) = 650ml,Derived,2026,Per 100ml,Per Serving (500ml),3,15,0.1,0.5,0,0,0,0,0,0,0.67,3.35,0.1,0.5,-,-,-,-,-,-,27,135,2,10,Trace,Trace,99.57,497.85,-,-,-,-,-,-,-,-,-,-,0,0,0,0,0,0,0,0,0.1,0.5,0,0,-,-,-,-,-,-,-,-,-,-,-,-,-,-,-,-,-,-,-,-,-,-,-,-,-,-,-,-,-,-,-,-
Beverages,"Lemon green tea (less sugar, no topping)","Freshly brewed green tea with lemon slices or juice, lower sugar level and no customisable topping",Beverages,Speciality tea,100%,1 medium cup(s) = 500ml,1 large cup(s) = 650ml,Derived,2026,Per 100ml,Per Serving (500ml),13,65,0.06,0.3,0,0,0,0,0,0,3.11,15.55,0.9,4.5,-,-,-,-,-,-,24,120,2,10,0.06,0.3,97.93,489.65,-,-,-,-,-,-,-,-,-,-,0,0,0.17,0.85,0,0,0,0,0.73,3.65,0,0,-,-,-,-,-,-,-,-,-,-,-,-,-,-,-,-,-,-,-,-,-,-,-,-,-,-,-,-,-,-,-,-
Beverages,"Milk tea (no sugar, no topping)",Milk tea served with customisable toppings and no added sugar,Beverages,Speciality tea,100%,1 medium cup(s) = 500ml,1 large cup(s) = 650ml,Derived,2026,Per 100ml,Per Serving (500ml),50,250,0.33,1.65,2.86,14.3,2.86,14.3,0.01,0.05,5.7,28.5,0.84,4.2,-,-,-,-,-,-,97,485,11,55,0.12,0.6,93.01,465.05,-,-,-,-,-,-,-,-,-,-,0,0,0,0,0.3,1.5,0,0,0,0,0.54,2.7,-,-,-,-,-,-,-,-,-,-,-,-,-,-,-,-,-,-,-,-,-,-,-,-,-,-,-,-,-,-,-,-
Beverages,"Milk tea (less sugar, no topping)",Milk tea served with customisable toppings and lower sugar level,Beverages,Speciality tea,100%,1 medium cup(s) = 500ml,1 large cup(s) = 650ml,Derived,2026,Per 100ml,Per Serving (500ml),59,295,0.37,1.85,2.83,14.15,2.77,13.85,0.01,0.05,8.18,40.9,3.26,16.3,-,-,-,-,-,-,95,475,20,100,0.08,0.4,91.19,455.95,-,-,-,-,-,-,-,-,-,-,0.8,4,0.94,4.7,0.2,1,0,0,0.72,3.6,0.51,2.55,-,-,-,-,-,-,-,-,-,-,-,-,-,-,-,-,-,-,-,-,-,-,-,-,-,-,-,-,-,-,-,-
Beverages,Milk tea (no topping),Milk tea served with customisable toppings,Beverages,Speciality tea,100%,1 medium cup(s) = 500ml,1 large cup(s) = 650ml,Derived,2026,Per 100ml,Per Serving (500ml),64,320,0.33,1.65,2.93,14.65,2.93,14.65,0.01,0.05,9.15,45.75,5.36,26.8,-,-,-,-,-,-,95,475,13,65,0.09,0.45,91.15,455.75,-,-,-,-,-,-,-,-,-,-,1.5,7.5,1.73,8.65,0.2,1,0,0,1.36,6.8,0.5,2.5,-,-,-,-,-,-,-,-,-,-,-,-,-,-,-,-,-,-,-,-,-,-,-,-,-,-,-,-,-,-,-,-
Beverages,Green tea with pearls (no sugar),"Freshly made green tea served with tapioca pearls, no sugar added",Beverages,Speciality tea,100%,1 medium cup(s) = 500ml,1 large cup(s) = 650ml,Derived,2026,Per 100ml,Per Serving (500ml),25,125,0.15,0.75,0,0,0,0,0,0,6.1,30.5,3.07,15.35,-,-,-,-,-,-,15,75,4,20,0.06,0.3,96.22,481.1,-,-,-,-,-,-,-,-,-,-,0.34,1.7,0.53,2.65,0,0,0,0,2.17,10.85,0,0,-,-,-,-,-,-,-,-,-,-,-,-,-,-,-,-,-,-,-,-,-,-,-,-,-,-,-,-,-,-,-,-
Beverages,Oolong tea with pearls (less sugar),"Freshly brewed oolong tea with with tapioca pearls, lower sugar level",Beverages,Speciality tea,100%,1 medium cup(s) = 500ml,1 large cup(s) = 650ml,Derived,2026,Per 100ml,Per Serving (500ml),31,155,0.07,0.35,0,0,0,0,0,0,7.81,39.05,4.44,22.2,-,-,-,-,-,-,13,65,4,20,0.06,0.3,95.33,476.65,-,-,-,-,-,-,-,-,-,-,0.53,2.65,1.05,5.25,0,0,0,0,2.83,14.15,0,0,-,-,-,-,-,-,-,-,-,-,-,-,-,-,-,-,-,-,-,-,-,-,-,-,-,-,-,-,-,-,-,-
Beverages,Oolong tea,Freshly brewed oolong tea with customisable topping,Beverages,Speciality tea,100%,1 medium cup(s) = 500ml,1 large cup(s) = 650ml,Derived,2026,Per 100ml,Per Serving (500ml),31,155,0.1,0.5,0.15,0.75,0.11,0.55,Trace,Trace,7.91,39.55,6.14,30.7,-,-,-,-,-,-,20,100,4,20,0.06,0.3,95.1,475.5,-,-,-,-,-,-,-,-,-,-,1.39,6.95,1.83,9.15,0.03,0.15,0,0,2.8,14,0.11,0.55,-,-,-,-,-,-,-,-,-,-,-,-,-,-,-,-,-,-,-,-,-,-,-,-,-,-,-,-,-,-,-,-
Beverages,Milk tea,Milk tea served with customisable toppings,Beverages,Speciality tea,100%,1 medium cup(s) = 500ml,1 large cup(s) = 650ml,Derived,2026,Per 100ml,Per Serving (500ml),68,340,0.36,1.8,2.49,12.45,2.46,12.3,0.01,0.05,11.01,55.05,7.29,36.45,-,-,-,-,-,-,85,425,13,65,0.13,0.65,90.39,451.95,-,-,-,-,-,-,-,-,-,-,1.84,9.2,2.23,11.15,0.19,0.95,0,0,2.56,12.8,0.51,2.55,-,-,-,-,-,-,-,-,-,-,-,-,-,-,-,-,-,-,-,-,-,-,-,-,-,-,-,-,-,-,-,-
Beverages,Milk tea (less sugar),Milk tea served with customisable toppings and lower sugar level,Beverages,Speciality tea,100%,1 medium cup(s) = 500ml,1 large cup(s) = 650ml,Derived,2026,Per 100ml,Per Serving (500ml),64,320,0.39,1.95,2.41,12.05,2.33,11.65,0.01,0.05,10.24,51.2,5.61,28.05,-,-,-,-,-,-,85,425,19,95,0.12,0.6,90.42,452.1,-,-,-,-,-,-,-,-,-,-,1.28,6.4,1.59,7.95,0.19,0.95,0,0,2.04,10.2,0.52,2.6,-,-,-,-,-,-,-,-,-,-,-,-,-,-,-,-,-,-,-,-,-,-,-,-,-,-,-,-,-,-,-,-
Beverages,Milk tea (no sugar),Milk tea served with customisable toppings and no added sugar,Beverages,Speciality tea,100%,1 medium cup(s) = 500ml,1 large cup(s) = 650ml,Derived,2026,Per 100ml,Per Serving (500ml),56,280,0.36,1.8,2.44,12.2,2.4,12,0.01,0.05,8.25,41.25,3.67,18.35,-,-,-,-,-,-,87,435,12,60,0.16,0.8,91.88,459.4,-,-,-,-,-,-,-,-,-,-,0.64,3.2,0.84,4.2,0.27,1.35,0,0,1.47,7.35,0.54,2.7,-,-,-,-,-,-,-,-,-,-,-,-,-,-,-,-,-,-,-,-,-,-,-,-,-,-,-,-,-,-,-,-
Beverages,Lemon green tea (no sugar),"Freshly brewed green tea with lemon slices or juice, no added sugar, and customisable topping",Beverages,Speciality tea,100%,1 medium cup(s) = 500ml,1 large cup(s) = 650ml,Derived,2026,Per 100ml,Per Serving (500ml),19,95,0.18,0.9,0.15,0.75,0.11,0.55,Trace,Trace,4.23,21.15,3.08,15.4,-,-,-,-,-,-,31,155,4,20,0.06,0.3,97.13,485.65,-,-,-,-,-,-,-,-,-,-,0.64,3.2,0.84,4.2,0.03,0.15,0,0,1.55,7.75,0.11,0.55,-,-,-,-,-,-,-,-,-,-,-,-,-,-,-,-,-,-,-,-,-,-,-,-,-,-,-,-,-,-,-,-
Beverages,Chrysanthemum milk tea (no sugar),"Floral tea made from dried chrysanthemum flowers blended with milk or creamer, with no added sugar and customisable topping",Beverages,Speciality tea,100%,1 medium cup(s) = 500ml,1 large cup(s) = 650ml,Derived,2026,Per 100ml,Per Serving (500ml),44,220,0.19,0.95,1.43,7.15,1.27,6.35,Trace,Trace,7.65,38.25,4.92,24.6,-,-,-,-,-,-,62,310,6,30,0.06,0.3,91.79,458.95,-,-,Trace,Trace,Trace,Trace,Trace,Trace,-,-,1.04,5.2,1.4,7,0.27,1.35,Trace,Trace,2.19,10.95,0.11,0.55,-,-,-,-,-,-,-,-,-,-,-,-,-,-,-,-,-,-,-,-,-,-,-,-,-,-,-,-,-,-,-,-
Beverages,Bubble tea no milk (no sugar),"Freshly made fruit or tea-based beverage without milk, with no sugar added and customisable topping",Beverages,Speciality tea,100%,1 medium cup(s) = 500ml,1 large cup(s) = 650ml,Derived,2026,Per 100ml,Per Serving (500ml),17,85,0.14,0.7,0.15,0.75,0.11,0.55,Trace,Trace,3.84,19.2,3,15,-,-,-,-,-,-,23,115,4,20,0.09,0.45,97.38,486.9,-,-,-,-,-,-,-,-,-,-,0.64,3.2,0.84,4.2,0.03,0.15,0,0,1.47,7.35,0.11,0.55,-,-,-,-,-,-,-,-,-,-,-,-,-,-,-,-,-,-,-,-,-,-,-,-,-,-,-,-,-,-,-,-
Beverages,"Bubble tea no milk (no sugar, no topping)","Freshly made fruit or tea-based beverage without milk, with no sugar added and no customisable topping",Beverages,Speciality tea,100%,1 medium cup(s) = 500ml,1 large cup(s) = 650ml,Derived,2026,Per 100ml,Per Serving (500ml),1,5,0.05,0.25,0,0,0,0,0,0,0.18,0.9,0,0,-,-,-,-,-,-,17,85,1,5,0.04,0.2,99.89,499.45,-,-,-,-,-,-,-,-,-,-,0,0,0,0,0,0,0,0,0,0,0,0,-,-,-,-,-,-,-,-,-,-,-,-,-,-,-,-,-,-,-,-,-,-,-,-,-,-,-,-,-,-,-,-
Beverages,Bubble tea with milk (no sugar),Freshly made milk tea with no sugar added and customisable topping,Beverages,Speciality tea,100%,1 medium cup(s) = 500ml,1 large cup(s) = 650ml,Derived,2026,Per 100ml,Per Serving (500ml),42,210,0.31,1.55,1.68,8.4,1.63,8.15,Trace,Trace,6.6,33,3.55,17.75,-,-,-,-,-,-,65,325,9,45,0.15,0.75,93.52,467.6,-,-,-,-,-,-,-,-,-,-,0.64,3.2,0.84,4.2,0.28,1.4,0,0,1.5,7.5,0.36,1.8,-,-,-,-,-,-,-,-,-,-,-,-,-,-,-,-,-,-,-,-,-,-,-,-,-,-,-,-,-,-,-,-
Beverages,"Flavoured bubble tea no milk (no sugar, no topping)","Flavoured bubble tea no milk (no sugar, no topping)",Beverages,Speciality tea,100%,1 medium cup(s) = 500ml,1 large cup(s) = 650ml,Derived,2026,Per 100ml,Per Serving (500ml),15,75,0.06,0.3,Trace,Trace,Trace,Trace,Trace,Trace,3.72,18.6,3.12,15.6,-,-,-,-,-,-,25,125,2,10,0.03,0.15,96.94,484.7,-,-,Trace,Trace,Trace,Trace,Trace,Trace,-,-,0.96,4.8,1.17,5.85,0.02,0.1,Trace,Trace,0.93,4.65,0.04,0.2,-,-,-,-,-,-,-,-,-,-,-,-,-,-,-,-,-,-,-,-,-,-,-,-,-,-,-,-,-,-,-,-
Beverages,"Flavoured bubble tea with milk (no sugar, no topping)","Flavoured bubble tea with milk (no sugar, no topping)",Beverages,Speciality tea,100%,1 medium cup(s) = 500ml,1 large cup(s) = 650ml,Derived,2026,Per 100ml,Per Serving (500ml),62,310,0.26,1.3,3.13,15.65,2.79,13.95,0.01,0.05,8.15,40.75,3.55,17.75,-,-,-,-,-,-,111,555,8,40,Trace,Trace,90.21,451.05,-,-,Trace,Trace,0.01,0.05,Trace,Trace,-,-,0.47,2.35,0.44,2.2,0.66,3.3,Trace,Trace,1.85,9.25,0.14,0.7,-,-,-,-,-,-,-,-,-,-,-,-,-,-,-,-,-,-,-,-,-,-,-,-,-,-,-,-,-,-,-,-
Beverages,Green tea (no sugar),Freshly brewed green tea with no sugar added and customisable topping,Beverages,Speciality tea,100%,1 medium cup(s) = 500ml,1 large cup(s) = 650ml,Derived,2026,Per 100ml,Per Serving (500ml),17,85,0.18,0.9,0.15,0.75,0.11,0.55,Trace,Trace,3.85,19.25,3,15,-,-,-,-,-,-,24,120,4,20,0.06,0.3,97.21,486.05,-,-,-,-,-,-,-,-,-,-,0.64,3.2,0.84,4.2,0.03,0.15,0,0,1.47,7.35,0.11,0.55,-,-,-,-,-,-,-,-,-,-,-,-,-,-,-,-,-,-,-,-,-,-,-,-,-,-,-,-,-,-,-,-
Beverages,2 in 1 black coffee (sugar),Instant black coffee premixed with sugar,Beverages,Coffee,100%,1 cup (200ml) = 200ml,-,NIP,2025,Per 100ml,Per Serving (200ml),42,84,0.47,0.94,0.29,0.58,0.19,0.38,0,0,9.56,19.12,7.88,15.76,-,-,0.44,0.88,8,16,-,-,2,4,0,0,-,-,-,-,0,0,0,0,-,-,-,-,-,-,-,-,-,-,-,-,-,-,-,-,-,-,0,0,-,-,-,-,-,-,-,-,-,-,-,-,-,-,0,0,-,-,-,-,-,-,-,-,-,-,-,-
Beverages,3 in 1 yuan yang,Instant coffee and tea premixed with creamer and sugar,Beverages,Coffee,100%,1 cup (200ml) = 200ml,-,NIP,2025,Per 100ml,Per Serving (200ml),77,154,0.61,1.22,2.55,5.1,2.55,5.1,0,0,12.94,25.88,10.22,20.44,-,-,0.55,1.1,26,52,-,-,0,0,0,0,-,-,-,-,0,0,0,0,-,-,-,-,-,-,-,-,-,-,-,-,-,-,-,-,-,-,0,0,-,-,-,-,-,-,-,-,-,-,-,-,-,-,0,0,-,-,-,-,-,-,-,-,-,-,-,-
Beverages,"Black coffee (no sugar, sachet/filter bag)",Instant or drip coffee without sugar or creamer,Beverages,Coffee,100%,1 cup (200ml) = 200ml,-,NIP,2025,Per 100ml,Per Serving (200ml),21,42,0.49,0.98,0.22,0.44,0.09,0.18,0,0,4.4,8.8,1.55,3.1,-,-,0.74,1.48,8,16,-,-,0,0,0,0,-,-,-,-,0,0,0,0,-,-,-,-,-,-,-,-,-,-,-,-,-,-,-,-,-,-,0,0,-,-,-,-,-,-,-,-,-,-,-,-,-,-,0,0,-,-,-,-,-,-,-,-,-,-,-,-
Beverages,Black coffee (packaged),Ready-to-drink black coffee without sugar or creamer,Beverages,Coffee,100%,1 can = 240ml,-,NIP,2025,Per 100ml,Per Serving (240ml),25,60,0.08,0.19,0,0,0,0,0,0,6,14.4,5,12,-,-,0,0,14,34,-,-,0,0,0,0,-,-,-,-,0,0,0,0,-,-,-,-,-,-,-,-,-,-,-,-,-,-,-,-,-,-,0,0,-,-,-,-,-,-,-,-,-,-,-,-,-,-,0,0,-,-,-,-,-,-,-,-,-,-,-,-
Beverages,"Coffee with milk (less sugar, bottled)",Ready-to-drink coffee beverage with milk and less sugar,Beverages,Coffee,100%,1 can = 240ml,1 bottle = 500ml,NIP,2025,Per 100ml,Per Serving (240ml),60,144,1,2.4,0.75,1.8,0,0,0,0,13,31.2,9,21.6,-,-,0,0,40,96,-,-,0,0,0,0,-,-,-,-,0,0,0,0,-,-,-,-,-,-,-,-,-,-,-,-,-,-,-,-,-,-,0,0,-,-,-,-,-,-,-,-,-,-,-,-,-,-,0,0,-,-,-,-,-,-,-,-,-,-,-,-
Beverages,"Coffee with milk (no sugar, bottled)",Ready-to-drink coffee beverage with milk and no sugar,Beverages,Coffee,100%,1 can = 240ml,1 bottle = 500ml,NIP,2025,Per 100ml,Per Serving (240ml),15,36,0.3,0.72,0.15,0.36,0,0,0,0,1.53,3.67,0.92,2.21,-,-,0,0,6,14,-,-,0,0,0,0,-,-,-,-,0,0,0,0,-,-,-,-,-,-,-,-,-,-,-,-,-,-,-,-,-,-,0,0,-,-,-,-,-,-,-,-,-,-,-,-,-,-,0,0,-,-,-,-,-,-,-,-,-,-,-,-
Beverages,"Flavoured white coffee (less sugar, bottled)",Ready to drink white coffee with less sugar and added flavours,Beverages,Coffee,100%,1 can = 240ml,1 bottle = 500ml,NIP,2025,Per 100ml,Per Serving (240ml),65,156,0.79,1.9,2,4.8,0,0,0,0,10.95,26.28,5.66,13.58,-,-,0,0,47,113,-,-,0,0,0,0,-,-,-,-,0,0,0,0,-,-,-,-,-,-,-,-,-,-,-,-,-,-,-,-,-,-,0,0,-,-,-,-,-,-,-,-,-,-,-,-,-,-,0,0,-,-,-,-,-,-,-,-,-,-,-,-
Beverages,Iced Kopi,"Traditional coffee with condensed milk and evaporated milk, served over ice",Beverages,Coffee,100%,1 regular cup(s) = 400ml,1 large cup(s) = 500ml,Derived,2026,Per 100ml,Per Serving (400ml),60,240,0.5,2,1.69,6.76,0.84,3.36,0.01,0.04,10.65,42.6,5.91,23.64,-,-,-,-,-,-,92,368,14,56,0.26,1.04,68.3,273.2,-,-,Trace,Trace,Trace,Trace,-,-,-,-,0.92,3.68,0,0,0,0,0,0,3.43,13.72,1.54,6.16,-,-,-,-,-,-,-,-,-,-,-,-,-,-,-,-,-,-,-,-,-,-,-,-,-,-,-,-,-,-,-,-
Beverages,Instant coffee granules (no sugar),Dried coffee granules without added sugar,Beverages,Coffee,100%,1 cup (200ml) = 200ml,-,NIP,2025,Per 100ml,Per Serving (200ml),11,22,0.2,0.4,0.31,0.62,0.03,0.06,0,0,1.75,3.5,1.14,2.28,-,-,0.4,0.8,12,24,-,-,0,0,0,0,-,-,-,-,0,0,0,0,-,-,-,-,-,-,-,-,-,-,-,-,-,-,-,-,-,-,0,0,-,-,-,-,-,-,-,-,-,-,-,-,-,-,0,0,-,-,-,-,-,-,-,-,-,-,-,-
Beverages,Kopi,Traditional coffee with condensed milk and evaporated milk,Beverages,Coffee,100%,1 regular cup(s) = 250ml,1 large cup(s) = 300ml,Derived,2026,Per 100ml,Per Serving (250ml),77,193,0.65,1.63,2.18,5.45,1.08,2.7,0.01,0.03,13.73,34.33,7.62,19.05,-,-,-,-,-,-,118,295,18,45,0.33,0.83,88.07,220.17,-,-,-,-,-,-,-,-,-,-,1.18,2.95,0,0,0,0,0,0,4.42,11.05,1.99,4.98,-,-,-,-,-,-,-,-,-,-,-,-,-,-,-,-,-,-,-,-,-,-,-,-,-,-,-,-,-,-,-,-
Beverages,Kopi C,Local coffee with evaporated milk and sugar,Beverages,Coffee,100%,1 regular cup(s) = 250ml,1 large cup(s) = 300ml,Derived,2026,Per 100ml,Per Serving (250ml),52,130,0.83,2.08,1.27,3.18,0.69,1.73,0.01,0.03,9.31,23.28,6.16,15.4,-,-,-,-,-,-,108,270,30,75,Trace,Trace,91.68,229.2,-,-,-,-,-,-,-,-,-,-,0,0,0,0,0,0,0,0,4.8,12,1.33,3.33,-,-,-,-,-,-,-,-,-,-,-,-,-,-,-,-,-,-,-,-,-,-,-,-,-,-,-,-,-,-,-,-
Beverages,Kopi C kosong,Traditional coffee with evaporated milk and no sugar,Beverages,Coffee,100%,1 regular cup(s) = 250ml,1 large cup(s) = 300ml,Derived,2026,Per 100ml,Per Serving (250ml),37,93,1,2.5,1.48,3.7,0.81,2.03,0.01,0.03,4.84,12.1,1.7,4.25,-,-,-,-,-,-,129,323,35,88,0.35,0.87,93.93,234.83,-,-,-,-,-,-,-,-,-,-,0,0,0,0,0,0,0,0,0.12,0.3,1.58,3.95,-,-,-,-,-,-,-,-,-,-,-,-,-,-,-,-,-,-,-,-,-,-,-,-,-,-,-,-,-,-,-,-
Beverages,Kopi C siu dai,Traditional coffee with evaporated milk and less sugar,Beverages,Coffee,100%,1 regular cup(s) = 250ml,1 large cup(s) = 300ml,Derived,2026,Per 100ml,Per Serving (250ml),45,113,0.83,2.08,1.41,3.53,0.75,1.88,Trace,Trace,7.16,17.9,4.28,10.7,-,-,-,-,-,-,106,265,30,75,0.18,0.45,92.97,232.42,-,-,-,-,-,-,-,-,-,-,0,0,0,0,0,0,0,0,3.04,7.6,1.25,3.13,-,-,-,-,-,-,-,-,-,-,-,-,-,-,-,-,-,-,-,-,-,-,-,-,-,-,-,-,-,-,-,-
Beverages,Kopi O,Local coffee with sugar only,Beverages,Coffee,100%,1 regular cup(s) = 250ml,1 large cup(s) = 300ml,Derived,2026,Per 100ml,Per Serving (250ml),31,78,0.23,0.58,0,0,0,0,0,0,7.57,18.93,4.69,11.73,-,-,-,-,-,-,78,195,2,5,0.25,0.63,94.37,235.93,-,-,-,-,-,-,-,-,-,-,0,0,0,0,0,0,0,0,4.69,11.73,0,0,-,-,-,-,-,-,-,-,-,-,-,-,-,-,-,-,-,-,-,-,-,-,-,-,-,-,-,-,-,-,-,-
Beverages,Kopi O kosong,Traditional black coffee without sugar or milk,Beverages,Coffee,100%,1 regular cup(s) = 250ml,1 large cup(s) = 300ml,Derived,2026,Per 100ml,Per Serving (250ml),13,33,0.27,0.68,0,0,0,0,0,0,2.9,7.25,0,0,-,-,-,-,-,-,71,178,3,8,Trace,Trace,97.24,243.1,-,-,-,-,-,-,-,-,-,-,0,0,0,0,0,0,0,0,0,0,0,0,-,-,-,-,-,-,-,-,-,-,-,-,-,-,-,-,-,-,-,-,-,-,-,-,-,-,-,-,-,-,-,-
Beverages,Kopi O siu dai,Local black coffee with reduced sugar,Beverages,Coffee,100%,1 regular cup(s) = 250ml,1 large cup(s) = 300ml,Derived,2026,Per 100ml,Per Serving (250ml),28,70,0.14,0.35,0,0,0,0,0,0,6.83,17.08,4.26,10.65,-,-,-,-,-,-,60,150,2,5,0.24,0.6,94.94,237.35,-,-,-,-,-,-,-,-,-,-,0,0,0,0,0,0,0,0,4.26,10.65,0,0,-,-,-,-,-,-,-,-,-,-,-,-,-,-,-,-,-,-,-,-,-,-,-,-,-,-,-,-,-,-,-,-
Beverages,Kopi siu dai,Traditional coffee with condensed milk and less sugar,Beverages,Coffee,100%,1 regular cup(s) = 250ml,1 large cup(s) = 300ml,Derived,2026,Per 100ml,Per Serving (250ml),60,150,0.45,1.13,1.39,3.47,0.68,1.7,0,0,11.41,28.53,8.04,20.1,-,-,-,-,-,-,112,280,15,38,0.32,0.8,90.38,225.95,-,-,-,-,-,-,-,-,-,-,0,0,0,0,0,0,0,0,6.71,16.78,1.35,3.38,-,-,-,-,-,-,-,-,-,-,-,-,-,-,-,-,-,-,-,-,-,-,-,-,-,-,-,-,-,-,-,-
Beverages,Oat milk latte,Beverage made with steamed oat milk and espresso with sugar,Beverages,Coffee,100%,1 medium cup(s) = 450ml,"1 small cup(s) = 300ml, 1 large cup(s) = 550ml",Derived,2026,Per 100ml,Per Serving (450ml),46,207,0.71,3.2,2.22,9.99,0.22,0.99,Trace,Trace,5.97,26.87,2.49,11.21,-,-,-,-,-,-,179,806,75,338,Trace,Trace,93.84,422.28,-,-,0.6,2.7,1.12,5.04,Trace,Trace,-,-,Trace,Trace,Trace,Trace,1.7,7.65,Trace,Trace,0.81,3.65,Trace,Trace,-,-,-,-,-,-,-,-,-,-,-,-,-,-,-,-,-,-,-,-,-,-,-,-,-,-,-,-,-,-,-,-
Beverages,Soy milk latte,Beverage made with steamed soy milk and espresso with sugar,Beverages,Coffee,100%,1 medium cup(s) = 450ml,"1 small cup(s) = 300ml, 1 large cup(s) = 550ml",Derived,2026,Per 100ml,Per Serving (450ml),24,108,1,4.5,0.91,4.1,0.12,0.54,Trace,Trace,2.83,12.74,1.38,6.21,-,-,-,-,-,-,126,567,14,63,0.13,0.59,95.78,431.01,-,-,0.34,1.53,0.32,1.44,Trace,Trace,-,-,Trace,Trace,Trace,Trace,0.73,3.29,Trace,Trace,0.65,2.93,Trace,Trace,-,-,-,-,-,-,-,-,-,-,-,-,-,-,-,-,-,-,-,-,-,-,-,-,-,-,-,-,-,-,-,-
Beverages,Iced Kopi C kosong,"Traditional coffee with evaporated milk and no sugar, served over ice",Beverages,Coffee,100%,1 regular cup(s) = 400ml,1 large cup(s) = 500ml,Derived,2026,Per 100ml,Per Serving (400ml),29,116,0.78,3.12,1.15,4.6,0.63,2.52,0.01,0.04,3.75,15,1.32,5.28,-,-,-,-,-,-,100,400,27,108,0.27,1.08,72.85,291.4,-,-,Trace,Trace,Trace,Trace,-,-,-,-,0,0,0,0,0,0,0,0,0.09,0.36,1.23,4.92,-,-,-,-,-,-,-,-,-,-,-,-,-,-,-,-,-,-,-,-,-,-,-,-,-,-,-,-,-,-,-,-
Beverages,Iced Kopi O,"Local coffee with sugar only, served over ice",Beverages,Coffee,100%,1 regular cup(s) = 400ml,1 large cup(s) = 500ml,Derived,2026,Per 100ml,Per Serving (400ml),24,96,0.18,0.72,Trace,Trace,Trace,Trace,0,0,5.87,23.48,3.64,14.56,-,-,-,-,-,-,60,240,2,8,0.19,0.76,73.19,292.76,-,-,Trace,Trace,Trace,Trace,-,-,-,-,0,0,0,0,0,0,0,0,3.64,14.56,0,0,-,-,-,-,-,-,-,-,-,-,-,-,-,-,-,-,-,-,-,-,-,-,-,-,-,-,-,-,-,-,-,-
Beverages,Iced Kopi siu dai,"Traditional coffee with evaporated milk and less sugar, served over ice",Beverages,Coffee,100%,1 regular cup(s) = 400ml,1 large cup(s) = 500ml,Derived,2026,Per 100ml,Per Serving (400ml),47,188,0.35,1.4,1.08,4.32,0.53,2.12,0,0,8.85,35.4,6.24,24.96,-,-,-,-,-,-,87,348,12,48,0.25,1,70.1,280.4,-,-,Trace,Trace,Trace,Trace,-,-,-,-,0,0,0,0,0,0,0,0,5.2,20.8,1.05,4.2,-,-,-,-,-,-,-,-,-,-,-,-,-,-,-,-,-,-,-,-,-,-,-,-,-,-,-,-,-,-,-,-
Beverages,Iced Kopi O siu dai,"Local black coffee with reduced sugar, served over ice",Beverages,Coffee,100%,1 regular cup(s) = 400ml,1 large cup(s) = 500ml,Derived,2026,Per 100ml,Per Serving (400ml),22,88,0.11,0.44,Trace,Trace,Trace,Trace,0,0,5.3,21.2,3.3,13.2,-,-,-,-,-,-,47,188,2,8,0.19,0.76,73.63,294.52,-,-,Trace,Trace,Trace,Trace,-,-,-,-,0,0,0,0,0,0,0,0,3.3,13.2,0,0,-,-,-,-,-,-,-,-,-,-,-,-,-,-,-,-,-,-,-,-,-,-,-,-,-,-,-,-,-,-,-,-
Beverages,Iced Kopi C siu dai,"Traditional coffee with evaporated milk and less sugar, served over ice",Beverages,Coffee,100%,1 regular cup(s) = 400ml,1 large cup(s) = 500ml,Derived,2026,Per 100ml,Per Serving (400ml),35,140,0.64,2.56,1.09,4.36,0.58,2.32,Trace,Trace,5.55,22.2,3.32,13.28,-,-,-,-,-,-,82,328,23,92,0.14,0.56,72.11,288.44,-,-,Trace,Trace,Trace,Trace,-,-,-,-,0,0,0,0,0,0,0,0,2.36,9.44,0.97,3.88,-,-,-,-,-,-,-,-,-,-,-,-,-,-,-,-,-,-,-,-,-,-,-,-,-,-,-,-,-,-,-,-
Beverages,Iced Kopi C,"Local coffee with evaporated milk and sugar, served over ice",Beverages,Coffee,100%,1 regular cup(s) = 400ml,1 large cup(s) = 500ml,Derived,2026,Per 100ml,Per Serving (400ml),40,160,0.64,2.56,0.98,3.92,0.54,2.16,0.01,0.04,7.22,28.88,4.78,19.12,-,-,-,-,-,-,84,336,23,92,Trace,Trace,71.1,284.4,-,-,Trace,Trace,Trace,Trace,-,-,-,-,0,0,0,0,0,0,0,0,3.72,14.88,1.03,4.12,-,-,-,-,-,-,-,-,-,-,-,-,-,-,-,-,-,-,-,-,-,-,-,-,-,-,-,-,-,-,-,-
Beverages,"Black tea (less sugar, packaged)",Ready-to-drink brewed black tea with less sugar,Beverages,Tea and related drinks,100%,1 bottle = 500ml,1 glass (250ml) = 250ml,NIP,2025,Per 100ml,Per Serving (500ml),20,100,0,0,0,0,0,0,0,0,5.34,26.7,5.34,26.7,-,-,0,0,10,50,-,-,0,0,0,0,-,-,-,-,0,0,0,0,-,-,-,-,-,-,-,-,-,-,-,-,-,-,-,-,-,-,0,0,-,-,-,-,-,-,-,-,-,-,-,-,-,-,0,0,-,-,-,-,-,-,-,-,-,-,-,-
Beverages,Chinese tea,Traditional tea made from Chinese tea leaves,Beverages,Tea and related drinks,100%,1 cup (250ml) = 250ml,-,Borrowed,2025,Per 100ml,Per Serving (250ml),1,3,0,0,0,0,-,-,-,-,0,0,-,-,-,-,0,0,0,0,-,-,2,5,0,0,-,-,-,-,-,-,-,-,-,-,-,-,-,-,-,-,-,-,-,-,-,-,-,-,-,-,0,0,-,-,-,-,-,-,-,-,-,-,-,-,-,-,0,0,-,-,-,-,-,-,-,-,-,-,-,-
Beverages,Flavoured tea (no sugar),Tea with added flavours and no sugar,Beverages,Tea and related drinks,100%,1 cup (200ml) = 200ml,-,NIP,2025,Per 100ml,Per Serving (200ml),1,2,0.04,0.08,0,0,0,0,0,0,0.04,0.08,0,0,-,-,0,0,Trace,Trace,-,-,0,0,0,0,-,-,-,-,0,0,0,0,-,-,-,-,-,-,-,-,-,-,-,-,-,-,-,-,-,-,0,0,-,-,-,-,-,-,-,-,-,-,-,-,-,-,0,0,-,-,-,-,-,-,-,-,-,-,-,-
Beverages,Flavoured tea (packaged),Ready-to-drink sweetened tea with added flavours,Beverages,Tea and related drinks,100%,1 bottle = 500ml,1 glass (250ml) = 250ml,NIP,2025,Per 100ml,Per Serving (500ml),25,125,0,0,0,0,0,0,0,0,6.76,33.8,8.5,42.5,-,-,0,0,13,65,-,-,0,0,0,0,-,-,-,-,0,0,0,0,-,-,-,-,-,-,-,-,-,-,-,-,-,-,-,-,-,-,0,0,-,-,-,-,-,-,-,-,-,-,-,-,-,-,0,0,-,-,-,-,-,-,-,-,-,-,-,-
Beverages,Fruit tea with fruit toppings (any type),Freshly made fruit tea served with fruit toppings,Beverages,Tea and related drinks,100%,1 medium cup (500ml) = 500ml,1 large cup (700ml) = 700ml,Lab Analysis,2023,Per 100ml,Per Serving (500ml),38,190,0.1,0.5,0.04,0.2,0,0,-,-,9.38,46.9,9.19,45.95,-,-,0.1,0.5,2,10,-,-,-,-,-,-,-,-,-,-,-,-,-,-,-,-,-,-,-,-,-,-,-,-,-,-,-,-,-,-,-,-,-,-,-,-,-,-,-,-,-,-,-,-,-,-,-,-,-,-,-,-,-,-,-,-,-,-,-,-,-,-
Beverages,"Green tea (no sugar, packaged)",Ready-to-drink green tea with no sugar,Beverages,Tea and related drinks,100%,1 bottle = 500ml,1 glass (250ml) = 250ml,NIP,2025,Per 100ml,Per Serving (500ml),0,0,0,0,0,0,0,0,0,0,0,0,0,0,-,-,0,0,9,45,-,-,0,0,0,0,-,-,-,-,0,0,0,0,-,-,-,-,-,-,-,-,-,-,-,-,-,-,-,-,-,-,0,0,-,-,-,-,-,-,-,-,-,-,-,-,-,-,0,0,-,-,-,-,-,-,-,-,-,-,-,-
Beverages,Iced lemon tea,Citrus-flavoured beverage made of instant sweetened tea with lemon flavour,Beverages,Tea and related drinks,100%,1 glass(s) = 450ml,-,Derived,2026,Per 100ml,Per Serving (450ml),36,162,0,0,0,0,0,0,0,0,9.07,40.82,8.82,39.69,-,-,-,-,-,-,25,113,3,14,Trace,Trace,93.92,422.64,-,-,-,-,-,-,-,-,-,-,0.72,3.24,0.72,3.24,0,0,0,0,7.38,33.21,0,0,-,-,-,-,-,-,-,-,-,-,-,-,-,-,-,-,-,-,-,-,-,-,-,-,-,-,-,-,-,-,-,-
Beverages,Iced limau,"Beverage made with iced water, sugar syrup and calamansi",Beverages,Juice drinks,100%,1 glass(s) = 450ml,-,Derived,2026,Per 100ml,Per Serving (450ml),26,117,0,0,0,0,0,0,0,0,6.6,29.7,6.6,29.7,-,-,-,-,-,-,12,54,3,14,0.07,0.32,95.34,429.03,-,-,-,-,-,-,-,-,-,-,2.79,12.56,3.09,13.91,0,0,0,0,0.66,2.97,0,0,-,-,-,-,-,-,-,-,-,-,-,-,-,-,-,-,-,-,-,-,-,-,-,-,-,-,-,-,-,-,-,-
Beverages,Iced Teh O limau,Beverage made with iced tea with sugar and calamansi,Beverages,Tea and related drinks,100%,1 glass(s) = 450ml,-,Derived,2026,Per 100ml,Per Serving (450ml),29,131,0.03,0.13,0,0,0,0,0,0,7.41,33.35,6.82,30.69,-,-,-,-,-,-,26,117,3,14,Trace,Trace,95.28,428.76,-,-,-,-,-,-,-,-,-,-,0,0,0,0,0,0,0,0,6.82,30.69,0,0,-,-,-,-,-,-,-,-,-,-,-,-,-,-,-,-,-,-,-,-,-,-,-,-,-,-,-,-,-,-,-,-
Beverages,"Iced lemon tea (less sugar, packaged)",Ready-to-drink black tea with lemon and less sugar,Beverages,Tea and related drinks,100%,1 bottle = 500ml,1 glass (250ml) = 250ml,NIP,2025,Per 100ml,Per Serving (500ml),27,135,0,0,0,0,0,0,0,0,6.8,34,5.9,29.5,-,-,0,0,7,35,-,-,0,0,0,0,-,-,-,-,0,0,0,0,-,-,-,-,-,-,-,-,-,-,-,-,-,-,-,-,-,-,0,0,-,-,-,-,-,-,-,-,-,-,-,-,-,-,0,0,-,-,-,-,-,-,-,-,-,-,-,-
Beverages,Iced lemon tea (packaged),Ready-to-drink black tea with lemon and sugar,Beverages,Tea and related drinks,100%,1 bottle = 500ml,1 glass (250ml) = 250ml,NIP,2025,Per 100ml,Per Serving (500ml),37,185,0,0,0,0,0,0,0,0,9.4,47,9.27,46.35,-,-,0,0,6,30,-,-,2,10,0,0,-,-,-,-,0,0,0,0,-,-,-,-,-,-,-,-,-,-,-,-,-,-,-,-,-,-,0,0,-,-,-,-,-,-,-,-,-,-,-,-,-,-,0,0,-,-,-,-,-,-,-,-,-,-,-,-
Beverages,Iced Teh,"Traditional tea with condensed milk and evaporated milk, served over ice",Beverages,Tea and related drinks,100%,1 regular cup(s) = 400ml,1 large cup(s) = 500ml,Derived,2026,Per 100ml,Per Serving (400ml),47,188,0.41,1.64,1.48,5.92,0.75,3,0.01,0.04,8.01,32.04,7.27,29.08,-,-,-,-,-,-,69,276,14,56,0.19,0.76,70.25,281,-,-,Trace,Trace,Trace,Trace,-,-,-,-,0,0,0,0,0,0,0,0,5.88,23.52,1.37,5.48,-,-,-,-,-,-,-,-,-,-,-,-,-,-,-,-,-,-,-,-,-,-,-,-,-,-,-,-,-,-,-,-
Beverages,Infused black tea (no sugar),Freshly brewed black tea without sugar,Beverages,Tea and related drinks,100%,1 cup (200ml) = 200ml,-,NIP,2025,Per 100ml,Per Serving (200ml),5,10,0,0,0,0,0,0,0,0,0.2,0.4,0,0,-,-,0.98,1.96,0,0,-,-,39,78,490.19,980.38,-,-,-,-,0,0,0,0,-,-,-,-,-,-,-,-,-,-,-,-,-,-,-,-,-,-,0,0,-,-,-,-,-,-,-,-,-,-,-,-,-,-,0,0,-,-,-,-,-,-,-,-,-,-,-,-
Beverages,Tea with cream,Freshly brewed tea served with dairy cream,Beverages,Tea and related drinks,100%,1 medium cup (500ml) = 500ml,1 large cup (700ml) = 700ml,Lab Analysis,2023,Per 100ml,Per Serving (500ml),89,445,0.67,3.35,4.49,22.45,3.97,19.85,-,-,11.35,56.75,8.72,43.6,-,-,1.65,8.25,76,380,-,-,-,-,-,-,-,-,-,-,-,-,-,-,-,-,-,-,-,-,-,-,-,-,-,-,-,-,-,-,-,-,-,-,-,-,-,-,-,-,-,-,-,-,-,-,-,-,-,-,-,-,-,-,-,-,-,-,-,-,-,-
Beverages,Tea with foam,Tea topped with creamy milk foam layer,Beverages,Tea and related drinks,100%,1 medium cup (500ml) = 500ml,1 large cup (700ml) = 700ml,Lab Analysis,2023,Per 100ml,Per Serving (500ml),81,405,0.61,3.05,3.89,19.45,3.23,16.15,-,-,10.78,53.9,7.86,39.3,-,-,0.92,4.6,67,335,-,-,-,-,-,-,-,-,-,-,-,-,-,-,-,-,-,-,-,-,-,-,-,-,-,-,-,-,-,-,-,-,-,-,-,-,-,-,-,-,-,-,-,-,-,-,-,-,-,-,-,-,-,-,-,-,-,-,-,-,-,-
Beverages,Teh,Traditional tea with condensed milk and evaporated milk,Beverages,Tea and related drinks,100%,1 regular cup(s) = 250ml,1 large cup(s) = 300ml,Derived,2026,Per 100ml,Per Serving (250ml),60,150,0.53,1.33,1.91,4.77,0.97,2.43,0.01,0.03,10.33,25.83,9.37,23.42,-,-,-,-,-,-,89,223,18,45,0.24,0.6,90.58,226.45,-,-,-,-,-,-,-,-,-,-,0,0,0,0,0,0,0,0,7.58,18.95,1.76,4.4,-,-,-,-,-,-,-,-,-,-,-,-,-,-,-,-,-,-,-,-,-,-,-,-,-,-,-,-,-,-,-,-
Beverages,Teh C,Local tea with evaporated milk and sugar,Beverages,Tea and related drinks,100%,1 regular cup(s) = 250ml,1 large cup(s) = 300ml,Derived,2026,Per 100ml,Per Serving (250ml),50,125,0.74,1.85,1.36,3.4,0.71,1.78,0.01,0.03,8.72,21.8,7.29,18.23,-,-,-,-,-,-,77,193,32,80,Trace,Trace,92.07,230.17,-,-,-,-,-,-,-,-,-,-,0,0,0,0,0,0,0,0,5.9,14.75,1.35,3.38,-,-,-,-,-,-,-,-,-,-,-,-,-,-,-,-,-,-,-,-,-,-,-,-,-,-,-,-,-,-,-,-
Beverages,Teh C siu dai,Traditional tea with evaporated milk and less sugar,Beverages,Tea and related drinks,100%,1 regular cup(s) = 250ml,1 large cup(s) = 300ml,Derived,2026,Per 100ml,Per Serving (250ml),25,63,0.61,1.53,0.87,2.18,0.51,1.28,0.01,0.03,3.79,9.48,3.26,8.15,-,-,-,-,-,-,65,163,23,58,Trace,Trace,95.77,239.43,-,-,-,-,-,-,-,-,-,-,0,0,0,0,0,0,0,0,2.22,5.55,0.96,2.4,-,-,-,-,-,-,-,-,-,-,-,-,-,-,-,-,-,-,-,-,-,-,-,-,-,-,-,-,-,-,-,-
Beverages,Teh halia,"Traditional tea with condensed milk, evaporated milk and ginger",Beverages,Tea and related drinks,100%,1 regular cup(s) = 250ml,1 large cup(s) = 300ml,Derived,2026,Per 100ml,Per Serving (250ml),58,145,0.4,1,1.31,3.28,0.69,1.73,0.01,0.03,10.98,27.45,10.06,25.15,-,-,-,-,-,-,74,185,13,33,0.11,0.28,90.99,227.48,-,-,-,-,-,-,-,-,-,-,0.33,0.83,0,0,0,0,0,0,8.71,21.78,0.98,2.45,-,-,-,-,-,-,-,-,-,-,-,-,-,-,-,-,-,-,-,-,-,-,-,-,-,-,-,-,-,-,-,-
Beverages,Teh O,Local tea with sugar,Beverages,Tea and related drinks,100%,1 regular cup(s) = 250ml,1 large cup(s) = 300ml,Derived,2026,Per 100ml,Per Serving (250ml),19,48,0,0,0,0,0,0,0,0,4.85,12.12,4.02,10.05,-,-,-,-,-,-,16,40,1,3,0.19,0.48,96.23,240.58,-,-,-,-,-,-,-,-,-,-,0,0,0,0,0,0,0,0,4.02,10.05,0,0,-,-,-,-,-,-,-,-,-,-,-,-,-,-,-,-,-,-,-,-,-,-,-,-,-,-,-,-,-,-,-,-
Beverages,Teh O kosong,Local black tea with no sugar,Beverages,Tea and related drinks,100%,1 regular cup(s) = 250ml,1 large cup(s) = 300ml,Derived,2026,Per 100ml,Per Serving (250ml),2,5,0,0,0,0,0,0,0,0,0.62,1.55,0.24,0.6,-,-,-,-,-,-,14,35,2,5,0.07,0.18,99.68,249.2,-,-,-,-,-,-,-,-,-,-,0,0,0,0,0,0,0,0,0.24,0.6,0,0,-,-,-,-,-,-,-,-,-,-,-,-,-,-,-,-,-,-,-,-,-,-,-,-,-,-,-,-,-,-,-,-
Beverages,Teh O siu dai,Local black tea with less sugar/less sweet,Beverages,Tea and related drinks,100%,1 regular cup(s) = 250ml,1 large cup(s) = 300ml,Derived,2026,Per 100ml,Per Serving (250ml),17,43,0,0,0,0,0,0,0,0,4.13,10.33,3.78,9.45,-,-,-,-,-,-,17,43,2,5,0.07,0.18,97.19,242.98,-,-,-,-,-,-,-,-,-,-,0,0,0,0,0,0,0,0,3.78,9.45,0,0,-,-,-,-,-,-,-,-,-,-,-,-,-,-,-,-,-,-,-,-,-,-,-,-,-,-,-,-,-,-,-,-
Beverages,Teh siu dai,Local tea with condensed milk and less sugar/less sweet,Beverages,Tea and related drinks,100%,1 regular cup(s) = 250ml,1 large cup(s) = 300ml,Derived,2026,Per 100ml,Per Serving (250ml),39,98,0.3,0.75,1.12,2.8,0.58,1.45,0,0,7.02,17.55,6.53,16.33,-,-,-,-,-,-,67,168,9,23,0.06,0.15,93.98,234.95,-,-,-,-,-,-,-,-,-,-,0,0,0,0,0,0,0,0,5.5,13.75,1,2.5,-,-,-,-,-,-,-,-,-,-,-,-,-,-,-,-,-,-,-,-,-,-,-,-,-,-,-,-,-,-,-,-
Beverages,Teh Tarik,"Traditional tea with condensed milk, evaporated milk and a frothy texture from pulling",Beverages,Tea and related drinks,100%,1 small cup (150ml) = 150ml,1 medium cup (200ml) = 200ml,Lab Analysis,2023,Per 100ml,Per Serving (150ml),48,72,0.6,0.9,1.56,2.34,0.66,0.99,-,-,7.88,11.82,6.58,9.87,-,-,0.36,0.54,21,32,-,-,-,-,-,-,-,-,-,-,-,-,-,-,-,-,-,-,-,-,-,-,-,-,-,-,-,-,-,-,-,-,-,-,-,-,-,-,-,-,-,-,-,-,-,-,-,-,-,-,-,-,-,-,-,-,-,-,-,-,-,-
Beverages,Yuan yang,Traditional tea combined with coffee and condensed milk,Beverages,Tea and related drinks,100%,1 regular cup(s) = 250ml,1 large cup(s) = 300ml,Derived,2026,Per 100ml,Per Serving (250ml),57,143,0.47,1.17,1.6,4,0.79,1.98,Trace,Trace,10.03,25.08,7.8,19.5,-,-,-,-,-,-,88,220,10,25,0.18,0.45,91.39,228.48,-,-,-,-,-,-,-,-,-,-,0,0,0,0,0,0,0,0,6.53,16.33,1.28,3.2,-,-,-,-,-,-,-,-,-,-,-,-,-,-,-,-,-,-,-,-,-,-,-,-,-,-,-,-,-,-,-,-
Beverages,Yuan yang kosong,Traditional tea combined with coffee and no sugar,Beverages,Tea and related drinks,100%,1 small cup (150ml) = 150ml,1 medium cup (200ml) = 200ml,Lab Analysis,2010,Per 100ml,Per Serving (150ml),1,2,0.05,0.08,0.12,0.18,0,0,0,0,0,0,0,0,-,-,0,0,2,3,-,-,2,3,0.02,0.03,-,-,-,-,0,0,0,0,-,-,-,-,-,-,-,-,-,-,-,-,-,-,-,-,-,-,0,0,-,-,-,-,-,-,-,-,-,-,-,-,-,-,0,0,-,-,-,-,-,-,-,-,-,-,-,-
Beverages,Yuan yang siu dai,Traditional tea combined with coffee and less condensed milk,Beverages,Tea and related drinks,100%,1 regular cup(s) = 250ml,1 large cup(s) = 300ml,Derived,2026,Per 100ml,Per Serving (250ml),40,100,0.37,0.93,0.96,2.4,0.51,1.28,Trace,Trace,7.23,18.08,5.18,12.95,-,-,-,-,-,-,78,195,9,23,0.25,0.63,94.09,235.23,-,-,-,-,-,-,-,-,-,-,0,0,0,0,0,0,0,0,4.34,10.85,0.85,2.13,-,-,-,-,-,-,-,-,-,-,-,-,-,-,-,-,-,-,-,-,-,-,-,-,-,-,-,-,-,-,-,-
Beverages,Yuan yang O kosong,Traditional tea combined with coffee and no sugar,Beverages,Tea and related drinks,100%,1 regular cup(s) = 250ml,1 large cup(s) = 300ml,Derived,2026,Per 100ml,Per Serving (250ml),10,25,0.24,0.6,0.02,0.05,0.01,0.03,Trace,Trace,2.25,5.63,Trace,Trace,-,-,-,-,-,-,63,158,2,5,Trace,Trace,96.5,241.25,-,-,0.01,0.03,0.01,0.03,Trace,Trace,-,-,Trace,Trace,Trace,Trace,Trace,Trace,Trace,Trace,Trace,Trace,Trace,Trace,-,-,-,-,-,-,-,-,-,-,-,-,-,-,-,-,-,-,-,-,-,-,-,-,-,-,-,-,-,-,-,-
Beverages,Iced Yuan Yang O kosong,"Traditional tea combined with coffee and no sugar, served over ice",Beverages,Tea and related drinks,100%,1 regular cup(s) = 400ml,1 large cup(s) = 500ml,Derived,2026,Per 100ml,Per Serving (400ml),8,32,0.19,0.76,0.02,0.08,0.01,0.04,Trace,Trace,1.75,7,Trace,Trace,-,-,-,-,-,-,49,196,2,8,Trace,Trace,74.84,299.36,-,-,0.01,0.04,0.01,0.04,Trace,Trace,-,-,Trace,Trace,Trace,Trace,Trace,Trace,Trace,Trace,Trace,Trace,Trace,Trace,-,-,-,-,-,-,-,-,-,-,-,-,-,-,-,-,-,-,-,-,-,-,-,-,-,-,-,-,-,-,-,-
Beverages,Iced Kopi O kosong,"Traditional black coffee without sugar or milk, served over ice",Beverages,Coffee,100%,1 regular cup(s) = 400ml,1 large cup(s) = 500ml,Derived,2026,Per 100ml,Per Serving (400ml),10,40,0.21,0.84,Trace,Trace,Trace,Trace,0,0,2.25,9,0,0,-,-,-,-,-,-,55,220,2,8,Trace,Trace,75.42,301.68,-,-,Trace,Trace,Trace,Trace,-,-,-,-,0,0,0,0,0,0,0,0,0,0,0,0,-,-,-,-,-,-,-,-,-,-,-,-,-,-,-,-,-,-,-,-,-,-,-,-,-,-,-,-,-,-,-,-
Beverages,Iced Teh O,"Local tea with sugar, served over ice",Beverages,Tea and related drinks,100%,1 regular cup(s) = 400ml,1 large cup(s) = 500ml,Derived,2026,Per 100ml,Per Serving (400ml),15,60,Trace,Trace,Trace,Trace,Trace,Trace,0,0,3.76,15.04,3.12,12.48,-,-,-,-,-,-,12,48,1,4,0.15,0.6,74.63,298.52,-,-,Trace,Trace,Trace,Trace,-,-,-,-,0,0,0,0,0,0,0,0,3.12,12.48,0,0,-,-,-,-,-,-,-,-,-,-,-,-,-,-,-,-,-,-,-,-,-,-,-,-,-,-,-,-,-,-,-,-
Beverages,Iced Teh O kosong,"Local black tea with no sugar, served over ice",Beverages,Tea and related drinks,100%,1 regular cup(s) = 400ml,1 large cup(s) = 500ml,Derived,2026,Per 100ml,Per Serving (400ml),2,8,Trace,Trace,Trace,Trace,Trace,Trace,0,0,0.48,1.92,0.19,0.76,-,-,-,-,-,-,11,44,2,8,0.05,0.2,77.31,309.24,-,-,Trace,Trace,Trace,Trace,-,-,-,-,0,0,0,0,0,0,0,0,0.19,0.76,0,0,-,-,-,-,-,-,-,-,-,-,-,-,-,-,-,-,-,-,-,-,-,-,-,-,-,-,-,-,-,-,-,-
Beverages,Iced Teh C,"Local tea with evaporated milk and sugar, served over ice",Beverages,Tea and related drinks,100%,1 regular cup(s) = 400ml,1 large cup(s) = 500ml,Derived,2026,Per 100ml,Per Serving (400ml),39,156,0.57,2.28,1.05,4.2,0.55,2.2,0.01,0.04,6.76,27.04,5.65,22.6,-,-,-,-,-,-,60,240,25,100,Trace,Trace,71.41,285.64,-,-,Trace,Trace,Trace,Trace,-,-,-,-,0,0,0,0,0,0,0,0,4.58,18.32,1.05,4.2,-,-,-,-,-,-,-,-,-,-,-,-,-,-,-,-,-,-,-,-,-,-,-,-,-,-,-,-,-,-,-,-
Beverages,Iced Teh C kosong,"Local tea with evaporated milk and no sugar, served over ice",Beverages,Tea and related drinks,100%,1 regular cup(s) = 400ml,1 large cup(s) = 500ml,Derived,2026,Per 100ml,Per Serving (400ml),17,68,0.52,2.08,0.8,3.2,0.46,1.84,0.01,0.04,1.88,7.52,1.02,4.08,-,-,-,-,-,-,54,216,19,76,Trace,Trace,74.89,299.56,-,-,Trace,Trace,Trace,Trace,-,-,-,-,0,0,0,0,0,0,0,0,0.19,0.76,0.82,3.28,-,-,-,-,-,-,-,-,-,-,-,-,-,-,-,-,-,-,-,-,-,-,-,-,-,-,-,-,-,-,-,-
Beverages,Iced Teh C siu dai,"Traditional tea with evaporated milk and less sugar, served over ice",Beverages,Tea and related drinks,100%,1 regular cup(s) = 400ml,1 large cup(s) = 500ml,Derived,2026,Per 100ml,Per Serving (400ml),19,76,0.47,1.88,0.67,2.68,0.4,1.6,0.01,0.04,2.94,11.76,2.53,10.12,-,-,-,-,-,-,50,200,18,72,Trace,Trace,74.28,297.12,-,-,Trace,Trace,Trace,Trace,-,-,-,-,0,0,0,0,0,0,0,0,1.72,6.88,0.74,2.96,-,-,-,-,-,-,-,-,-,-,-,-,-,-,-,-,-,-,-,-,-,-,-,-,-,-,-,-,-,-,-,-
Beverages,Iced Teh halia,"Traditional tea with condensed milk, evaporated milk and ginger, served over ice",Beverages,Tea and related drinks,100%,1 regular cup(s) = 400ml,1 large cup(s) = 500ml,Derived,2026,Per 100ml,Per Serving (400ml),45,180,0.31,1.24,1.02,4.08,0.54,2.16,0.01,0.04,8.52,34.08,7.8,31.2,-,-,-,-,-,-,57,228,10,40,0.09,0.36,70.57,282.28,-,-,Trace,Trace,Trace,Trace,-,-,-,-,0.26,1.04,0,0,0,0,0,0,6.76,27.04,0.76,3.04,-,-,-,-,-,-,-,-,-,-,-,-,-,-,-,-,-,-,-,-,-,-,-,-,-,-,-,-,-,-,-,-
Beverages,Iced Teh siu dai,"Local tea with condensed milk and less sugar/less sweet, served over ice",Beverages,Tea and related drinks,100%,1 regular cup(s) = 400ml,1 large cup(s) = 500ml,Derived,2026,Per 100ml,Per Serving (400ml),30,120,0.23,0.92,0.87,3.48,0.45,1.8,0,0,5.44,21.76,5.06,20.24,-,-,-,-,-,-,52,208,7,28,0.05,0.2,72.89,291.56,-,-,Trace,Trace,Trace,Trace,-,-,-,-,0,0,0,0,0,0,0,0,4.27,17.08,0.78,3.12,-,-,-,-,-,-,-,-,-,-,-,-,-,-,-,-,-,-,-,-,-,-,-,-,-,-,-,-,-,-,-,-
Beverages,Iced Teh O siu dai,"Local black tea with less sugar/less sweet, served over ice",Beverages,Tea and related drinks,100%,1 regular cup(s) = 400ml,1 large cup(s) = 500ml,Derived,2026,Per 100ml,Per Serving (400ml),13,52,Trace,Trace,Trace,Trace,Trace,Trace,0,0,3.2,12.8,2.93,11.72,-,-,-,-,-,-,13,52,2,8,0.05,0.2,75.38,301.52,-,-,Trace,Trace,Trace,Trace,-,-,-,-,0,0,0,0,0,0,0,0,2.93,11.72,0,0,-,-,-,-,-,-,-,-,-,-,-,-,-,-,-,-,-,-,-,-,-,-,-,-,-,-,-,-,-,-,-,-
Beverages,Iced Yuan Yang,"Traditional tea combined with coffee and condensed milk, served over ice",Beverages,Tea and related drinks,100%,1 regular cup(s) = 400ml,1 large cup(s) = 500ml,Derived,2026,Per 100ml,Per Serving (400ml),44,176,0.36,1.44,1.24,4.96,0.61,2.44,Trace,Trace,7.78,31.12,6.05,24.2,-,-,-,-,-,-,68,272,8,32,0.14,0.56,70.88,283.52,-,-,Trace,Trace,Trace,Trace,-,-,-,-,0,0,0,0,0,0,0,0,5.06,20.24,0.99,3.96,-,-,-,-,-,-,-,-,-,-,-,-,-,-,-,-,-,-,-,-,-,-,-,-,-,-,-,-,-,-,-,-
Beverages,Iced Yuan Yang siu dai,"Traditional tea combined with coffee and less condensed milk, served over ice",Beverages,Tea and related drinks,100%,1 regular cup(s) = 400ml,1 large cup(s) = 500ml,Derived,2026,Per 100ml,Per Serving (400ml),31,124,0.29,1.16,0.74,2.96,0.4,1.6,Trace,Trace,5.61,22.44,4.02,16.08,-,-,-,-,-,-,60,240,7,28,0.19,0.76,72.97,291.88,-,-,Trace,Trace,Trace,Trace,-,-,-,-,0,0,0,0,0,0,0,0,3.37,13.48,0.66,2.64,-,-,-,-,-,-,-,-,-,-,-,-,-,-,-,-,-,-,-,-,-,-,-,-,-,-,-,-,-,-,-,-
Dairy and eggs,Flavoured oat milk,"Dairy-free, plant-based milk alternative made from oats and water with added flavours",Dairy and eggs,Dairy alternatives,100%,1 glass (250ml) = 250g,-,NIP,2025,Per 100g,Per Serving (250g),53,133,1.11,2.78,2.22,5.55,0,0,0,0,7.6,19,0,0,-,-,0.75,1.88,11,28,-,-,65,163,0.07,0.18,-,-,-,-,0,0,0,0,-,-,-,-,-,-,-,-,-,-,-,-,-,-,-,-,-,-,0,0,-,-,-,-,-,-,-,-,-,-,-,-,-,-,0,0,-,-,-,-,-,-,-,-,-,-,-,-
Dairy and eggs,Oat milk,"Dairy-free, plant-based milk alternative made from oats",Dairy and eggs,Dairy alternatives,100%,1 glass (250ml) = 250g,-,NIP,2025,Per 100g,Per Serving (250g),53,133,2.23,5.58,1.02,2.55,0.36,0.9,0,0,9,22.5,7.55,18.88,-,-,0.57,1.42,44,110,-,-,200,500,0,0,-,-,-,-,0,0,0,0,-,-,-,-,-,-,-,-,-,-,-,-,-,-,-,-,-,-,0,0,-,-,-,-,-,-,-,-,-,-,-,-,-,-,0,0,-,-,-,-,-,-,-,-,-,-,-,-
Dairy and eggs,Flavoured milk,Sweetened dairy drink made with milk and added flavours,Dairy and eggs,Dairy milk,100%,1 glass (250ml) = 250ml,-,NIP,2025,Per 100ml,Per Serving (250ml),69,173,2.4,6,1.72,4.3,1.06,2.65,0,0,10.76,26.9,9.75,24.38,-,-,0.09,0.23,46,115,-,-,150,375,1.13,2.82,-,-,-,-,0,0,0.21,0.53,-,-,-,-,-,-,-,-,-,-,-,-,-,-,-,-,-,-,156,390,-,-,-,-,-,-,-,-,-,-,-,-,-,-,0.09,0.23,-,-,-,-,-,-,-,-,-,-,-,-
Dairy and eggs,Milk,Fresh dairy milk with standard fat content,Dairy and eggs,Dairy milk,100%,1 glass (250ml) = 250ml,-,NIP,2025,Per 100ml,Per Serving (250ml),67,168,3.39,8.48,3.53,8.83,2.23,5.58,37.83,94.57,5.15,12.88,4.81,12.03,-,-,0,0,48,120,-,-,123,308,0,0,-,-,-,-,0,0,0,0,-,-,-,-,-,-,-,-,-,-,-,-,-,-,-,-,-,-,70.81,177.03,-,-,-,-,-,-,-,-,-,-,-,-,-,-,0,0,-,-,-,-,-,-,-,-,-,-,-,-
Dairy and eggs,Buttermilk,"Fermented dairy drink with a thick, creamy texture and tangy taste",Dairy and eggs,Dairy milk,100%,1 cup(s) = 245g,-,Borrowed,2025,Per 100g,Per Serving (245g),62,152,3.21,7.86,3.31,8.11,1.9,4.66,-,-,4.88,11.96,4.88,11.96,-,-,0,0,105,257,135,331,115,282,0.03,0.07,87.91,215.38,-,-,0.2,0.49,0.83,2.03,0,0,11,26.95,-,-,-,-,-,-,-,-,-,-,-,-,-,-,47,115.15,46,112.7,7,17.15,0.05,0.12,0.17,0.42,0.04,0.1,5,12.25,0.46,1.13,0,0,52,127.4,0.1,0.25,0.3,0.74,85,208,3.7,9.07,0.38,0.93
Dairy and eggs,Raita,"Indian yoghurt-based side dish with cucumber, tomatoes, and mild spices",Dairy and eggs,Dairy-based dishes,100%,1 bowl(s) = 280g,-,Lab Analysis,2024,Per 100g,Per Serving (280g),78,218,3.55,9.94,4.26,11.93,2.78,7.78,-,-,6.45,18.06,4.11,11.51,-,-,0.67,1.88,222,622,-,-,-,-,-,-,-,-,-,-,-,-,-,-,-,-,-,-,-,-,-,-,-,-,-,-,-,-,-,-,-,-,-,-,-,-,-,-,-,-,-,-,-,-,-,-,-,-,-,-,-,-,-,-,-,-,-,-,-,-,-,-
Dairy and eggs,Braised egg,Hard boiled egg braised in soya sauce,Dairy and eggs,Egg-based dishes,100%,1 whole = 36g,-,Lab Analysis,2025,Per 100g,Per Serving (36g),193,69,16.6,5.98,13.35,4.81,4.11,1.48,0.03,0.01,1.6,0.58,Trace,Trace,-,-,Trace,Trace,412,148,96,35,46,17,2.53,0.91,66.85,24.07,-,-,2.77,1,5.08,1.83,131.5,47.34,-,-,Trace,Trace,Trace,Trace,Trace,Trace,Trace,Trace,Trace,Trace,Trace,Trace,-,-,-,-,-,-,-,-,-,-,-,-,-,-,-,-,-,-,-,-,-,-,-,-,-,-,-,-,-,-,-,-
Dairy and eggs,Egg fuyong,"Egg omelette fried with peas, carrots, and prawns",Dairy and eggs,Egg-based dishes,100%,1 plate(s) = 373g,-,Derived,2026,Per 100g,Per Serving (373g),272,1015,10.46,39.02,24.64,91.91,11.23,41.89,Trace,Trace,2.11,7.87,0.47,1.75,-,-,1.76,6.56,426,1589,151,563,38,142,1.15,4.29,59.54,222.08,-,-,3.34,12.46,10.05,37.49,-,-,-,-,Trace,Trace,Trace,Trace,Trace,Trace,Trace,Trace,0.47,1.75,Trace,Trace,-,-,-,-,-,-,-,-,-,-,-,-,-,-,-,-,-,-,-,-,-,-,-,-,-,-,-,-,-,-,-,-
Dairy and eggs,Fried egg,Egg fried in cooking oil,Dairy and eggs,Egg-based dishes,100%,1 piece(s) = 39g,-,Lab Analysis,2025,Per 100g,Per Serving (39g),237,92,15.75,6.14,18.15,7.08,5.8,2.26,0.04,0.02,2.45,0.96,Trace,Trace,-,-,1.23,0.48,237,92,136,53,59,23,2.01,0.78,62.45,24.36,-,-,2.69,1.05,6.8,2.65,78,30.42,-,-,Trace,Trace,Trace,Trace,Trace,Trace,Trace,Trace,Trace,Trace,Trace,Trace,-,-,-,-,-,-,-,-,-,-,-,-,-,-,-,-,-,-,-,-,-,-,-,-,-,-,-,-,-,-,-,-
Dairy and eggs,Luncheon meat with egg,Sliced preserved meat fried with egg,Dairy and eggs,Egg-based dishes,100%,1 scoop(s) (serving spoon) = 100g,-,Lab Analysis,2010,Per 100g,Per Serving (100g),297,297,11.63,11.63,26.28,26.28,9.76,9.76,-,-,3.39,3.39,0.17,0.17,-,-,2.17,2.17,388,388,-,-,55,55,2,2,-,-,-,-,2.96,2.96,12.33,12.33,-,-,-,-,-,-,-,-,-,-,-,-,-,-,-,-,-,-,128.5,128.5,-,-,-,-,-,-,-,-,-,-,-,-,-,-,0,0,-,-,-,-,-,-,-,-,-,-,-,-
Dairy and eggs,Onion omelette,Beaten eggs cooked into folded flat shape with onion,Dairy and eggs,Egg-based dishes,100%,1 scoop(s) (serving spoon) = 100g,1 plate(s) = 227g,Lab Analysis,2025,Per 100g,Per Serving (100g),214,214,10.6,10.6,17.8,17.8,6.61,6.61,0.08,0.08,2.7,2.7,1.3,1.3,-,-,1.28,1.28,355,355,131,131,38,38,1.32,1.32,67.65,67.65,-,-,2.25,2.25,6.86,6.86,48,48,-,-,0.6,0.6,0.3,0.3,Trace,Trace,Trace,Trace,0.45,0.45,Trace,Trace,-,-,-,-,-,-,-,-,-,-,-,-,-,-,-,-,-,-,-,-,-,-,-,-,-,-,-,-,-,-,-,-
Dairy and eggs,Oyster omelette,Beaten eggs cooked into folded flat shape with oysters,Dairy and eggs,Egg-based dishes,100%,1 scoop(s) (serving spoon) = 100g,-,Lab Analysis,2010,Per 100g,Per Serving (100g),255,255,7.1,7.1,19.5,19.5,7.9,7.9,0,0,12.8,12.8,-,-,-,-,Trace,Trace,295,295,-,-,33,33,2.4,2.4,-,-,-,-,3,3,7.7,7.7,-,-,-,-,-,-,-,-,-,-,-,-,-,-,-,-,-,-,129,129,-,-,-,-,-,-,-,-,-,-,-,-,-,-,-,-,-,-,-,-,-,-,-,-,-,-,-,-
Dairy and eggs,Plain omelette,Beaten eggs cooked into folded flat shape without filling,Dairy and eggs,Egg-based dishes,100%,1 whole = 24g,-,Borrowed,2025,Per 100g,Per Serving (24g),165,40,12.2,2.93,13.1,3.14,5.2,1.25,-,-,0,0,Trace,Trace,-,-,Trace,Trace,145,35,-,-,48,12,1.4,0.34,-,-,-,-,1.3,0.31,5.1,1.22,-,-,-,-,-,-,-,-,-,-,-,-,-,-,-,-,-,-,149,35.76,-,-,-,-,-,-,-,-,-,-,-,-,-,-,0,0,-,-,-,-,-,-,-,-,-,-,-,-
Dairy and eggs,Prawn and green onion omelette,Beaten eggs cooked into folded flat shape with prawn and green onion,Dairy and eggs,Egg-based dishes,100%,1 scoop(s) (serving spoon) = 100g,-,Lab Analysis,2010,Per 100g,Per Serving (100g),352,352,13.38,13.38,33.13,33.13,13.08,13.08,-,-,0.15,0.15,0.15,0.15,-,-,0,0,183,183,-,-,75,75,2,2,-,-,-,-,3.8,3.8,14.79,14.79,-,-,-,-,-,-,-,-,-,-,-,-,-,-,-,-,-,-,173.53,173.53,-,-,-,-,-,-,-,-,-,-,-,-,-,-,0,0,-,-,-,-,-,-,-,-,-,-,-,-
Dairy and eggs,Sambal egg,Hard-boiled egg served with spicy sambal chilli gravy,Dairy and eggs,Egg-based dishes,100%,1 whole = 70g,-,Lab Analysis,2010,Per 100g,Per Serving (70g),95,67,6.1,4.27,5.8,4.06,1.9,1.33,-,-,4.6,3.22,0.4,0.28,-,-,0,0,664,465,-,-,61,43,2.7,1.89,-,-,-,-,0.8,0.56,2.1,1.47,-,-,-,-,-,-,-,-,-,-,-,-,-,-,-,-,-,-,163,114.1,-,-,-,-,-,-,-,-,-,-,-,-,-,-,Trace,Trace,-,-,-,-,-,-,-,-,-,-,-,-
Dairy and eggs,Scrambled egg,"Eggs scrambled with full cream milk, butter, salt and pepper",Dairy and eggs,Egg-based dishes,100%,1 piece(s) = 45g,1 plate(s) = 150g,Borrowed,2025,Per 100g,Per Serving (45g),149,67,9.99,4.5,10.98,4.94,3.33,1.5,0.62,0.28,1.61,0.72,1.39,0.63,-,-,0,0,145,65,-,-,66,30,1.31,0.59,-,-,-,-,2.43,1.09,4.44,2,-,-,-,-,-,-,-,-,-,-,-,-,-,-,-,-,-,-,161,72.45,-,-,-,-,-,-,-,-,-,-,-,-,-,-,0,0,-,-,-,-,-,-,-,-,-,-,-,-
Dairy and eggs,Steamed egg,Beaten eggs steamed until silky smooth,Dairy and eggs,Egg-based dishes,100%,1 scoop(s) (serving spoon) = 100g,-,Lab Analysis,2023,Per 100g,Per Serving (100g),72,72,5.96,5.96,4.86,4.86,1.3,1.3,-,-,0.87,0.87,0.23,0.23,-,-,0.91,0.91,316,316,-,-,-,-,-,-,-,-,-,-,-,-,-,-,-,-,-,-,-,-,-,-,-,-,-,-,-,-,-,-,-,-,-,-,-,-,-,-,-,-,-,-,-,-,-,-,-,-,-,-,-,-,-,-,-,-,-,-,-,-,-,-
Dairy and eggs,Steamed egg with tofu,Beaten eggs with tofu steamed until silky smooth,Dairy and eggs,Egg-based dishes,100%,1 scoop(s) (serving spoon) = 100g,-,Lab Analysis,2010,Per 100g,Per Serving (100g),97,97,6.88,6.88,7.47,7.47,1.99,1.99,-,-,0.49,0.49,0.18,0.18,-,-,0.38,0.38,394,394,-,-,27,27,1.2,1.2,-,-,-,-,2,2,3.15,3.15,-,-,-,-,-,-,-,-,-,-,-,-,-,-,-,-,-,-,125.5,125.5,-,-,-,-,-,-,-,-,-,-,-,-,-,-,Trace,Trace,-,-,-,-,-,-,-,-,-,-,-,-
Dairy and eggs,Tea leaf egg,"Hard-boiled egg with cracked shell simmered in a mixture of black tea leaves, soy sauce, star anise, salt, cinnamon stick and five-spiced powder",Dairy and eggs,Egg-based dishes,86%,1 whole = 63g,-,Lab Analysis,2010,Per 100g,Per Serving (63g),131,71,13.4,7.26,8.6,4.66,2.68,1.45,-,-,0,0,0,0,-,-,0,0,849,460,-,-,182,99,1.3,0.7,-,-,-,-,1.08,0.59,3.3,1.79,-,-,-,-,-,-,-,-,-,-,-,-,-,-,-,-,-,-,0,0,-,-,-,-,-,-,-,-,-,-,-,-,-,-,0,0,-,-,-,-,-,-,-,-,-,-,-,-
Dairy and eggs,Century egg,Preserved egg with dark jelly-like texture,Dairy and eggs,Eggs,51%,1 whole = 644g,-,Borrowed,2025,Per 100g,Per Serving (644g),165,542,13.9,45.65,9.3,30.54,-,-,-,-,6.5,21.35,-,-,-,-,0,0,385,1264,-,-,68,223,3.2,10.51,-,-,-,-,-,-,-,-,-,-,-,-,-,-,-,-,-,-,-,-,-,-,-,-,-,-,143,469.67,-,-,-,-,-,-,-,-,-,-,-,-,-,-,0,0,-,-,-,-,-,-,-,-,-,-,-,-
Dairy and eggs,"Hard-boiled chicken egg, whole",Whole chicken egg boiled in shell in unsalted water until both the white and yolk portions are completely set and cooked through.,Dairy and eggs,Eggs,88%,1 whole = 55g,-,Borrowed,2025,Per 100g,Per Serving (55g),155,75,12.58,6.09,10.61,5.14,3.27,1.58,-,-,1.12,0.54,-,-,-,-,0,0,124,60,126,61,50,24,1.19,0.58,74.62,36.12,-,-,1.41,0.68,4.08,1.97,5,2.42,373,180.53,-,-,-,-,-,-,-,-,-,-,-,-,-,-,149,72.12,148,71.63,11,5.32,0.07,0.03,0.51,0.25,0.12,0.06,44,21.3,1.11,0.54,0,0,87,42.11,1.53,0.74,0.3,0.15,172,83,30.8,14.91,1.05,0.51
Dairy and eggs,Salted egg yolk,Preserved egg yolk in salted brine,Dairy and eggs,Eggs,100%,1 whole = 17g,-,Borrowed,2025,Per 100g,Per Serving (17g),568,97,22.8,3.88,53,9.01,18.5,3.15,-,-,0,0,Trace,Trace,-,-,Trace,Trace,307,52,-,-,185,31,8.7,1.48,-,-,-,-,5.4,0.92,27.4,4.66,-,-,-,-,-,-,-,-,-,-,-,-,-,-,-,-,-,-,413,70.21,-,-,-,-,-,-,-,-,-,-,-,-,-,-,0,0,-,-,-,-,-,-,-,-,-,-,-,-
Dairy and eggs,"Soft-boiled chicken egg, whole",Whole hen egg simmered in hot water,Dairy and eggs,Eggs,88%,1 whole = 55g,-,Borrowed,2025,Per 100g,Per Serving (55g),143,69,12.51,6.05,9.47,4.58,3.11,1.51,Trace,Trace,0.71,0.34,0.37,0.18,-,-,0,0,297,144,138,67,56,27,1.75,0.85,75.85,36.71,-,-,1.9,0.92,3.64,1.76,58,28.07,370,179.08,0.37,0.18,0,0,0,0,0,0,0,0,0,0,-,-,160,77.44,159,76.96,0,0,0.03,0.01,0.39,0.19,0.14,0.07,35,16.94,0.71,0.34,0,0,82,39.69,1.55,0.75,0.3,0.15,197,95,30.6,14.81,1.29,0.62
Dairy and eggs,"Hard-boiled chicken egg, white","White portion of chicken eggs, separated from the yolk portion after being boiled in the shell in unsalted water, deshelled before serving",Dairy and eggs,Eggs,100%,1 whole = 37g,-,Borrowed,2025,Per 100g,Per Serving (37g),49,18,11.6,4.29,0,0,0,0,0,0,0.4,0.15,0.4,0.15,0,0,0,0,175,65,112,41,6,2,0.2,0.07,87,32.19,1.86,0.69,0,0,0,0,0,0,0,0,0.4,0.15,0,0,0,0,0,0,0,0,0,0,0,0,0,0,0,0,0,0,0,0,0.31,0.11,0,0,5,1.85,0.1,0.04,0,0,0,0,0,0,-,-,11,4,15,5.55,0,0
Dairy and eggs,"Quail egg, whole, raw","Fresh, small speckled egg from quail, displaying a cream-coloured shell with brown spots, containing rich yolk and clear white. Uncooked.",Dairy and eggs,Eggs,85%,1 whole = 9g,-,Borrowed,2025,Per 100g,Per Serving (9g),158,12,13.05,1,11.09,0.85,3.56,0.27,-,-,0.41,0.03,0.4,0.03,-,-,0,0,141,11,132,10,64,5,3.65,0.28,74.35,5.69,-,-,1.32,0.1,4.32,0.33,0,0,844,64.57,-,-,-,-,-,-,-,-,-,-,-,-,-,-,156,11.93,155,11.86,11,0.84,0.13,0.01,0.79,0.06,0.15,0.01,66,5.05,1.58,0.12,0,0,55,4.21,1.61,0.12,0.3,0.02,226,17,32,2.45,1.47,0.11
Desserts,Banana cake,"Moist cake made with ripe bananas, flour, butter or oil, eggs, baking soda or powder and salt",Desserts,Cakes,100%,1 slice(s) = 147g,-,Lab Analysis,2025,Per 100g,Per Serving (147g),379,557,5.38,7.91,21.65,31.83,9.27,13.63,0.39,0.57,40.65,59.76,23.35,34.32,-,-,Trace,Trace,210,309,130,191,19,28,0.78,1.15,31.4,46.16,-,-,2.37,3.48,5.9,8.67,33,48.51,-,-,0.8,1.18,0.8,1.18,Trace,Trace,Trace,Trace,21.75,31.97,Trace,Trace,-,-,-,-,-,-,-,-,-,-,-,-,-,-,-,-,-,-,-,-,-,-,-,-,-,-,-,-,-,-,-,-
Desserts,Butter cake,"Butter cake made from flour, eggs, sugar, condensed milk",Desserts,Cakes,100%,1 slice(s) = 65g,-,Lab Analysis,2025,Per 100g,Per Serving (65g),440,286,6.72,4.37,29.8,19.37,13.8,8.97,0.53,0.34,36.15,23.5,14.55,9.46,-,-,Trace,Trace,372,242,81,53,57,37,0.9,0.59,26.05,16.93,-,-,2.4,1.56,7.91,5.14,21,13.65,-,-,1.2,0.78,0.15,0.1,Trace,Trace,Trace,Trace,13.05,8.48,0.1,0.07,-,-,-,-,-,-,-,-,-,-,-,-,-,-,-,-,-,-,-,-,-,-,-,-,-,-,-,-,-,-,-,-
Desserts,Cheesecake,"Dessert made with cream cheese, eggs and sugar on biscuit base",Desserts,Cakes,100%,1 slice(s) = 105g,-,Lab Analysis,2025,Per 100g,Per Serving (105g),353,371,5.86,6.15,25.8,27.09,14.1,14.8,0.85,0.89,24.2,25.41,13.4,14.07,-,-,0.58,0.61,180,189,105,110,71,75,0.35,0.37,43.1,45.26,-,-,0.91,0.96,5.16,5.42,11,11.55,-,-,0.8,0.84,0.5,0.53,0.3,0.32,Trace,Trace,9.8,10.29,1.95,2.05,-,-,-,-,-,-,-,-,-,-,-,-,-,-,-,-,-,-,-,-,-,-,-,-,-,-,-,-,-,-,-,-
Desserts,Kueh lapis,"Indonesian layered cake made with butter, egg, sugar and flour",Desserts,Cakes,100%,1 piece(s) = 72g,-,Lab Analysis,2025,Per 100g,Per Serving (72g),442,318,8.35,6.01,33.1,23.83,15.5,11.16,0.46,0.33,27.7,19.94,18.6,13.39,-,-,0.82,0.59,282,203,150,108,59,42,1.66,1.2,29.7,21.38,-,-,2.79,2.01,9.92,7.14,69,49.68,-,-,0.4,0.29,Trace,Trace,0.3,0.22,Trace,Trace,17.4,12.53,0.6,0.43,-,-,-,-,-,-,-,-,-,-,-,-,-,-,-,-,-,-,-,-,-,-,-,-,-,-,-,-,-,-,-,-
Desserts,Pandan chiffon cake,"Green spongy cake made with pandan flavoring, baked",Desserts,Cakes,100%,1 slice(s) = 44g,-,Lab Analysis,2025,Per 100g,Per Serving (44g),312,137,9.19,4.04,14.9,6.56,7.23,3.18,0.07,0.03,35.15,15.47,19.7,8.67,-,-,1.82,0.8,214,94,189,83,47,21,1.52,0.67,39.5,17.38,-,-,2.22,0.98,4.21,1.85,73.5,32.34,-,-,Trace,Trace,0.3,0.13,0.2,0.09,Trace,Trace,19.2,8.45,Trace,Trace,-,-,-,-,-,-,-,-,-,-,-,-,-,-,-,-,-,-,-,-,-,-,-,-,-,-,-,-,-,-,-,-
Desserts,Pandan kaya cake,Local pandan kaya cake,Desserts,Cakes,100%,1 slice(s) = 89g,-,Lab Analysis,2010,Per 100g,Per Serving (89g),248,221,4.3,3.83,14.1,12.55,10.49,9.34,-,-,26,23.14,17.1,15.22,-,-,1.7,1.51,125,111,-,-,38,34,0.6,0.53,-,-,-,-,0.48,0.43,2.31,2.06,-,-,-,-,-,-,-,-,-,-,-,-,-,-,-,-,-,-,78,69.42,-,-,-,-,-,-,-,-,-,-,-,-,-,-,0,0,-,-,-,-,-,-,-,-,-,-,-,-
Desserts,Steamed sponge cake,Steamed egg sponge cake,Desserts,Cakes,100%,1 slice(s) = 40g,-,Lab Analysis,2010,Per 100g,Per Serving (40g),319,128,7.1,2.84,13.3,5.32,5.49,2.2,0.01,Trace,42.8,17.12,24.5,9.8,-,-,0.5,0.2,266,106,-,-,65,26,0.9,0.36,-,-,-,-,1.43,0.57,5.76,2.3,-,-,-,-,-,-,-,-,-,-,-,-,-,-,-,-,-,-,67,26.8,-,-,-,-,-,-,-,-,-,-,-,-,-,-,0,0,-,-,-,-,-,-,-,-,-,-,-,-
Desserts,Chendol,"Icy dessert served with grass jelly, red bean, jelly in a sweet coconut milk base",Desserts,Ice confections,100%,1 bowl(s) = 423g,-,Lab Analysis,2025,Per 100g,Per Serving (423g),88,372,1.47,6.22,3.15,13.32,2.55,10.79,Trace,Trace,13.4,56.68,4.65,19.67,-,-,3.34,14.13,51,216,108,457,8,34,0.49,2.07,81.55,344.96,-,-,0.05,0.21,0.18,0.76,Trace,Trace,-,-,0.25,1.06,1.2,5.08,Trace,Trace,Trace,Trace,3.15,13.32,Trace,Trace,-,-,-,-,-,-,-,-,-,-,-,-,-,-,-,-,-,-,-,-,-,-,-,-,-,-,-,-,-,-,-,-
Desserts,Fruit sorbet,"Dairy-free alternative frozen dessert made from fruit puree, water and sugar",Desserts,Ice confections,100%,1 cup(s) = 198g,-,Borrowed,2025,Per 100g,Per Serving (198g),97,192,0.2,0.4,0.3,0.59,-,-,-,-,24.8,49.1,23.3,46.13,-,-,Trace,Trace,10,20,-,-,8,16,Trace,Trace,-,-,-,-,-,-,-,-,-,-,-,-,-,-,-,-,-,-,-,-,-,-,-,-,-,-,-,-,-,-,-,-,-,-,-,-,-,-,-,-,-,-,12,23.76,-,-,-,-,-,-,-,-,-,-,-,-
Desserts,Ice cream,"Frozen dairy dessert made with heavy cream, whole milk, sugar, vanilla extract and eggs",Desserts,Ice confections,100%,1 scoop(s) = 60g,-,Borrowed,2025,Per 100g,Per Serving (60g),226,136,3.3,1.98,14.2,8.52,11.2,6.72,-,-,22.8,13.68,22.8,13.68,-,-,Trace,Trace,84,50,-,-,110,66,0.5,0.3,-,-,-,-,0.4,0.24,1.8,1.08,-,-,-,-,-,-,-,-,-,-,-,-,-,-,-,-,-,-,2.83,1.7,-,-,-,-,-,-,-,-,-,-,-,-,-,-,0,0,-,-,-,-,-,-,-,-,-,-,-,-
Desserts,Ice jelly,"Ice jelly, served with tinned fruit",Desserts,Ice confections,100%,1 bowl(s) = 275g,-,Lab Analysis,2010,Per 100g,Per Serving (275g),44,121,0.16,0.44,0.03,0.08,0.01,0.03,-,-,10.81,29.73,10.47,28.79,-,-,0.47,1.29,1,3,-,-,2,6,0.11,0.3,-,-,-,-,0,0,Trace,Trace,-,-,-,-,-,-,-,-,-,-,-,-,-,-,-,-,-,-,17.36,47.74,-,-,-,-,-,-,-,-,-,-,-,-,-,-,-,-,-,-,-,-,-,-,-,-,-,-,-,-
Desserts,Ice kacang,"Local dessert, featuring shaved ice, red beans, sweet corn, and grass jelly, topped with gula melaka or other types of coloured sugar syrups, and evaporated/condensed milk",Desserts,Ice confections,100%,1 bowl(s) = 425g,-,Lab Analysis,2010,Per 100g,Per Serving (425g),63,268,1.2,5.1,0.3,1.28,0.12,0.51,-,-,14.1,59.93,9.5,40.38,-,-,2.6,11.05,27,115,-,-,12,51,0.5,2.13,-,-,-,-,0.06,0.26,0.1,0.43,-,-,-,-,-,-,-,-,-,-,-,-,-,-,-,-,-,-,Trace,Trace,-,-,-,-,-,-,-,-,-,-,-,-,-,-,Trace,Trace,-,-,-,-,-,-,-,-,-,-,-,-
Desserts,Ice soursop,"Local dessert, fresh soursop on top of ice, usually added with sugar syrup",Desserts,Ice confections,100%,1 bowl(s) = 299g,-,Lab Analysis,2010,Per 100g,Per Serving (299g),68,203,0.25,0.75,0.47,1.41,Trace,Trace,-,-,15.6,46.64,15.6,46.64,-,-,0.54,1.61,8,24,-,-,9,27,Trace,Trace,-,-,-,-,Trace,Trace,Trace,Trace,-,-,-,-,-,-,-,-,-,-,-,-,-,-,-,-,-,-,Trace,Trace,-,-,-,-,-,-,-,-,-,-,-,-,-,-,10.9,32.59,-,-,-,-,-,-,-,-,-,-,-,-
Desserts,Ice sweetcorn,"Canned sweetcorn, on top of ice, with added evaporated milk and sugar syrup",Desserts,Ice confections,100%,1 bowl(s) = 292g,-,Lab Analysis,2010,Per 100g,Per Serving (292g),56,164,1.06,3.1,2.44,7.12,1.57,4.58,-,-,7.53,21.99,5.15,15.04,-,-,2.32,6.77,66,193,-,-,29,85,Trace,Trace,-,-,-,-,0.27,0.79,0.47,1.37,-,-,-,-,-,-,-,-,-,-,-,-,-,-,-,-,-,-,28.1,82.05,-,-,-,-,-,-,-,-,-,-,-,-,-,-,Trace,Trace,-,-,-,-,-,-,-,-,-,-,-,-
Desserts,Potong ice cream,Traditional Southeast Asian ice cream bar on wooden stick,Desserts,Ice confections,100%,1 stick(s) = 74g,-,NIP,2025,Per 100g,Per Serving (74g),138,102,1.7,1.26,6.76,5,5.79,4.28,0,0,17.49,12.94,12.93,9.57,-,-,1.6,1.18,21,16,-,-,23,17,0.38,0.28,-,-,-,-,0.1,0.07,0.48,0.36,-,-,-,-,-,-,-,-,-,-,-,-,-,-,-,-,-,-,3.4,2.52,-,-,-,-,-,-,-,-,-,-,-,-,-,-,0.15,0.11,-,-,-,-,-,-,-,-,-,-,-,-
Desserts,Sea coconut dessert,Crushed ice topped with canned sea coconut - no added sugar and jelly,Desserts,Ice confections,100%,1 bowl(s) = 250g,-,Lab Analysis,2010,Per 100g,Per Serving (250g),55,138,0.19,0.48,0,0,0,0,-,-,13.69,34.23,9.06,22.65,-,-,0.39,0.98,5,13,-,-,3,8,0.06,0.15,-,-,-,-,0,0,0,0,-,-,-,-,-,-,-,-,-,-,-,-,-,-,-,-,-,-,0,0,-,-,-,-,-,-,-,-,-,-,-,-,-,-,-,-,-,-,-,-,-,-,-,-,-,-,-,-
Desserts,Soft serve ice cream,Soft serve vanilla ice cream served on cone,Desserts,Ice confections,100%,1 cone(s) = 103g,-,Borrowed,2025,Per 100g,Per Serving (103g),143,147,3,3.09,3.88,4,1.94,2,0.08,0.08,23.3,24,19.6,20.19,-,-,2.91,3,58,60,-,-,149,153,0.15,0.15,-,-,-,-,0.22,0.23,1.18,1.22,-,-,-,-,-,-,-,-,-,-,-,-,-,-,-,-,-,-,45,46.35,-,-,-,-,-,-,-,-,-,-,-,-,-,-,1.1,1.13,-,-,-,-,-,-,-,-,-,-,-,-
Desserts,Thai coconut ice cream with toppings,"Coconut ice cream with traditional Thai toppings (e.g. peanuts, palm seeds, etc)",Desserts,Ice confections,100%,1 bowl(s) = 194g,-,Lab Analysis,2010,Per 100g,Per Serving (194g),115,223,2.4,4.66,9.23,17.91,7.47,14.49,0.01,0.02,5.7,11.06,4.5,8.73,-,-,1.7,3.3,64,124,-,-,34,66,0.63,1.22,-,-,-,-,0.55,1.07,1.2,2.33,-,-,-,-,-,-,-,-,-,-,-,-,-,-,-,-,-,-,12.1,23.47,-,-,-,-,-,-,-,-,-,-,-,-,-,-,0.5,0.97,-,-,-,-,-,-,-,-,-,-,-,-
Desserts,Wafer ice cream sandwich,Local ice cream with 2 thin wafer biscuits,Desserts,Ice confections,100%,1 piece(s) = 110g,-,Borrowed,2025,Per 100g,Per Serving (110g),348,383,10.1,11.11,0.7,0.77,0.16,0.18,-,-,78.8,86.68,1.1,1.21,-,-,1.4,1.54,93,102,-,-,170,187,2,2.2,-,-,-,-,0.47,0.52,0.08,0.09,-,-,-,-,-,-,-,-,-,-,-,-,-,-,-,-,-,-,0,0,-,-,-,-,-,-,-,-,-,-,-,-,-,-,0,0,-,-,-,-,-,-,-,-,-,-,-,-
Desserts,Agar-Agar,Layers of multi-coloured jelly,Desserts,Jellies and puddings,100%,1 piece(s) = 50g,-,Lab Analysis,2010,Per 100g,Per Serving (50g),77,39,0.2,0.1,0.2,0.1,0.15,0.08,-,-,18.6,9.3,15.7,7.85,-,-,0.5,0.25,7,4,-,-,2,1,0.3,0.15,-,-,-,-,0,0,0.01,0.01,-,-,-,-,-,-,-,-,-,-,-,-,-,-,-,-,-,-,Trace,Trace,-,-,-,-,-,-,-,-,-,-,-,-,-,-,Trace,Trace,-,-,-,-,-,-,-,-,-,-,-,-
Desserts,Aiyu jelly with toppings,"Natural fig seed jelly dessert served with assorted toppings like grass jelly, pearls, fresh fruits or flavoured syrups",Desserts,Jellies and puddings,100%,1 bowl(s) = 359g,-,Lab Analysis,2010,Per 100g,Per Serving (359g),105,377,0.5,1.8,6.79,24.38,1.72,6.17,Trace,Trace,10.5,37.7,9.2,33.03,-,-,1.2,4.31,9,32,-,-,7,25,0.22,0.79,-,-,-,-,2.44,8.76,2.63,9.44,-,-,-,-,-,-,-,-,-,-,-,-,-,-,-,-,-,-,-,-,-,-,-,-,-,-,-,-,-,-,-,-,-,-,-,-,-,-,-,-,-,-,-,-,-,-,-,-
Desserts,Beancurd with toppings,"Soybean pudding served with assorted toppings like grass jelly, pearls, fresh fruits or flavoured syrups",Desserts,Jellies and puddings,100%,1 bowl(s) = 392g,-,Lab Analysis,2010,Per 100g,Per Serving (392g),42,165,2.5,9.8,1.34,5.25,0.67,2.63,0.01,0.04,5,19.6,2.7,10.58,-,-,1.9,7.45,13,51,-,-,30,118,0.57,2.23,-,-,-,-,0.45,1.76,0.21,0.82,-,-,-,-,-,-,-,-,-,-,-,-,-,-,-,-,-,-,2.6,10.19,-,-,-,-,-,-,-,-,-,-,-,-,-,-,Trace,Trace,-,-,-,-,-,-,-,-,-,-,-,-
Desserts,Durian pudding,Pudding made from durian and sugar,Desserts,Jellies and puddings,100%,1 cup(s) = 189g,-,Lab Analysis,2010,Per 100g,Per Serving (189g),139,263,3,5.67,4.4,8.32,2.76,5.22,-,-,21.9,41.39,12.3,23.25,-,-,2.8,5.29,48,91,-,-,50,95,0.1,0.19,-,-,-,-,0.08,0.15,0.54,1.02,-,-,-,-,-,-,-,-,-,-,-,-,-,-,-,-,-,-,2,3.78,-,-,-,-,-,-,-,-,-,-,-,-,-,-,1.3,2.46,-,-,-,-,-,-,-,-,-,-,-,-
Desserts,Grass jelly with toppings,"Grass jelly dessert served with assorted toppings like red bean, pearls, fresh fruits or flavoured syrups",Desserts,Jellies and puddings,100%,1 bowl(s) = 381g,-,Lab Analysis,2010,Per 100g,Per Serving (381g),32,122,0.7,2.67,0.04,0.15,0.02,0.08,Trace,Trace,7.1,27.05,5.4,20.57,-,-,1.7,6.48,37,141,-,-,5,19,0.46,1.75,-,-,-,-,0.02,0.08,Trace,Trace,-,-,-,-,-,-,-,-,-,-,-,-,-,-,-,-,-,-,Trace,Trace,-,-,-,-,-,-,-,-,-,-,-,-,-,-,Trace,Trace,-,-,-,-,-,-,-,-,-,-,-,-
Desserts,Herbal jelly with syrup,"Chinese herbal jelly, made of tortoise shell extract, chinese herbs, with added sugar syrup or honey",Desserts,Jellies and puddings,100%,1 bowl(s) = 237g,-,Lab Analysis,2010,Per 100g,Per Serving (237g),30,71,0.13,0.31,0,0,Trace,Trace,-,-,7.34,17.4,6.58,15.59,-,-,0,0,9,21,-,-,11,26,1.21,2.87,-,-,-,-,Trace,Trace,Trace,Trace,-,-,-,-,-,-,-,-,-,-,-,-,-,-,-,-,-,-,Trace,Trace,-,-,-,-,-,-,-,-,-,-,-,-,-,-,0,0,-,-,-,-,-,-,-,-,-,-,-,-
Desserts,Kesari,"Indian semolina dessert cooked with ghee, sugar and saffron",Desserts,Jellies and puddings,100%,1 plate(s) = 107g,-,Lab Analysis,2023,Per 100g,Per Serving (107g),244,261,3.06,3.27,7.63,8.16,4.16,4.45,-,-,40.85,43.71,15.53,16.62,-,-,1.13,1.21,23,25,-,-,-,-,-,-,-,-,-,-,-,-,-,-,-,-,-,-,-,-,-,-,-,-,-,-,-,-,-,-,-,-,-,-,-,-,-,-,-,-,-,-,-,-,-,-,-,-,-,-,-,-,-,-,-,-,-,-,-,-,-,-
Desserts,Tau huey,Soya bean curd with syrup,Desserts,Jellies and puddings,100%,1 bowl(s) = 412g,-,Lab Analysis,2025,Per 100g,Per Serving (412g),55,227,2.97,12.24,1.85,7.62,0.27,1.11,Trace,Trace,6.7,27.6,2.4,9.89,-,-,3.28,13.51,Trace,Trace,133,548,27,111,0.56,2.31,88.15,363.18,-,-,0.99,4.08,0.42,1.73,Trace,Trace,-,-,Trace,Trace,2.4,9.89,Trace,Trace,Trace,Trace,Trace,Trace,Trace,Trace,-,-,-,-,-,-,-,-,-,-,-,-,-,-,-,-,-,-,-,-,-,-,-,-,-,-,-,-,-,-,-,-
Desserts,Honey toast,Thick-cut toast drizzled with honey,Desserts,Other desserts,100%,1 plate(s) = 314g,-,Lab Analysis,2018,Per 100g,Per Serving (314g),289,907,7.2,22.61,11.43,35.89,7.79,24.46,0.27,0.85,39.4,123.72,14.6,45.84,-,-,0.6,1.88,373,1171,-,-,64,201,1.19,3.74,-,-,-,-,0.7,2.2,2.67,8.38,-,-,-,-,-,-,-,-,-,-,-,-,-,-,-,-,-,-,61.15,192.01,-,-,-,-,-,-,-,-,-,-,-,-,-,-,0,0,-,-,-,-,-,-,-,-,-,-,-,-
Desserts,Beancurd skin and gingko nuts dessert,Sweet dessert soup made from boiling gingko nuts and fuchok in water and sugar,Desserts,Soup desserts,100%,1 bowl(s) = 307g,-,Lab Analysis,2010,Per 100g,Per Serving (307g),33,101,1.69,5.19,1.06,3.25,0.16,0.49,-,-,4.04,12.4,3.02,9.27,-,-,0.58,1.78,26,80,-,-,55,169,0.69,2.12,-,-,-,-,0.61,1.87,0.24,0.74,-,-,-,-,-,-,-,-,-,-,-,-,-,-,-,-,-,-,Trace,Trace,-,-,-,-,-,-,-,-,-,-,-,-,-,-,Trace,Trace,-,-,-,-,-,-,-,-,-,-,-,-
Desserts,Black sesame paste,"Smooth, thick dessert soup made from ground black sesame seeds, water and sugar",Desserts,Soup desserts,100%,1 bowl(s) = 273g,-,Lab Analysis,2018,Per 100g,Per Serving (273g),92,251,2.1,5.73,4.89,13.35,0.76,2.07,-,-,9.8,26.75,7.7,21.02,-,-,1.6,4.37,2,5,-,-,94,257,0.63,1.72,-,-,-,-,2.19,5.98,1.94,5.3,-,-,-,-,-,-,-,-,-,-,-,-,-,-,-,-,-,-,-,-,-,-,-,-,-,-,-,-,-,-,-,-,-,-,-,-,-,-,-,-,-,-,-,-,-,-,-,-
Desserts,Bo bo cha cha,Yam and sweet potatoes cubes boiled in coconut milk served with tapioca cubes,Desserts,Soup desserts,100%,1 bowl(s) = 355g,-,Lab Analysis,2010,Per 100g,Per Serving (355g),151,536,1.9,6.75,9.5,33.73,8.48,30.1,-,-,14.7,52.18,10.7,37.99,-,-,2.3,8.17,36,128,-,-,9,32,0.5,1.78,-,-,-,-,0.18,0.64,0.62,2.2,-,-,-,-,-,-,-,-,-,-,-,-,-,-,-,-,-,-,38,134.9,-,-,-,-,-,-,-,-,-,-,-,-,-,-,0.2,0.71,-,-,-,-,-,-,-,-,-,-,-,-
Desserts,Bubur kacang,"Malay dessert soup made with various beans, sweet potatoes and sago pearls in coconut milk",Desserts,Soup desserts,100%,1 bowl(s) = 364g,-,Lab Analysis,2010,Per 100g,Per Serving (364g),104,379,4.63,16.85,3.2,11.65,2.57,9.35,-,-,14.05,51.14,6.42,23.37,-,-,4.34,15.8,19,69,-,-,47,171,1.12,4.08,-,-,-,-,0.27,0.98,0.18,0.66,-,-,-,-,-,-,-,-,-,-,-,-,-,-,-,-,-,-,28.8,104.83,-,-,-,-,-,-,-,-,-,-,-,-,-,-,0,0,-,-,-,-,-,-,-,-,-,-,-,-
Desserts,Bubur terigu,Sweet wheat flour porridge with coconut milk,Desserts,Soup desserts,100%,1 bowl(s) = 400g,-,Lab Analysis,2010,Per 100g,Per Serving (400g),84,336,1.1,4.4,0.8,3.2,0.49,1.96,-,-,18.1,72.4,9.8,39.2,-,-,1.2,4.8,10,40,-,-,6,24,0.1,0.4,-,-,-,-,0.05,0.2,0.04,0.16,-,-,-,-,-,-,-,-,-,-,-,-,-,-,-,-,-,-,Trace,Trace,-,-,-,-,-,-,-,-,-,-,-,-,-,-,Trace,Trace,-,-,-,-,-,-,-,-,-,-,-,-
Desserts,Cheng tng,"Clear soup sweetened with rock sugar, served with lotus seeds, white fungus and longan",Desserts,Soup desserts,100%,1 bowl(s) = 390g,-,Lab Analysis,2025,Per 100g,Per Serving (390g),51,199,0.26,1.01,Trace,Trace,0.01,0.04,Trace,Trace,12.3,47.97,5.85,22.82,-,-,1.7,6.63,3,12,47,183,9,35,Trace,Trace,87.2,340.08,-,-,0.01,0.04,0.02,0.08,Trace,Trace,-,-,0.7,2.73,2.5,9.75,Trace,Trace,Trace,Trace,2.6,10.14,Trace,Trace,-,-,-,-,-,-,-,-,-,-,-,-,-,-,-,-,-,-,-,-,-,-,-,-,-,-,-,-,-,-,-,-
Desserts,Green bean soup,Sweet dessert soup made from boiling green beans in water and sugar,Desserts,Soup desserts,100%,1 bowl(s) = 376g,-,Lab Analysis,2025,Per 100g,Per Serving (376g),65,244,1.93,7.26,0.1,0.38,0.03,0.11,Trace,Trace,14,52.64,6.1,22.94,-,-,2.28,8.57,4,15,107,402,8,30,0.28,1.05,83.6,314.34,-,-,0.06,0.23,0.01,0.04,Trace,Trace,-,-,Trace,Trace,Trace,Trace,Trace,Trace,Trace,Trace,4.95,18.61,Trace,Trace,-,-,-,-,-,-,-,-,-,-,-,-,-,-,-,-,-,-,-,-,-,-,-,-,-,-,-,-,-,-,-,-
Desserts,Honeydew sago,"Dessert made with diced honeydew, sago and coconut milk",Desserts,Soup desserts,100%,1 bowl(s) = 256g,-,Lab Analysis,2010,Per 100g,Per Serving (256g),46,118,0.5,1.28,2.8,7.17,2.4,6.14,-,-,4.7,12.03,4.3,11.01,-,-,0.6,1.54,4,10,-,-,5,13,0.2,0.51,-,-,-,-,Trace,Trace,0.2,0.51,-,-,-,-,-,-,-,-,-,-,-,-,-,-,-,-,-,-,0,0,-,-,-,-,-,-,-,-,-,-,-,-,-,-,Trace,Trace,-,-,-,-,-,-,-,-,-,-,-,-
Desserts,Mango pomelo sago dessert,"Chilled sweet soup with fresh mango, pomelo pulp and sago pearls",Desserts,Soup desserts,100%,1 bowl(s) = 314g,-,Lab Analysis,2010,Per 100g,Per Serving (314g),51,160,0.4,1.26,0.94,2.95,0.8,2.51,Trace,Trace,10.2,32.03,9.9,31.09,-,-,1.2,3.77,7,22,-,-,12,38,0.19,0.6,-,-,-,-,0.03,0.09,0.11,0.35,-,-,-,-,-,-,-,-,-,-,-,-,-,-,-,-,-,-,81.5,255.91,-,-,-,-,-,-,-,-,-,-,-,-,-,-,5.9,18.53,-,-,-,-,-,-,-,-,-,-,-,-
Desserts,Orh nee,"Yam paste, topped with gingko nuts and mashed pumpkin flesh",Desserts,Soup desserts,100%,1 bowl(s) = 150g,-,Lab Analysis,2010,Per 100g,Per Serving (150g),237,356,1.5,2.25,12.2,18.3,5.1,7.65,-,-,30.5,45.75,20.6,30.9,-,-,2.4,3.6,1,2,-,-,26,39,0.5,0.75,-,-,-,-,1.6,2.4,5,7.5,-,-,-,-,-,-,-,-,-,-,-,-,-,-,-,-,-,-,49,73.5,-,-,-,-,-,-,-,-,-,-,-,-,-,-,Trace,Trace,-,-,-,-,-,-,-,-,-,-,-,-
Desserts,Peach gum dessert,"Chinese sweet soup with peach gum, white fungus, and dried longan",Desserts,Soup desserts,100%,1 bowl(s) = 331g,-,Lab Analysis,2024,Per 100g,Per Serving (331g),38,126,0.25,0.83,0,0,0,0,-,-,9.27,30.68,8.69,28.76,-,-,2.11,6.98,5,17,-,-,-,-,-,-,-,-,-,-,-,-,-,-,-,-,-,-,-,-,-,-,-,-,-,-,-,-,-,-,-,-,-,-,-,-,-,-,-,-,-,-,-,-,-,-,-,-,-,-,-,-,-,-,-,-,-,-,-,-,-,-
Desserts,Peanut paste,"Smooth, thick dessert soup made from ground peanuts and sugar",Desserts,Soup desserts,100%,1 bowl(s) = 287g,-,Lab Analysis,2018,Per 100g,Per Serving (287g),115,330,3.9,11.19,6.61,18.97,1.35,3.87,0.02,0.06,9.9,28.41,7.4,21.24,-,-,1.3,3.73,6,17,-,-,11,32,0.49,1.41,-,-,-,-,2.27,6.51,2.97,8.52,-,-,-,-,-,-,-,-,-,-,-,-,-,-,-,-,-,-,-,-,-,-,-,-,-,-,-,-,-,-,-,-,-,-,-,-,-,-,-,-,-,-,-,-,-,-,-,-
Desserts,Pengat,"Pumpkin with sweet potato, cooked in coconut milk and sugar",Desserts,Soup desserts,100%,1 bowl(s) = 200g,-,Lab Analysis,2010,Per 100g,Per Serving (200g),182,364,1.3,2.6,14.49,28.98,12.83,25.66,-,-,11.83,23.66,7.45,14.9,-,-,1.18,2.36,58,116,-,-,8,16,0.69,1.38,-,-,-,-,0.17,0.34,0.61,1.22,-,-,-,-,-,-,-,-,-,-,-,-,-,-,-,-,-,-,78.85,157.7,-,-,-,-,-,-,-,-,-,-,-,-,-,-,4.55,9.1,-,-,-,-,-,-,-,-,-,-,-,-
Desserts,Pulut hitam,Sweet dessert made from black glutinous rice porridge with coconut milk and sugar,Desserts,Soup desserts,100%,1 bowl(s) = 425g,-,Lab Analysis,2018,Per 100g,Per Serving (425g),71,302,1.2,5.1,1.22,5.19,0.98,4.17,0.01,0.04,13.9,59.08,7.6,32.3,-,-,0.2,0.85,26,111,-,-,4,17,0.21,0.89,-,-,-,-,0.08,0.34,0.12,0.51,-,-,-,-,-,-,-,-,-,-,-,-,-,-,-,-,-,-,-,-,-,-,-,-,-,-,-,-,-,-,-,-,-,-,-,-,-,-,-,-,-,-,-,-,-,-,-,-
Desserts,Red bean soup,Sweet dessert soup made from boiling red beans in water and sugar,Desserts,Soup desserts,100%,1 bowl(s) = 379g,-,Lab Analysis,2025,Per 100g,Per Serving (379g),81,307,2.84,10.76,0.2,0.76,0.04,0.15,Trace,Trace,16.95,64.24,5,18.95,-,-,7.81,29.6,5,19,174,659,14,53,0.83,3.15,79.45,301.12,-,-,0.07,0.27,0.02,0.08,Trace,Trace,-,-,Trace,Trace,2.1,7.96,Trace,Trace,Trace,Trace,2.6,9.85,Trace,Trace,-,-,-,-,-,-,-,-,-,-,-,-,-,-,-,-,-,-,-,-,-,-,-,-,-,-,-,-,-,-,-,-
Desserts,Red ruby dessert,"Diced water chestnut, coated with tapoica flour and red colouring on top of ice, with added coconut milk and sugar syrup",Desserts,Soup desserts,100%,1 bowl(s) = 389g,-,Lab Analysis,2010,Per 100g,Per Serving (389g),76,296,0.63,2.45,5.58,21.71,5.26,20.46,-,-,5.83,22.68,4.27,16.61,-,-,1.59,6.19,18,70,-,-,9,35,Trace,Trace,-,-,-,-,0,0,0,0,-,-,-,-,-,-,-,-,-,-,-,-,-,-,-,-,-,-,Trace,Trace,-,-,-,-,-,-,-,-,-,-,-,-,-,-,Trace,Trace,-,-,-,-,-,-,-,-,-,-,-,-
Desserts,Sweet peanut soup,"Sweet dessert soup made from chunky peanuts, pandan leaves, sugar and water",Desserts,Soup desserts,100%,1 bowl(s) = 202g,-,Lab Analysis,2010,Per 100g,Per Serving (202g),126,255,3.3,6.67,9.1,18.38,2,4.04,-,-,7.7,15.55,7.1,14.34,-,-,2,4.04,24,48,-,-,14,28,0.2,0.4,-,-,-,-,2.9,5.86,3.9,7.88,-,-,-,-,-,-,-,-,-,-,-,-,-,-,-,-,-,-,0,0,-,-,-,-,-,-,-,-,-,-,-,-,-,-,0,0,-,-,-,-,-,-,-,-,-,-,-,-
Desserts,Sweet potato soup,Sweet potato boiled with rock sugar soup,Desserts,Soup desserts,100%,1 bowl(s) = 300g,-,Lab Analysis,2010,Per 100g,Per Serving (300g),62,186,0.6,1.8,0.1,0.3,0,0,-,-,14.8,44.4,6.6,19.8,-,-,1.9,5.7,9,27,-,-,8,24,0.5,1.5,-,-,-,-,0,0,0,0,-,-,-,-,-,-,-,-,-,-,-,-,-,-,-,-,-,-,771,2313,-,-,-,-,-,-,-,-,-,-,-,-,-,-,Trace,Trace,-,-,-,-,-,-,-,-,-,-,-,-
Desserts,Tau suan,Yellow bean dessert topped with you tiao,Desserts,Soup desserts,100%,1 bowl(s) = 369g,-,Lab Analysis,2026,Per 100g,Per Serving (369g),84,310,2.85,10.52,0.2,0.74,0.1,0.37,0,0,17.69,65.28,8.8,32.47,-,-,1,3.69,4,15,85,314,6,22,0.62,2.29,78,287.82,-,-,-,-,-,-,-,-,-,-,0,0,0.2,0.74,0,0,0,0,0,0,8.6,31.73,-,-,-,-,-,-,-,-,-,-,-,-,-,-,-,-,-,-,-,-,-,-,-,-,-,-,-,-,-,-,-,-
Desserts,Walnut paste,"Smooth, thick dessert soup made from ground walnuts and sugar",Desserts,Soup desserts,100%,1 bowl(s) = 259g,-,Lab Analysis,2018,Per 100g,Per Serving (259g),124,321,2.7,6.99,8.47,21.94,0.92,2.38,0.01,0.03,9.3,24.09,6.2,16.06,-,-,1.2,3.11,3,8,-,-,14,36,0.47,1.22,-,-,-,-,5.8,15.02,1.74,4.51,-,-,-,-,-,-,-,-,-,-,-,-,-,-,-,-,-,-,-,-,-,-,-,-,-,-,-,-,-,-,-,-,-,-,-,-,-,-,-,-,-,-,-,-,-,-,-,-
Desserts,White fungus and longan soup,"Sweet dessert soup made from boiling white fungus, longan in water and sugar",Desserts,Soup desserts,100%,1 bowl(s) = 339g,-,Lab Analysis,2026,Per 100g,Per Serving (339g),45,153,0.3,1.02,0.06,0.2,0.02,0.07,0,0,10.65,36.1,9.05,30.68,-,-,0.5,1.7,4,14,44,149,8,27,0.06,0.2,88.4,299.68,-,-,-,-,-,-,-,-,-,-,0,0,0.6,2.03,0,0,0.8,2.71,0,0,7.65,25.93,-,-,-,-,-,-,-,-,-,-,-,-,-,-,-,-,-,-,-,-,-,-,-,-,-,-,-,-,-,-,-,-
Desserts,Tangyuan (with filling) (in soup),"Chinese dessert, made of glutinous rice flour with fillings, cooked with sugar syrup soup",Desserts,Soup desserts,100%,1 bowl(s) = 414g,-,Derived,2026,Per 100g,Per Serving (414g),130,538,2.73,11.3,5.7,23.6,2.27,9.4,Trace,Trace,16.92,70.05,5.85,24.22,-,-,1.54,6.38,13,54,67,277,20,83,0.88,3.64,72.87,301.68,-,-,1.44,5.96,1.98,8.2,-,-,-,-,Trace,Trace,Trace,Trace,0.09,0.37,Trace,Trace,5.76,23.85,Trace,Trace,-,-,-,-,-,-,-,-,-,-,-,-,-,-,-,-,-,-,-,-,-,-,-,-,-,-,-,-,-,-,-,-
Fish and seafood,Ikan bilis,"Dried ikan bilis with head, entrails and bones removed",Fish and seafood,Fish,100%,1 tablespoon(s) = 20g,-,Lab Analysis,2010,Per 100g,Per Serving (20g),303,61,64.88,12.98,4.24,0.85,2.14,0.43,0,0,1.42,0.28,1.18,0.24,-,-,0,0,2219,444,-,-,222,44,2.76,0.55,-,-,-,-,0.1,0.02,0.73,0.15,-,-,-,-,-,-,-,-,-,-,-,-,-,-,-,-,-,-,35,7,-,-,-,-,-,-,-,-,-,-,-,-,-,-,0,0,-,-,-,-,-,-,-,-,-,-,-,-
Fish and seafood,Steamed salmon fillet,Steamed fresh salmon fillet,Fish and seafood,Fish,95%,1 piece(s) = 150g,-,Borrowed,2025,Per 100g,Per Serving (150g),272,388,24.1,34.34,19.6,27.93,4.44,6.33,564.78,804.81,0,0,0,0,-,-,0,0,32,46,-,-,57,81,0.37,0.53,-,-,-,-,5.05,7.2,8.31,11.84,-,-,-,-,-,-,-,-,-,-,-,-,-,-,-,-,-,-,2,2.85,-,-,-,-,-,-,-,-,-,-,-,-,-,-,0,0,-,-,-,-,-,-,-,-,-,-,-,-
Fish and seafood,"Asian sea bass (Barramundi), raw","Fresh uncooked fillets of white-fleshed fish, boneless with firm, lean meat and mild, sweet flavour.",Fish and seafood,Fish,100%,1 fillet(s) = 333g,-,Borrowed,2025,Per 100g,Per Serving (333g),125,416,19.2,63.94,5.3,17.65,1.19,3.96,0.12,0.4,0,0,0,0,0,0,0,0,56,186,345,1149,18,60,0.32,1.07,73.8,245.75,3.08,10.26,1.08,3.6,1.43,4.76,466.09,1552.08,86,286.38,0,0,0,0,0,0,0,0,0,0,0,0,0,0,19,63.27,19,63.27,0,0,0,0,0.12,0.4,0.42,1.4,0,0,1.9,6.33,0,0,428,1425.24,3.89,12.95,-,-,170,566,29.4,97.9,0.36,1.2
Fish and seafood,"Cod, raw","Fresh uncooked fillets of white-fleshed fish, boneless with translucent to white color and firm, flaky meat texture.",Fish and seafood,Fish,100%,1 fillet(s) = 231g,-,Borrowed,2025,Per 100g,Per Serving (231g),82,189,17.81,41.14,0.67,1.55,0.13,0.3,-,-,0,0,0,0,-,-,0,0,54,125,413,954,16,37,0.38,0.88,81.22,187.62,-,-,0.23,0.53,0.09,0.21,184,425.04,43,99.33,-,-,-,-,-,-,-,-,-,-,-,-,-,-,12,27.72,12,27.72,0,0,0.08,0.18,0.07,0.16,0.25,0.58,7,16.17,0.91,2.1,1,2.31,36,83.16,0.95,2.19,0.1,0.23,203,469,33.1,76.46,0.45,1.04
Fish and seafood,"Crimson snapper (Ang ko li), raw","Fresh uncooked fish with bright red skin, white to pink flesh, firm and flaky texture",Fish and seafood,Fish,45%,1 whole = 600g,-,Borrowed,2025,Per 100g,Per Serving (600g),105,284,19.4,52.38,2.4,6.48,0.59,1.59,-,-,0.1,0.27,-,-,-,-,0,0,75,203,390,1053,33,89,0.6,1.62,76.8,207.36,-,-,0.6,1.62,0.68,1.84,-,-,74,199.8,-,-,-,-,-,-,-,-,-,-,-,-,-,-,21,56.7,21,56.7,0,0,0.03,0.08,0.1,0.27,0.33,0.89,3,8.1,3,8.1,2,5.4,80,216,1.94,5.24,0,0,230,621,-,-,0.4,1.08
Fish and seafood,Fried black pomfret,"Deep-fried fillets of marine fish, boneless with golden-brown exterior, white flaky flesh, dark silvery skin and tender meat texture.",Fish and seafood,Fish,100%,1 palm-sized piece(s) = 90g,-,Borrowed,2025,Per 100g,Per Serving (90g),293,264,31.88,28.69,18.2,16.38,4.48,4.03,-,-,0.52,0.47,-,-,-,-,0,0,171,154,330,297,188,169,1.3,1.17,46.6,41.94,-,-,7.27,6.54,4.55,4.1,-,-,101,90.9,-,-,-,-,-,-,-,-,-,-,-,-,-,-,-,-,-,-,-,-,0.21,0.19,0.29,0.26,-,-,-,-,-,-,-,-,-,-,-,-,-,-,379,341,-,-,0.7,0.63
Fish and seafood,Fried silver pomfret,"Deep-fried fillets of marine fish, boneless with golden-brown exterior, white flaky flesh, silvery skin and tender meat texture.",Fish and seafood,Fish,100%,1 palm-sized piece(s) = 90g,-,Borrowed,2025,Per 100g,Per Serving (90g),334,301,32.5,29.25,22.7,20.43,5.31,4.78,-,-,0,0,-,-,-,-,0,0,206,185,277,249,32,29,0.7,0.63,44.4,39.96,-,-,9.15,8.24,6.87,6.18,-,-,97,87.3,-,-,-,-,-,-,-,-,-,-,-,-,-,-,-,-,-,-,-,-,0.17,0.15,0.12,0.11,-,-,-,-,-,-,-,-,-,-,-,-,-,-,325,293,-,-,0.9,0.81
Fish and seafood,"Grouper, raw","Fresh uncooked fillets of marine fish, boneless with reddish skin, white to pinkish flesh, firm and flaky texture.",Fish and seafood,Fish,100%,1 fillet(s) = 259g,-,Borrowed,2025,Per 100g,Per Serving (259g),92,238,19.38,50.19,1.02,2.64,0.23,0.6,-,-,0,0,-,-,-,-,0,0,53,137,483,1251,27,70,0.89,2.31,79.22,205.18,-,-,0.32,0.83,0.2,0.52,247,639.73,37,95.83,-,-,-,-,-,-,-,-,-,-,-,-,-,-,43,111.37,43,111.37,-,-,0.07,0.18,0.01,0.03,0.3,0.78,9,23.31,0.6,1.55,0,0,-,-,-,-,-,-,162,420,36.5,94.54,0.48,1.24
Fish and seafood,"Halibut, raw","Fresh uncooked fillets of flatfish, boneless with dark brown to grey upper skin, white to translucent flesh, firm and lean texture.",Fish and seafood,Fish,100%,1 fillet(s) = 408g,-,Borrowed,2025,Per 100g,Per Serving (408g),91,371,18.56,75.72,1.33,5.43,0.29,1.18,-,-,0,0,0,0,-,-,0,0,68,277,435,1775,7,29,0.16,0.65,80.34,327.79,-,-,0.29,1.18,0.47,1.92,194,791.52,49,199.92,-,-,0,0,0,0,0,0,-,-,0,0,0,0,20,81.6,20,81.6,0,0,0.05,0.2,0.03,0.12,0.55,2.24,12,48.96,1.1,4.49,0,0,190,775.2,0.91,3.71,0,0,236,963,45.6,186.05,0.36,1.47
Fish and seafood,"Saba mackerel, raw","Fresh uncooked fillets of marine fish, boneless with blue-green back, rich pinkish-grey to brownish flesh, firm and oily texture.",Fish and seafood,Fish,100%,1 fillet(s) = 112g,-,Borrowed,2025,Per 100g,Per Serving (112g),205,230,18.6,20.83,13.89,15.56,3.26,3.65,-,-,0,0,0,0,-,-,0,0,90,101,314,352,12,13,1.63,1.83,63.55,71.18,-,-,3.35,3.75,5.46,6.12,2299,2574.88,70,78.4,-,-,-,-,-,-,-,-,-,-,-,-,-,-,50,56,50,56,0,0,0.18,0.2,0.31,0.35,0.4,0.45,1,1.12,8.71,9.76,0.4,0.45,643,720.16,2.26,2.53,5,5.6,217,243,44.1,49.39,0.63,0.71
Fish and seafood,"Snakehead (Toman), raw","Fresh uncooked freshwater fish with dark brown to black back, white to pinkish flesh, firm and meaty texture",Fish and seafood,Fish,46%,1 whole = 312g,-,Borrowed,2025,Per 100g,Per Serving (312g),106,152,21,30.14,2.5,3.59,2.5,3.59,-,-,0,0,-,-,-,-,0,0,49,70,317,455,24,34,0.91,1.31,76.2,109.36,-,-,1.85,2.66,3.33,4.78,-,-,149,213.84,-,-,-,-,-,-,-,-,-,-,-,-,-,-,-,-,-,-,-,-,0.04,0.06,0.05,0.07,-,-,-,-,-,-,0,0,208.4,299.1,-,-,-,-,188,270,26.9,38.61,0.39,0.56
Fish and seafood,"Spanish mackerel (Batang), raw",Fresh uncooked boneless fillets with silvery-blue skin and firm white to pinkish flesh.,Fish and seafood,Fish,100%,1 fillet(s) = 187g,-,Borrowed,2025,Per 100g,Per Serving (187g),139,260,19.29,36.07,6.3,11.78,1.83,3.42,-,-,0,0,0,0,-,-,0,0,59,110,446,834,11,21,0.44,0.82,71.67,134.02,-,-,1.74,3.25,1.53,2.86,1341,2507.67,76,142.12,-,-,-,-,-,-,-,-,-,-,-,-,-,-,39,72.93,39,72.93,0,0,0.13,0.24,0.17,0.32,0.4,0.75,1,1.87,2.4,4.49,1.6,2.99,292,546.04,1.03,1.93,0.1,0.19,205,383,36.5,68.26,0.49,0.92
Fish and seafood,Steamed Asian sea bass (Barramundi),"Steamed fillets of white-fleshed fish, boneless with firm, lean meat and mild, sweet flavour.",Fish and seafood,Fish,100%,1 fillet(s) = 333g,-,Borrowed,2025,Per 100g,Per Serving (333g),149,496,22.9,76.26,6.3,20.98,1.42,4.73,0.14,0.47,0,0,0,0,0,0,0,0,56,186,349,1162,22,73,0.38,1.27,68.8,229.1,3.66,12.19,1.29,4.3,1.7,5.66,554.86,1847.68,102,339.66,0,0,0,0,0,0,0,0,0,0,0,0,0,0,20,66.6,20,66.6,0,0,0,0,0.13,0.43,0.4,1.33,0,0,1.9,6.33,0,0,407.6,1357.31,4.63,15.42,-,-,182,606,34.9,116.22,0.43,1.43
Fish and seafood,Steamed grouper,"Steamed fillets of marine fish, boneless with reddish skin, white to pinkish flesh, firm and flaky texture.",Fish and seafood,Fish,100%,1 palm-sized piece(s) = 90g,1 fillet(s) = 259g,Borrowed,2025,Per 100g,Per Serving (90g),109,98,23.38,21.04,1.03,0.93,1.15,1.04,-,-,1.53,1.38,-,-,-,-,0,0,-,-,245,221,106,95,0.54,0.49,72.8,65.52,-,-,0.32,0.29,0.41,0.37,-,-,88,79.2,-,-,-,-,-,-,-,-,-,-,-,-,-,-,-,-,-,-,-,-,0.08,0.07,0.04,0.04,-,-,-,-,-,-,-,-,-,-,-,-,-,-,193,174,-,-,0.67,0.6
Fish and seafood,Steamed Spanish mackerel (batang),"Steamed boneless fillets with white to light grey flesh, moist and flaky texture.",Fish and seafood,Fish,100%,1 palm-sized piece(s) = 90g,1 fillet(s) = 146g,Borrowed,2025,Per 100g,Per Serving (90g),160,144,23,20.7,7.5,6.75,2.42,2.18,0.01,0.01,0,0,0,0,0,0,0,0,60,54,451,406,13,12,0.52,0.47,66.3,59.67,3.67,3.3,2.3,2.07,2.03,1.83,1775.92,1598.33,90,81,0,0,0,0,0,0,0,0,0,0,0,0,0,0,39,35.1,39,35.1,0,0,0.12,0.11,0.18,0.16,0.38,0.34,1,0.9,2.4,2.16,1,0.9,80,72,1.22,1.1,-,-,220,198,43.4,39.06,0.58,0.52
Fish and seafood,Steamed tilapia,"Steamed fillets of freshwater fish, boneless with white flesh, mild and flaky texture.",Fish and seafood,Fish,100%,1 palm-sized piece(s) = 90g,-,Borrowed,2025,Per 100g,Per Serving (90g),136,122,22,19.8,5.2,4.68,1.63,1.47,0.1,0.09,0,0,0,0,0,0,0,0,85,77,351,316,22,20,0.48,0.43,70.4,63.36,3.52,3.17,0.96,0.86,2.01,1.81,94.6,85.14,88,79.2,0,0,0,0,0,0,0,0,0,0,0,0,0,0,0,0,0,0,0,0,0.14,0.13,0.14,0.13,0.42,0.38,0,0,2,1.8,0,0,90,81,1.68,1.51,-,-,375,338,40.1,36.09,0.89,0.8
Fish and seafood,Assam fish,"Fish cooked with grounded chilli, shallot, fresh turmeric, lemon grass, belacan paste, assam gelugor",Fish and seafood,Fish-based dishes,92%,1 scoop(s) (serving spoon) = 100g,-,Lab Analysis,2010,Per 100g,Per Serving (100g),73,67,12.3,11.32,2.2,2.02,1.27,1.17,-,-,1.2,1.1,1.2,1.1,-,-,1.1,1.01,315,290,-,-,32,29,0.4,0.37,-,-,-,-,0.11,0.1,0.56,0.52,-,-,-,-,-,-,-,-,-,-,-,-,-,-,-,-,-,-,67,61.64,-,-,-,-,-,-,-,-,-,-,-,-,-,-,1.7,1.56,-,-,-,-,-,-,-,-,-,-,-,-
Fish and seafood,Battered fish fillet,Western-style white fish fillet battered and deep-fried,Fish and seafood,Fish-based dishes,100%,1 piece(s) = 235g,-,Lab Analysis,2025,Per 100g,Per Serving (235g),240,564,9.92,23.31,15.5,36.43,5.91,13.89,0.07,0.16,15.15,35.6,Trace,Trace,-,-,0.62,1.46,517,1215,142,334,15,35,0.87,2.04,57.1,134.19,-,-,1.72,4.04,5.89,13.84,Trace,Trace,-,-,Trace,Trace,Trace,Trace,Trace,Trace,Trace,Trace,Trace,Trace,Trace,Trace,-,-,-,-,-,-,-,-,-,-,-,-,-,-,-,-,-,-,-,-,-,-,-,-,-,-,-,-,-,-,-,-
Fish and seafood,Double fish soup (no milk),Mix of fresh and deep-fried sliced fish pieces and vegetables in clear broth,Fish and seafood,Fish-based dishes,100%,1 bowl(s) = 552g,-,Derived,2026,Per 100g,Per Serving (552g),30,166,3.21,17.72,2.36,13.03,0.66,3.64,-,-,1.39,7.67,0.79,4.36,-,-,0.6,3.31,436,2407,-,-,-,-,-,-,-,-,-,-,-,-,-,-,-,-,-,-,-,-,-,-,-,-,-,-,-,-,-,-,-,-,-,-,-,-,-,-,-,-,-,-,-,-,-,-,-,-,-,-,-,-,-,-,-,-,-,-,-,-,-,-
Fish and seafood,Double fish soup (with milk),Mix of fresh and deep-fried sliced fish pieces and vegetables in creamy soup broth from the addition of evaporated milk,Fish and seafood,Fish-based dishes,100%,1 bowl(s) = 569g,-,Derived,2026,Per 100g,Per Serving (569g),44,250,3.31,18.83,3.12,17.75,1.04,5.92,Trace,Trace,1.83,10.41,0.85,4.84,-,-,0.57,3.24,359,2043,41,233,9,51,0.23,1.31,41.76,237.61,-,-,-,-,-,-,-,-,-,-,0,0,0,0,0,0,0,0,0.18,1.02,0.18,1.02,-,-,-,-,-,-,-,-,-,-,-,-,-,-,-,-,-,-,-,-,-,-,-,-,-,-,-,-,-,-,-,-
Fish and seafood,Fish curry,"Fish curry with coconut milk, tomato, eggplant and lady finger",Fish and seafood,Fish-based dishes,96.71%,1 scoop(s) (serving spoon) = 100g,1 bowl(s) = 334g,Lab Analysis,2025,Per 100g,Per Serving (100g),106,103,6.21,6.01,7.05,6.82,2.75,2.66,0.14,0.14,4.3,4.16,1.3,1.26,-,-,1.98,1.91,485,469,178,172,26,25,0.75,0.73,80.85,78.19,-,-,0.8,0.77,2.37,2.29,63,60.93,-,-,0.4,0.39,0.5,0.48,Trace,Trace,Trace,Trace,0.4,0.39,Trace,Trace,-,-,-,-,-,-,-,-,-,-,-,-,-,-,-,-,-,-,-,-,-,-,-,-,-,-,-,-,-,-,-,-
Fish and seafood,Fish head curry,Fish head cooked with lady finger and eggplant in a gravy made of curry spices and coconut milk,Fish and seafood,Fish-based dishes,98.04%,1 scoop(s) (serving spoon) = 100g,1 claypot(s) = 1167g,Lab Analysis,2025,Per 100g,Per Serving (100g),150,147,6.85,6.72,10.6,10.39,4.95,4.85,0.11,0.11,6.65,6.52,1.75,1.72,-,-,2.4,2.35,341,334,169,166,40,39,0.9,0.88,74.5,73.04,-,-,1.37,1.34,3.24,3.18,100,98.04,-,-,0.3,0.29,0.4,0.39,Trace,Trace,Trace,Trace,0.8,0.78,0.2,0.2,-,-,-,-,-,-,-,-,-,-,-,-,-,-,-,-,-,-,-,-,-,-,-,-,-,-,-,-,-,-,-,-
Fish and seafood,Fish head steamboat,"Chinese-style soup with fish head, vegetables, tofu, and seafood",Fish and seafood,Fish-based dishes,100%,1 bowl(s) = 450g,"1 scoop(s) (serving spoon) = 100g, 1 set(s) = 1318g",Lab Analysis,2024,Per 100g,Per Serving (450g),40,180,4.33,19.49,1.84,8.28,0.82,3.69,-,-,1.5,6.75,0.83,3.74,-,-,0.86,3.87,267,1202,-,-,-,-,-,-,-,-,-,-,-,-,-,-,-,-,-,-,-,-,-,-,-,-,-,-,-,-,-,-,-,-,-,-,-,-,-,-,-,-,-,-,-,-,-,-,-,-,-,-,-,-,-,-,-,-,-,-,-,-,-,-
Fish and seafood,Fish masala,"Indian-style fried fish steak with grounded turmeric, black pepper, ginger, chilli powder, ginger and lemon juice",Fish and seafood,Fish-based dishes,91%,1 piece(s) = 76g,-,Lab Analysis,2010,Per 100g,Per Serving (76g),181,125,26,17.98,8.5,5.88,3.59,2.48,-,-,0.1,0.07,0,0,-,-,0.6,0.41,400,277,-,-,23,16,0.7,0.48,-,-,-,-,1.45,1,3.05,2.11,-,-,-,-,-,-,-,-,-,-,-,-,-,-,-,-,-,-,37,25.59,-,-,-,-,-,-,-,-,-,-,-,-,-,-,0.2,0.14,-,-,-,-,-,-,-,-,-,-,-,-
Fish and seafood,Fish maw soup,"Chinese-style clear soup with rehydrated fish maw, mushrooms, and crab meat",Fish and seafood,Fish-based dishes,100%,1 bowl(s) = 450g,1 claypot(s) = 693g,Lab Analysis,2024,Per 100g,Per Serving (450g),48,216,4.67,21.02,2.22,9.99,0.89,4.01,-,-,2.38,10.71,1.44,6.48,-,-,0.62,2.79,426,1917,-,-,-,-,-,-,-,-,-,-,-,-,-,-,-,-,-,-,-,-,-,-,-,-,-,-,-,-,-,-,-,-,-,-,-,-,-,-,-,-,-,-,-,-,-,-,-,-,-,-,-,-,-,-,-,-,-,-,-,-,-,-
Fish and seafood,Fish tikka,"Grilled fish pieces pre-marinated with yoghurt, green chili and salt",Fish and seafood,Fish-based dishes,100%,1 scoop(s) (serving spoon) = 100g,-,Lab Analysis,2010,Per 100g,Per Serving (100g),129,129,23.1,23.1,3.8,3.8,1.36,1.36,-,-,0.6,0.6,0,0,-,-,0.4,0.4,418,418,-,-,22,22,0.8,0.8,-,-,-,-,0.17,0.17,1.03,1.03,-,-,-,-,-,-,-,-,-,-,-,-,-,-,-,-,-,-,45,45,-,-,-,-,-,-,-,-,-,-,-,-,-,-,1,1,-,-,-,-,-,-,-,-,-,-,-,-
Fish and seafood,Fishball soup (no noodles),"Fish broth cooked with 7 fishballs and spring onion, white pepper and salt, boiled",Fish and seafood,Fish-based dishes,100%,1 bowl(s) = 629g,-,Lab Analysis,2025,Per 100g,Per Serving (629g),7,44,1.15,7.23,0.2,1.26,0.06,0.38,Trace,Trace,Trace,Trace,Trace,Trace,-,-,Trace,Trace,344,2164,22,138,8,50,Trace,Trace,97.7,614.53,-,-,0.02,0.13,0.07,0.44,5,31.45,-,-,Trace,Trace,Trace,Trace,Trace,Trace,Trace,Trace,Trace,Trace,Trace,Trace,-,-,-,-,-,-,-,-,-,-,-,-,-,-,-,-,-,-,-,-,-,-,-,-,-,-,-,-,-,-,-,-
Fish and seafood,Fried fish skin,Deep-fried fish skin,Fish and seafood,Fish-based dishes,100%,1 bowl(s) = 175g,-,Lab Analysis,2010,Per 100g,Per Serving (175g),593,1038,28.4,49.7,48.24,84.42,16.7,29.23,Trace,Trace,11.2,19.6,0,0,-,-,0.2,0.35,1032,1806,-,-,26,46,0.58,1.02,-,-,-,-,9.84,17.22,21.7,37.98,-,-,-,-,-,-,-,-,-,-,-,-,-,-,-,-,-,-,Trace,Trace,-,-,-,-,-,-,-,-,-,-,-,-,-,-,Trace,Trace,-,-,-,-,-,-,-,-,-,-,-,-
Fish and seafood,Fried fish soup (no milk),Deep-fried sliced fish pieces and vegetables in clear broth,Fish and seafood,Fish-based dishes,100%,1 bowl(s) = 543g,-,Lab Analysis,2023,Per 100g,Per Serving (543g),46,250,3.39,18.41,3.71,20.15,1.08,5.86,-,-,1.34,7.28,0.77,4.18,-,-,0.58,3.15,444,2411,-,-,-,-,-,-,-,-,-,-,-,-,-,-,-,-,-,-,-,-,-,-,-,-,-,-,-,-,-,-,-,-,-,-,-,-,-,-,-,-,-,-,-,-,-,-,-,-,-,-,-,-,-,-,-,-,-,-,-,-,-,-
Fish and seafood,Fried fish soup (with milk),Deep-fried sliced fish pieces and vegetables in creamy soup broth from the addition of evaporated milk,Fish and seafood,Fish-based dishes,100%,1 bowl(s) = 598g,-,Lab Analysis,2023,Per 100g,Per Serving (598g),53,317,2.94,17.58,4.73,28.29,1.4,8.37,-,-,1.68,10.05,0.89,5.32,-,-,0.79,4.72,425,2542,-,-,-,-,-,-,-,-,-,-,-,-,-,-,-,-,-,-,-,-,-,-,-,-,-,-,-,-,-,-,-,-,-,-,-,-,-,-,-,-,-,-,-,-,-,-,-,-,-,-,-,-,-,-,-,-,-,-,-,-,-,-
Fish and seafood,Fried kuning fish,Deep-fried yellow banded trevally,Fish and seafood,Fish-based dishes,61.11%,1 piece(s) = 36g,-,Lab Analysis,2025,Per 100g,Per Serving (36g),275,60,32.35,7.12,16.2,3.56,5.77,1.27,0.06,0.01,Trace,Trace,Trace,Trace,-,-,Trace,Trace,709,156,245,54,253,56,1.01,0.22,48.35,10.64,-,-,2.68,0.59,5.3,1.17,902.5,198.55,-,-,Trace,Trace,Trace,Trace,Trace,Trace,Trace,Trace,Trace,Trace,Trace,Trace,-,-,-,-,-,-,-,-,-,-,-,-,-,-,-,-,-,-,-,-,-,-,-,-,-,-,-,-,-,-,-,-
Fish and seafood,Fried mackerel,"Ikan tenggiri, fish steak, deep-fried",Fish and seafood,Fish-based dishes,95.80%,1 scoop(s) (serving spoon) = 91g,-,Lab Analysis,2026,Per 100g,Per Serving (91g),228,199,25.6,22.32,13.8,12.03,6.05,5.27,0,0,0.24,0.21,0.1,0.09,-,-,0.7,0.61,589,513,307,268,15,13,0.4,0.35,57.2,49.87,-,-,-,-,-,-,-,-,-,-,0,0,0,0,0,0,0,0,0.1,0.09,0,0,-,-,-,-,-,-,-,-,-,-,-,-,-,-,-,-,-,-,-,-,-,-,-,-,-,-,-,-,-,-,-,-
Fish and seafood,Ikan masak pedas,Fish in spicy tamarind curry,Fish and seafood,Fish-based dishes,75%,1 scoop(s) (serving spoon) = 100g,-,Lab Analysis,2010,Per 100g,Per Serving (100g),109,82,11,8.25,6.1,4.57,3,2.25,-,-,2.6,1.95,-,-,-,-,2.1,1.58,644,483,-,-,61,46,1.7,1.28,-,-,-,-,0.8,0.6,2,1.5,-,-,-,-,-,-,-,-,-,-,-,-,-,-,-,-,-,-,320,240,-,-,-,-,-,-,-,-,-,-,-,-,-,-,-,-,-,-,-,-,-,-,-,-,-,-,-,-
Fish and seafood,Ngoh hiang,Deep-fried sausage-shaped minced fish rolled in beancurd skin,Fish and seafood,Fish-based dishes,100%,1 roll(s) = 70g,-,Lab Analysis,2025,Per 100g,Per Serving (70g),150,105,11.2,7.84,5.5,3.85,1.64,1.15,0.01,0.01,13.7,9.59,4.55,3.19,-,-,1.84,1.29,757,530,106,74,51,36,0.69,0.48,67.25,47.08,-,-,1.21,0.85,1.74,1.22,106.5,74.55,-,-,0.4,0.28,0.3,0.21,0.3,0.21,Trace,Trace,3.55,2.49,Trace,Trace,-,-,-,-,-,-,-,-,-,-,-,-,-,-,-,-,-,-,-,-,-,-,-,-,-,-,-,-,-,-,-,-
Fish and seafood,Sambal batang fish,Deep-fried batang steak served with spicy sambal chilli gravy,Fish and seafood,Fish-based dishes,100%,1 whole = 113g,-,Lab Analysis,2024,Per 100g,Per Serving (113g),168,190,26.29,29.71,6.74,7.62,3.07,3.47,-,-,0.5,0.57,0.53,0.6,-,-,1.56,1.76,385,435,-,-,-,-,-,-,-,-,-,-,-,-,-,-,-,-,-,-,-,-,-,-,-,-,-,-,-,-,-,-,-,-,-,-,-,-,-,-,-,-,-,-,-,-,-,-,-,-,-,-,-,-,-,-,-,-,-,-,-,-,-,-
Fish and seafood,Sambal pomfret fish,Steamed pomfret fish served with a layer of spicy sambal chilli paste,Fish and seafood,Fish-based dishes,100%,1 plate(s) = 558g,-,Lab Analysis,2024,Per 100g,Per Serving (558g),241,1345,16.02,89.39,17.27,96.37,7.58,42.3,-,-,5.45,30.41,4.13,23.05,-,-,2.78,15.51,758,4230,-,-,-,-,-,-,-,-,-,-,-,-,-,-,-,-,-,-,-,-,-,-,-,-,-,-,-,-,-,-,-,-,-,-,-,-,-,-,-,-,-,-,-,-,-,-,-,-,-,-,-,-,-,-,-,-,-,-,-,-,-,-
Fish and seafood,Sliced fish soup (no milk),Fresh sliced fish pieces and vegetables in clear broth,Fish and seafood,Fish-based dishes,100%,1 bowl(s) = 561g,-,Lab Analysis,2023,Per 100g,Per Serving (561g),15,84,3.04,17.05,1.06,5.95,0.25,1.4,-,-,1.43,8.02,0.81,4.54,-,-,0.62,3.48,429,2407,-,-,-,-,-,-,-,-,-,-,-,-,-,-,-,-,-,-,-,-,-,-,-,-,-,-,-,-,-,-,-,-,-,-,-,-,-,-,-,-,-,-,-,-,-,-,-,-,-,-,-,-,-,-,-,-,-,-,-,-,-,-
Fish and seafood,Sliced fish soup (with milk),Fresh sliced fish pieces and vegetables in creamy soup broth from the addition of evaporated milk,Fish and seafood,Fish-based dishes,100%,1 bowl(s) = 500g,-,Lab Analysis,2026,Per 100g,Per Serving (500g),34,170,3.75,18.75,1.2,6,0.6,3,0.01,0.05,2.02,10.1,0.8,4,-,-,0.3,1.5,281,1405,91,455,20,100,0.5,2.5,91.7,458.5,-,-,-,-,-,-,-,-,-,-,0,0,0,0,0,0,0,0,0.4,2,0.4,2,-,-,-,-,-,-,-,-,-,-,-,-,-,-,-,-,-,-,-,-,-,-,-,-,-,-,-,-,-,-,-,-
Fish and seafood,Fried pomfret in soy sauce,Fried pomfret with soya sauce,Fish and seafood,Fish-based dishes,69%,1 scoop(s) (serving spoon) = 100g,-,Lab Analysis,2010,Per 100g,Per Serving (100g),242,167,24.9,17.18,15.8,10.9,7.6,5.24,-,-,Trace,Trace,0,0,-,-,0,0,512,353,-,-,45,31,0.1,0.07,-,-,-,-,1.5,1.04,6,4.14,-,-,-,-,-,-,-,-,-,-,-,-,-,-,-,-,-,-,92,63.48,-,-,-,-,-,-,-,-,-,-,-,-,-,-,0,0,-,-,-,-,-,-,-,-,-,-,-,-
Fish and seafood,Steamed fish (Economic rice),"Fresh fish steamed with ginger, soy sauce, and aromatics",Fish and seafood,Fish-based dishes,100%,1 scoop(s) (serving spoon) = 118g,-,Lab Analysis,2025,Per 100g,Per Serving (118g),135,159,15.45,18.23,7.65,9.03,2.75,3.25,0.03,0.04,1.15,1.36,Trace,Trace,-,-,0.93,1.1,402,474,136,160,11,13,0.45,0.53,74.4,87.79,-,-,1.53,1.81,2.08,2.45,583,687.94,-,-,Trace,Trace,Trace,Trace,Trace,Trace,Trace,Trace,Trace,Trace,Trace,Trace,-,-,-,-,-,-,-,-,-,-,-,-,-,-,-,-,-,-,-,-,-,-,-,-,-,-,-,-,-,-,-,-
Fish and seafood,Steamed fish with black bean sauce,Fish steamed with preserved black bean,Fish and seafood,Fish-based dishes,100%,1 bowl(s) = 465g,1 scoop(s) (serving spoon) = 100g,Lab Analysis,2025,Per 100g,Per Serving (465g),92,428,6.11,28.41,4.3,19.99,1.57,7.3,0.01,0.05,7.25,33.71,1.95,9.07,-,-,1.69,7.86,463,2153,178,828,18,84,0.77,3.58,80.8,375.72,-,-,0.68,3.16,1.4,6.51,159.5,741.68,-,-,0.6,2.79,0.8,3.72,Trace,Trace,Trace,Trace,0.55,2.56,Trace,Trace,-,-,-,-,-,-,-,-,-,-,-,-,-,-,-,-,-,-,-,-,-,-,-,-,-,-,-,-,-,-,-,-
Fish and seafood,Stir fried fish with ginger and scallion,"Stir fried pieces of pomfret with shallots, ginger, garlic",Fish and seafood,Fish-based dishes,100%,1 scoop(s) (serving spoon) = 100g,-,Lab Analysis,2023,Per 100g,Per Serving (100g),108,108,7.96,7.96,7.16,7.16,3.4,3.4,-,-,2.95,2.95,0.43,0.43,-,-,0.66,0.66,334,334,-,-,-,-,-,-,-,-,-,-,-,-,-,-,-,-,-,-,-,-,-,-,-,-,-,-,-,-,-,-,-,-,-,-,-,-,-,-,-,-,-,-,-,-,-,-,-,-,-,-,-,-,-,-,-,-,-,-,-,-,-,-
Fish and seafood,Sweet and sour fish,Deep-fried fish meat with pineapple and green peppers in sweet and sour sauce,Fish and seafood,Fish-based dishes,100%,1 scoop(s) (serving spoon) = 100g,-,Lab Analysis,2023,Per 100g,Per Serving (100g),352,352,9.77,9.77,26.45,26.45,9.99,9.99,0,0,18.6,18.6,6.95,6.95,-,-,0.83,0.83,786,786,-,-,17,17,1,1,-,-,-,-,1.43,1.43,5.33,5.33,-,-,-,-,-,-,-,-,-,-,-,-,-,-,-,-,-,-,8,8,-,-,-,-,-,-,-,-,-,-,-,-,-,-,-,-,-,-,-,-,-,-,-,-,-,-,-,-
Fish and seafood,Cuttlefish finger,Fishcake made from mixture of cuttlefish meat and surimi,Fish and seafood,Processed fish and seafood,100%,1 piece(s) = 13g,-,Lab Analysis,2010,Per 100g,Per Serving (13g),178,23,13.4,1.74,7.6,0.99,3.06,0.4,-,-,13.9,1.81,4.6,0.6,-,-,1.4,0.18,1515,197,-,-,37,5,0.2,0.03,-,-,-,-,1.71,0.22,1.9,0.25,-,-,-,-,-,-,-,-,-,-,-,-,-,-,-,-,-,-,1,0.13,-,-,-,-,-,-,-,-,-,-,-,-,-,-,0,0,-,-,-,-,-,-,-,-,-,-,-,-
Fish and seafood,Cuttlefish snack,"Chewy strips made from dried, seasoned cuttlefish",Fish and seafood,Processed fish and seafood,100%,1 packet(s) = 60g,-,Borrowed,2025,Per 100g,Per Serving (60g),353,212,37.5,22.5,0.8,0.48,-,-,-,-,49,29.4,-,-,-,-,0.2,0.12,923,554,-,-,51,31,4.6,2.76,-,-,-,-,-,-,-,-,-,-,-,-,-,-,-,-,-,-,-,-,-,-,-,-,-,-,46,27.6,-,-,-,-,-,-,-,-,-,-,-,-,-,-,1.2,0.72,-,-,-,-,-,-,-,-,-,-,-,-
Fish and seafood,Fish ngoh hiang,Deep-fried minced fish roll in beancurd skin,Fish and seafood,Processed fish and seafood,100%,1 roll(s) = 140g,-,Lab Analysis,2010,Per 100g,Per Serving (140g),291,407,5,7,17.8,24.92,6.98,9.77,-,-,27.7,38.78,3.2,4.48,-,-,1.5,2.1,578,809,-,-,30,42,0.8,1.12,-,-,-,-,2.32,3.25,7.6,10.64,-,-,-,-,-,-,-,-,-,-,-,-,-,-,-,-,-,-,Trace,Trace,-,-,-,-,-,-,-,-,-,-,-,-,-,-,Trace,Trace,-,-,-,-,-,-,-,-,-,-,-,-
Fish and seafood,Fish tofu,"Fishcake made from mixture of fish meat, tofu, and surimi",Fish and seafood,Processed fish and seafood,100%,1 piece(s) = 115g,-,Lab Analysis,2026,Per 100g,Per Serving (115g),108,124,10.8,12.42,6.1,7.02,1.3,1.5,0.01,0.01,2.4,2.76,0,0,-,-,0.7,0.8,519,597,174,200,100,115,2.1,2.42,78.1,89.81,-,-,-,-,-,-,-,-,-,-,0,0,0,0,0,0,0,0,0,0,0,0,-,-,-,-,-,-,-,-,-,-,-,-,-,-,-,-,-,-,-,-,-,-,-,-,-,-,-,-,-,-,-,-
Fish and seafood,Fishcake,Deep-fried fishcake made of Surimi (fish paste) and flour,Fish and seafood,Processed fish and seafood,100%,1 piece(s) = 50g,-,Lab Analysis,2010,Per 100g,Per Serving (50g),92,46,13.5,6.75,3.3,1.65,1.8,0.9,-,-,2.1,1.05,0.9,0.45,-,-,1.2,0.6,941,471,-,-,36,18,0.7,0.35,-,-,-,-,0.3,0.15,1,0.5,-,-,-,-,-,-,-,-,-,-,-,-,-,-,-,-,-,-,0,0,-,-,-,-,-,-,-,-,-,-,-,-,-,-,0,0,-,-,-,-,-,-,-,-,-,-,-,-
Fish and seafood,Fried fish ball,"Scraped fish meat made into round shape, deep-fried",Fish and seafood,Processed fish and seafood,100%,1 piece(s) = 36g,-,Lab Analysis,2026,Per 100g,Per Serving (36g),75,27,10.3,3.71,1.4,0.5,0.5,0.18,0.01,Trace,5.38,1.94,1.7,0.61,-,-,0.2,0.07,644,232,12,4,38,14,0.39,0.14,80.7,29.05,-,-,-,-,-,-,-,-,-,-,0,0,0,0,0,0,0,0,0,0,1.7,0.61,-,-,-,-,-,-,-,-,-,-,-,-,-,-,-,-,-,-,-,-,-,-,-,-,-,-,-,-,-,-,-,-
Fish and seafood,Otah,"Ground fish meat mixed with spices, grilled",Fish and seafood,Processed fish and seafood,100%,1 piece(s) = 29g,-,Lab Analysis,2010,Per 100g,Per Serving (29g),98,28,5.8,1.68,6.4,1.86,5.4,1.57,-,-,4.2,1.22,-,-,-,-,2.8,0.81,699,203,-,-,89,26,3.6,1.04,-,-,-,-,0.2,0.06,0.4,0.12,-,-,-,-,-,-,-,-,-,-,-,-,-,-,-,-,-,-,9,2.61,-,-,-,-,-,-,-,-,-,-,-,-,-,-,-,-,-,-,-,-,-,-,-,-,-,-,-,-
Fish and seafood,Sotong ball,Deep-fried squid paste balls,Fish and seafood,Processed fish and seafood,100%,1 piece(s) = 30g,-,Lab Analysis,2010,Per 100g,Per Serving (30g),184,55,11.5,3.45,9.6,2.88,3.8,1.14,0.01,Trace,12.8,3.84,2,0.6,-,-,2.1,0.63,729,219,-,-,22,7,0.5,0.15,-,-,-,-,1.6,0.48,3.8,1.14,-,-,-,-,-,-,-,-,-,-,-,-,-,-,-,-,-,-,Trace,Trace,-,-,-,-,-,-,-,-,-,-,-,-,-,-,Trace,Trace,-,-,-,-,-,-,-,-,-,-,-,-
Fish and seafood,Spicy fishcake,"Fishcake made of fish paste, flour and diced chilli",Fish and seafood,Processed fish and seafood,100%,1 piece(s) = 50g,-,Lab Analysis,2010,Per 100g,Per Serving (50g),112,56,8.5,4.25,3.3,1.65,1.6,0.8,0,0,12.1,6.05,0,0,-,-,2,1,1095,548,-,-,32,16,0.8,0.4,-,-,-,-,0.4,0.2,1.1,0.55,-,-,-,-,-,-,-,-,-,-,-,-,-,-,-,-,-,-,0.84,0.42,-,-,-,-,-,-,-,-,-,-,-,-,-,-,0,0,-,-,-,-,-,-,-,-,-,-,-,-
Fish and seafood,Dried cuttlefish,"Dehydrated cuttlefish with yellowish-white to brown color, chewy and dense texture",Fish and seafood,Processed fish and seafood,100%,1 whole = 77g,-,Borrowed,2025,Per 100g,Per Serving (77g),287,221,65.3,50.28,1.9,1.46,-,-,-,-,2.1,1.62,-,-,-,-,-,-,1744,1343,1261,971,82,63,23.9,18.4,-,-,-,-,-,-,-,-,-,-,316,243.32,-,-,-,-,-,-,-,-,-,-,-,-,-,-,-,-,-,-,-,-,-,-,-,-,-,-,-,-,-,-,-,-,-,-,-,-,-,-,413,318,-,-,10.02,7.72
Fish and seafood,Dried fish maw,"Dehydrated fish maw with golden-white to amber color, spongy and fibrous texture",Fish and seafood,Processed fish and seafood,100%,1 piece(s) = 10g,-,Borrowed,2025,Per 100g,Per Serving (10g),278,28,64.1,6.41,0.5,0.05,-,-,-,-,4.4,0.44,-,-,-,-,0,0,-,-,-,-,31,3,-,-,23.5,2.35,-,-,-,-,-,-,-,-,-,-,-,-,-,-,-,-,-,-,-,-,-,-,-,-,-,-,-,-,-,-,-,-,-,-,-,-,-,-,-,-,-,-,-,-,-,-,-,-,-,-,-,-,-,-
Fish and seafood,Boiled clams (la la),Boiled clams with shells intact,Fish and seafood,Seafood,100%,1 scoop(s) (serving spoon) = 100g,-,Borrowed,2025,Per 100g,Per Serving (100g),148,148,25.55,25.55,1.95,1.95,0.19,0.19,-,-,5.13,5.13,-,-,-,-,0,0,1202,1202,628,628,92,92,2.81,2.81,63.64,63.64,-,-,0.55,0.55,0.17,0.17,138,138,67,67,-,-,-,-,-,-,-,-,-,-,-,-,-,-,171,171,-,-,-,-,0.15,0.15,0.43,0.43,0.11,0.11,29,29,98.89,98.89,22.1,22.1,-,-,-,-,-,-,338,338,64,64,2.73,2.73
Fish and seafood,"Abalone, raw","Fresh uncooked marine mollusk, pearl white to beige flesh, firm and chewy texture, deshelled.",Fish and seafood,Seafood,100%,1 whole (medium) = 100g,1 whole (baby) = 20g,Borrowed,2025,Per 100g,Per Serving (100g),105,105,17.1,17.1,0.76,0.76,0.15,0.15,-,-,6.01,6.01,0,0,-,-,0,0,301,301,250,250,31,31,3.19,3.19,74.56,74.56,-,-,0.1,0.1,0.11,0.11,49,49,85,85,-,-,-,-,-,-,-,-,-,-,-,-,-,-,2,2,2,2,0,0,0.19,0.19,0.1,0.1,0.15,0.15,5,5,0.73,0.73,2,2,0,0,5.96,5.96,23,23,190,190,44.8,44.8,0.82,0.82
Fish and seafood,"Black tiger prawn, raw","Fresh uncooked crustacean with dark grey-blue striped shell, white to pinkish flesh, firm and succulent texture",Fish and seafood,Seafood,50%,1 whole = 55g,-,Borrowed,2025,Per 100g,Per Serving (55g),82,23,18.4,5.06,0.3,0.08,0.04,0.01,-,-,0.3,0.08,-,-,-,-,0,0,150,41,230,63,67,18,0.2,0.06,79.9,21.97,-,-,0.06,0.02,0.03,0.01,-,-,150,41.25,-,-,-,-,-,-,-,-,-,-,-,-,-,-,1,0.28,1,0.28,0,0,0.07,0.02,0.03,0.01,0.07,0.02,15,4.13,0.9,0.25,Trace,Trace,0,0,2.1,0.58,0,0,210,58,26,7.15,1.4,0.38
Fish and seafood,"Blue crab, raw","Raw, uncooked crustacean with blue-green shell, tender and sweet meat",Fish and seafood,Seafood,35%,1 whole = 250g,1 quarter(s) = 63g,Borrowed,2025,Per 100g,Per Serving (250g),87,76,18.06,15.8,1.08,0.95,0.22,0.19,-,-,0.04,0.03,-,-,-,-,0,0,293,256,329,288,89,78,0.74,0.65,79.02,69.14,-,-,0.39,0.34,0.19,0.17,320,280,78,68.25,-,-,-,-,-,-,-,-,-,-,-,-,-,-,2,1.75,2,1.75,-,-,0.08,0.07,0.04,0.03,0.15,0.13,44,38.5,9,7.87,3,2.63,-,-,-,-,-,-,229,200,37.4,32.73,3.54,3.1
Fish and seafood,Boiled scallop,"Boiled scallop with tender, firm texture and sweet, delicate flavour",Fish and seafood,Seafood,100%,1 cup(s) = 135g,1 whole = 30g,Borrowed,2025,Per 100g,Per Serving (135g),111,150,20.54,27.73,0.84,1.13,0.22,0.3,Trace,Trace,5.41,7.3,0,0,-,-,0,0,667,900,314,424,10,14,0.58,0.78,70.25,94.84,-,-,0.22,0.3,0.08,0.11,176,237.6,41,55.35,0,0,0,0,0,0,0,0,0,0,0,0,3.69,4.98,2,2.7,2,2.7,0,0,0.01,0.01,0.02,0.03,0.11,0.15,20,27,2.15,2.9,0,0,2,2.7,0,0,0,0,426,575,21.7,29.3,1.55,2.09
Fish and seafood,"Clam, raw","Fresh uncooked clam with hard shell, white to beige meat, firm and chewy texture",Fish and seafood,Seafood,40%,1 whole (medium) = 15g,"1 whole (small) = 9g, 1 whole (large) = 20g",Borrowed,2025,Per 100g,Per Serving (15g),86,5,14.67,0.88,0.96,0.06,0.19,0.01,Trace,Trace,3.57,0.21,0,0,-,-,0,0,601,36,46,3,39,2,1.62,0.1,78.98,4.74,-,-,0.19,0.01,0.12,0.01,107,6.42,30,1.8,0,0,0,0,0,0,0,0,0,0,0,0,1.4,0.08,90,5.4,90,5.4,0,0,0.02,Trace,0.04,Trace,0.01,Trace,5,0.3,11.28,0.68,0,0,1,0.06,1.01,0.06,0.2,0.01,198,12,30.6,1.84,0.51,0.03
Fish and seafood,"Cockle, raw","Fresh uncooked cockle, white to beige meat, tender and chewy texture, deshelled.",Fish and seafood,Seafood,100%,1 cup(s) = 240g,-,Borrowed,2025,Per 100g,Per Serving (240g),79,190,13.5,32.4,0.7,1.68,-,-,-,-,4.7,11.28,-,-,-,-,-,-,-,-,-,-,30,72,16.2,38.88,78.8,189.12,-,-,-,-,-,-,-,-,-,-,-,-,-,-,-,-,-,-,-,-,-,-,-,-,-,-,-,-,-,-,0.01,0.02,0.2,0.48,-,-,-,-,-,-,-,-,-,-,-,-,-,-,-,-,-,-,-,-
Fish and seafood,"Crayfish, raw","Fresh uncooked freshwater crayfish with reddish-brown shell, translucent to white meat, firm and sweet texture",Fish and seafood,Seafood,12%,1 whole = 500g,-,Borrowed,2025,Per 100g,Per Serving (500g),77,46,15.97,9.58,0.95,0.57,0.16,0.1,-,-,0,0,0,0,-,-,0,0,58,35,302,181,27,16,0.84,0.5,82.24,49.34,-,-,0.29,0.17,0.17,0.1,142,85.2,114,68.4,-,-,-,-,-,-,-,-,-,-,-,-,-,-,16,9.6,16,9.6,0,0,0.07,0.04,0.03,0.02,0.11,0.07,37,22.2,2,1.2,1.2,0.72,0,0,4.25,2.55,0.1,0.06,256,154,31.6,18.96,1.3,0.78
Fish and seafood,"Cuttlefish, raw","Fresh uncooked cuttlefish with translucent white flesh, firm and smooth texture",Fish and seafood,Seafood,65%,1 whole = 89g,-,Borrowed,2025,Per 100g,Per Serving (89g),79,46,16.24,9.39,0.7,0.4,0.12,0.07,-,-,0.82,0.47,-,-,-,-,0,0,372,215,354,205,90,52,6.02,3.48,80.56,46.6,-,-,0.13,0.08,0.08,0.05,105,60.74,112,64.79,-,-,-,-,-,-,-,-,-,-,-,-,-,-,113,65.37,113,65.37,-,-,0.01,0.01,0.91,0.53,0.15,0.09,16,9.26,3,1.74,5.3,3.07,-,-,-,-,-,-,387,224,44.8,25.92,1.73,1
Fish and seafood,"Jellyfish, raw","Fresh uncooked jellyfish with translucent white to light blue coloring, crisp and crunchy texture",Fish and seafood,Seafood,100%,1 piece(s) = 40g,1 cup(s) = 238g,Borrowed,2025,Per 100g,Per Serving (40g),33,13,3.7,1.48,0.3,0.12,-,-,-,-,3.8,1.52,-,-,-,-,-,-,325,130,160,64,150,60,4.8,1.92,-,-,-,-,-,-,-,-,-,-,8,3.2,-,-,-,-,-,-,-,-,-,-,-,-,-,-,-,-,-,-,-,-,-,-,-,-,-,-,-,-,-,-,-,-,-,-,-,-,-,-,30,12,-,-,0.55,0.22
Fish and seafood,"Lobster, raw","Fresh uncooked crustacean with dark blue-black shell, white to translucent flesh, firm and succulent texture",Fish and seafood,Seafood,30%,1 whole = 150g,-,Borrowed,2025,Per 100g,Per Serving (150g),77,35,16.52,7.43,0.75,0.34,0.18,0.08,Trace,Trace,0,0,0,0,-,-,0,0,423,190,200,90,84,38,0.26,0.12,80.95,36.43,-,-,0.3,0.14,0.22,0.1,170,76.5,127,57.15,0,0,0,0,0,0,0,0,0,0,0,0,0,0,1,0.45,1,0.45,0,0,0.02,0.01,0.01,Trace,0.1,0.05,10,4.5,1.25,0.56,0,0,1,0.45,1.3,0.59,0,0,161,72,63.6,28.62,3.53,1.59
Fish and seafood,"Shark fillet, raw","Fresh uncooked boneless fillets with firm white to pinkish flesh, dense and meaty texture.",Fish and seafood,Seafood,100%,1 fillet(s) = 200g,-,Borrowed,2025,Per 100g,Per Serving (200g),104,208,24.6,49.2,0.4,0.8,0.1,0.2,0,0,0,0,0,0,0,0,0,0,180,360,345,690,10,20,0.16,0.32,77.4,154.8,3.94,7.88,0.14,0.28,0.06,0.12,102.53,205.06,61,122,0,0,0,0,0,0,0,0,0,0,0,0,0,0,0,0,0,0,0,0,0,0,0.06,0.12,0.16,0.32,0,0,0.8,1.6,0,0,84,168,0.48,0.96,-,-,208,416,38,76,0.34,0.68
Fish and seafood,"Squid, raw",Fresh uncooked squid with translucent white flesh and purplish-grey skin,Fish and seafood,Seafood,93%,1 whole (medium) = 500g,-,Borrowed,2025,Per 100g,Per Serving (500g),92,428,15.58,72.45,1.38,6.42,0.36,1.67,-,-,3.08,14.32,0,0,-,-,0,0,44,205,246,1144,32,149,0.68,3.16,78.55,365.26,-,-,0.52,2.42,0.11,0.51,488,2269.2,233,1083.45,-,-,-,-,-,-,-,-,-,-,-,-,-,-,10,46.5,10,46.5,0,0,0.02,0.09,0.41,1.91,0.06,0.28,5,23.25,1.3,6.05,4.7,21.86,0,0,1.79,8.32,0,0,221,1028,44.8,208.32,1.53,7.11
Fish and seafood,Steamed clam,Steamed marine bivalve mollusk in shells with tender and chewy flesh.,Fish and seafood,Seafood,25%,1 whole (medium) = 15g,"1 whole (small) = 9g, 1 whole (large) = 20g",Borrowed,2025,Per 100g,Per Serving (15g),148,6,25.55,0.96,1.95,0.07,0.19,0.01,-,-,5.13,0.19,-,-,-,-,0,0,1202,45,628,24,92,3,2.81,0.11,63.64,2.39,-,-,0.55,0.02,0.17,0.01,284,10.65,67,2.51,-,-,-,-,-,-,-,-,-,-,-,-,-,-,171,6.41,-,-,-,-,0.15,0.01,0.43,0.02,0.11,Trace,29,1.09,98.89,3.71,22.1,0.83,-,-,-,-,-,-,338,13,64,2.4,2.73,0.1
Fish and seafood,Steamed crayfish,"Steamed freshwater crayfish with bright red shell, translucent to white meat, firm and sweet texture",Fish and seafood,Seafood,12%,1 whole = 500g,-,Borrowed,2025,Per 100g,Per Serving (500g),82,49,16.77,10.06,1.2,0.72,0.18,0.11,-,-,0,0,0,0,-,-,0,0,94,56,296,178,60,36,0.83,0.5,79.37,47.62,-,-,0.37,0.22,0.24,0.14,166,99.6,133,79.8,-,-,-,-,-,-,-,-,-,-,-,-,-,-,15,9,15,9,0,0,0.05,0.03,0.09,0.05,0.08,0.05,44,26.4,2.15,1.29,0.9,0.54,0,0,2.24,1.34,0.1,0.06,270,162,36.7,22.02,1.76,1.06
Fish and seafood,Steamed cuttlefish,"Steamed cuttlefish with translucent white flesh, firm and smooth texture",Fish and seafood,Seafood,65%,1 piece(s) = 110g,-,Borrowed,2025,Per 100g,Per Serving (110g),158,113,32.48,23.22,1.4,1,0.24,0.17,-,-,1.64,1.17,-,-,-,-,0,0,744,532,637,455,180,129,10.84,7.75,61.12,43.7,-,-,0.27,0.19,0.16,0.11,210,150.15,224,160.16,-,-,-,-,-,-,-,-,-,-,-,-,-,-,203,145.14,203,145.14,-,-,0.02,0.01,1.73,1.24,0.27,0.19,24,17.16,5.4,3.86,8.5,6.08,-,-,-,-,-,-,580,415,89.6,64.06,3.46,2.47
Fish and seafood,Steamed lobster,"Steamed large crustacean with red shell, white to translucent flesh, firm and succulent texture",Fish and seafood,Seafood,30%,1 whole = 150g,-,Borrowed,2025,Per 100g,Per Serving (150g),89,40,19,8.55,0.86,0.39,0.21,0.09,Trace,Trace,0,0,0,0,-,-,0,0,486,219,230,104,96,43,0.29,0.13,78.11,35.15,-,-,0.34,0.15,0.25,0.11,195,87.75,146,65.7,0,0,0,0,0,0,0,0,0,0,0,0,0,0,1,0.45,1,0.45,0,0,0.02,0.01,0.02,0.01,0.12,0.05,11,4.95,1.43,0.64,0,0,1,0.45,1.49,0.67,0,0,185,83,73.1,32.89,4.05,1.82
Fish and seafood,Steamed mussel,Steamed shellfish with blue-black shell and orange-yellow meat,Fish and seafood,Seafood,40%,1 whole (medium) = 16g,"1 whole (small) = 10g, 1 whole (large) = 20g",Borrowed,2025,Per 100g,Per Serving (16g),172,11,23.8,1.52,4.48,0.29,0.85,0.05,-,-,7.39,0.47,-,-,-,-,0,0,369,24,268,17,33,2,6.72,0.43,61.15,3.91,-,-,1.21,0.08,1.01,0.06,782,50.05,56,3.58,-,-,-,-,-,-,-,-,-,-,-,-,-,-,91,5.82,91,5.82,-,-,0.3,0.02,0.42,0.03,0.1,0.01,76,4.86,24,1.54,13.6,0.87,-,-,-,-,-,-,285,18,89.6,5.73,2.67,0.17
Fish and seafood,Assam prawn,Prawn fried in thick chilli sauce,Fish and seafood,Seafood-based dishes,100%,1 scoop(s) (serving spoon) = 122g,-,Lab Analysis,2010,Per 100g,Per Serving (122g),110,134,16,19.52,3.88,4.73,1.28,1.56,-,-,2.72,3.32,2.17,2.65,-,-,1.97,2.4,723,882,-,-,86,105,0.59,0.72,-,-,-,-,1.2,1.46,1.22,1.49,-,-,-,-,-,-,-,-,-,-,-,-,-,-,-,-,-,-,Trace,Trace,-,-,-,-,-,-,-,-,-,-,-,-,-,-,0.1,0.12,-,-,-,-,-,-,-,-,-,-,-,-
Fish and seafood,Black pepper crab,Crab stir-fried with black pepper sauce,Fish and seafood,Seafood-based dishes,49%,1 pincer(s) = 177g,1 quarter(s) = 384g,Lab Analysis,2010,Per 100g,Per Serving (177g),132,114,19,16.48,6.27,5.44,2.3,1.99,-,-,0,0,0,0,-,-,0,0,894,775,-,-,454,394,2.1,1.82,-,-,-,-,0.4,0.35,1.7,1.47,-,-,-,-,-,-,-,-,-,-,-,-,-,-,-,-,-,-,Trace,Trace,-,-,-,-,-,-,-,-,-,-,-,-,-,-,0,0,-,-,-,-,-,-,-,-,-,-,-,-
Fish and seafood,Cereal prawn,Deep-fried prawns coated with cereal flakes,Fish and seafood,Seafood-based dishes,67%,1 scoop(s) (serving spoon) = 100g,1 plate(s) = 319g,Lab Analysis,2026,Per 100g,Per Serving (100g),351,235,15.7,10.52,23.65,15.85,12.55,8.41,0,0,18.92,12.68,2.1,1.41,-,-,1.9,1.27,440,295,286,192,142,95,4.63,3.1,37.85,25.36,-,-,-,-,-,-,-,-,-,-,0,0,0,0,0.4,0.27,0,0,1.7,1.14,0,0,-,-,-,-,-,-,-,-,-,-,-,-,-,-,-,-,-,-,-,-,-,-,-,-,-,-,-,-,-,-,-,-
Fish and seafood,Chilli crab,Crab stir-fried in thick red chilli and egg mixture gravy,Fish and seafood,Seafood-based dishes,100%,1 pincer(s) = 177g,1 quarter(s) = 384g,Lab Analysis,2024,Per 100g,Per Serving (177g),86,152,4.63,8.2,5.1,9.03,2.16,3.82,0,0,5.52,9.77,4.11,7.27,-,-,0.97,1.72,379,671,-,-,92,163,1.25,2.21,-,-,-,-,0.55,0.97,1.55,2.74,-,-,-,-,-,-,-,-,-,-,-,-,-,-,-,-,-,-,12.92,22.87,-,-,-,-,-,-,-,-,-,-,-,-,-,-,0,0,-,-,-,-,-,-,-,-,-,-,-,-
Fish and seafood,Fried baby sotong,Deep-fried baby squid,Fish and seafood,Seafood-based dishes,100%,1 scoop(s) (serving spoon) = 100g,-,Lab Analysis,2010,Per 100g,Per Serving (100g),418,418,30.2,30.2,27.5,27.5,12.5,12.5,-,-,12.3,12.3,-,-,-,-,0,0,741,741,-,-,65,65,2.9,2.9,-,-,-,-,3.3,3.3,10.5,10.5,-,-,-,-,-,-,-,-,-,-,-,-,-,-,-,-,-,-,3,3,-,-,-,-,-,-,-,-,-,-,-,-,-,-,-,-,-,-,-,-,-,-,-,-,-,-,-,-
Fish and seafood,Fried beancurd shrimp roll,Fried beancurd skin with shrimp,Fish and seafood,Seafood-based dishes,100%,1 piece(s) = 29g,-,Lab Analysis,2010,Per 100g,Per Serving (29g),265,77,16,4.64,19,5.51,7.27,2.11,-,-,7.6,2.2,2.2,0.64,-,-,2.4,0.7,459,133,-,-,37,11,1.2,0.35,-,-,-,-,3.02,0.88,7.85,2.28,-,-,-,-,-,-,-,-,-,-,-,-,-,-,-,-,-,-,5,1.45,-,-,-,-,-,-,-,-,-,-,-,-,-,-,0,0,-,-,-,-,-,-,-,-,-,-,-,-
Fish and seafood,Fried calamari rings,Deep-fried battered squid ring,Fish and seafood,Seafood-based dishes,100%,1 scoop(s) (serving spoon) = 100g,-,Lab Analysis,2010,Per 100g,Per Serving (100g),448,448,18.7,18.7,30.8,30.8,14.74,14.74,-,-,22.6,22.6,0.6,0.6,-,-,0.9,0.9,692,692,-,-,25,25,0.7,0.7,-,-,-,-,3.8,3.8,10.45,10.45,-,-,-,-,-,-,-,-,-,-,-,-,-,-,-,-,-,-,4,4,-,-,-,-,-,-,-,-,-,-,-,-,-,-,0,0,-,-,-,-,-,-,-,-,-,-,-,-
Fish and seafood,Fried cuttlefish with chili powder,Deep-fried cuttlefish strips seasoned with spicy chilli powder,Fish and seafood,Seafood-based dishes,100%,1 piece(s) = 100g,-,Lab Analysis,2010,Per 100g,Per Serving (100g),88,88,14.8,14.8,3,3,1.1,1.1,-,-,0.4,0.4,0,0,-,-,0,0,352,352,-,-,13,13,0,0,-,-,-,-,0.2,0.2,0.8,0.8,-,-,-,-,-,-,-,-,-,-,-,-,-,-,-,-,-,-,0,0,-,-,-,-,-,-,-,-,-,-,-,-,-,-,0,0,-,-,-,-,-,-,-,-,-,-,-,-
Fish and seafood,Fried wanton (pork & prawn),Deep-fried dumpling with minced pork and prawn filling,Fish and seafood,Seafood-based dishes,100%,1 piece(s) = 20g,-,Lab Analysis,2010,Per 100g,Per Serving (20g),424,85,11.7,2.34,29.9,5.98,13.6,2.72,0.01,Trace,26.9,5.38,-,-,-,-,1.5,0.3,735,147,-,-,36,7,0.9,0.18,-,-,-,-,4.7,0.94,10.3,2.06,-,-,-,-,-,-,-,-,-,-,-,-,-,-,-,-,-,-,4,0.8,-,-,-,-,-,-,-,-,-,-,-,-,-,-,-,-,-,-,-,-,-,-,-,-,-,-,-,-
Fish and seafood,Fried wanton (prawn),Deep-fried minced prawn meat mixed with corn starch and wrapped with wanton wrapper,Fish and seafood,Seafood-based dishes,100%,1 piece(s) = 26g,-,Lab Analysis,2010,Per 100g,Per Serving (26g),239,62,12.13,3.15,14.12,3.67,5.64,1.47,-,-,15.94,4.14,3.1,0.81,-,-,1.02,0.27,652,170,-,-,49,13,Trace,Trace,-,-,-,-,2.14,0.56,5.72,1.49,-,-,-,-,-,-,-,-,-,-,-,-,-,-,-,-,-,-,7.5,1.95,-,-,-,-,-,-,-,-,-,-,-,-,-,-,0,0,-,-,-,-,-,-,-,-,-,-,-,-
Fish and seafood,Har gao,"Minced prawns and fish meat, wrapped in a flour skin and steamed",Fish and seafood,Seafood-based dishes,100%,1 piece(s) = 25g,-,Lab Analysis,2025,Per 100g,Per Serving (25g),188,47,6.88,1.72,9.25,2.31,3.62,0.91,0.03,0.01,19.25,4.81,1.7,0.43,-,-,1.27,0.32,434,109,87,22,19,5,Trace,Trace,63.1,15.78,-,-,1.53,0.38,3.86,0.96,65,16.25,-,-,Trace,Trace,Trace,Trace,Trace,Trace,Trace,Trace,1.7,0.43,Trace,Trace,-,-,-,-,-,-,-,-,-,-,-,-,-,-,-,-,-,-,-,-,-,-,-,-,-,-,-,-,-,-,-,-
Fish and seafood,Prawn dumpling,"Steamed dumplings filled with minced prawns and bamboo shoots, served with vegetables in soup",Fish and seafood,Seafood-based dishes,100%,1 piece(s) = 49g,-,Lab Analysis,2025,Per 100g,Per Serving (49g),152,74,10.1,4.95,8.45,4.14,2.5,1.23,0.03,0.01,8.85,4.34,1.2,0.59,-,-,Trace,Trace,431,211,127,62,19,9,0.57,0.28,70.85,34.72,-,-,1.67,0.82,3.04,1.49,Trace,Trace,-,-,0.1,0.05,Trace,Trace,Trace,Trace,Trace,Trace,1.1,0.54,Trace,Trace,-,-,-,-,-,-,-,-,-,-,-,-,-,-,-,-,-,-,-,-,-,-,-,-,-,-,-,-,-,-,-,-
Fish and seafood,Prawn fritter,Deep-fried prawn with batter,Fish and seafood,Seafood-based dishes,97.60%,1 piece(s) = 97g,-,Lab Analysis,2026,Per 100g,Per Serving (97g),297,281,9.45,8.95,15,14.2,6.3,5.96,0,0,31.1,29.44,3.25,3.08,-,-,1.8,1.7,485,459,167,158,87,82,1.26,1.19,40.8,38.63,-,-,-,-,-,-,-,-,-,-,0.3,0.28,0.3,0.28,0.4,0.38,0,0,2.25,2.13,0,0,-,-,-,-,-,-,-,-,-,-,-,-,-,-,-,-,-,-,-,-,-,-,-,-,-,-,-,-,-,-,-,-
Fish and seafood,Prawn rolls (hae zho),Deep-fried minced prawn and pork rolls in beancurd skin,Fish and seafood,Seafood-based dishes,100%,1 piece(s) = 28g,-,Lab Analysis,2023,Per 100g,Per Serving (28g),262,73,13.83,3.87,15.86,4.44,7.06,1.98,-,-,16.04,4.49,0.2,0.06,-,-,2,0.56,614,172,-,-,-,-,-,-,-,-,-,-,-,-,-,-,-,-,-,-,-,-,-,-,-,-,-,-,-,-,-,-,-,-,-,-,-,-,-,-,-,-,-,-,-,-,-,-,-,-,-,-,-,-,-,-,-,-,-,-,-,-,-,-
Fish and seafood,Salted egg squid,Deep-fried squid coated in salted egg sauce,Fish and seafood,Seafood-based dishes,100%,1 scoop(s) (serving spoon) = 100g,-,Lab Analysis,2018,Per 100g,Per Serving (100g),379,379,10.88,10.88,29.42,29.42,14.99,14.99,0.06,0.06,17.72,17.72,3.72,3.72,-,-,1.11,1.11,508,508,-,-,60,60,1.34,1.34,-,-,-,-,3.08,3.08,11.28,11.28,-,-,-,-,-,-,-,-,-,-,-,-,-,-,-,-,-,-,124.65,124.65,-,-,-,-,-,-,-,-,-,-,-,-,-,-,0,0,-,-,-,-,-,-,-,-,-,-,-,-
Fish and seafood,Sambal clams (la la),Stir-fried clams in spicy chilli sambal sauce,Fish and seafood,Seafood-based dishes,100%,1 scoop(s) (serving spoon) = 100g,-,Lab Analysis,2018,Per 100g,Per Serving (100g),118,118,7.88,7.88,7.86,7.86,3.53,3.53,0.01,0.01,4,4,2.7,2.7,-,-,1.98,1.98,660,660,-,-,101,101,4.09,4.09,-,-,-,-,1.16,1.16,3.16,3.16,-,-,-,-,-,-,-,-,-,-,-,-,-,-,-,-,-,-,80.74,80.74,-,-,-,-,-,-,-,-,-,-,-,-,-,-,1.89,1.89,-,-,-,-,-,-,-,-,-,-,-,-
Fish and seafood,Sambal prawns,Malay-style spicy prawn dish stir fried in belachan (fermented shrimp paste block) and chilli,Fish and seafood,Seafood-based dishes,85.70%,1 scoop(s) (serving spoon) = 100g,1 plate(s) = 356g,Lab Analysis,2026,Per 100g,Per Serving (100g),122,105,9.2,7.88,7.6,6.51,3.3,2.83,0,0,4.18,3.58,3.85,3.3,-,-,1.25,1.07,500,429,167,143,55,47,1.02,0.87,75.95,65.09,-,-,-,-,-,-,-,-,-,-,1.4,1.2,1.65,1.41,0,0,0,0,0.8,0.69,0,0,-,-,-,-,-,-,-,-,-,-,-,-,-,-,-,-,-,-,-,-,-,-,-,-,-,-,-,-,-,-,-,-
Fish and seafood,Sambal sotong,Stir-fried cuttlefish with belachan (fermented shrimp paste block) and chilli,Fish and seafood,Seafood-based dishes,100%,1 scoop(s) (serving spoon) = 100g,-,Lab Analysis,2010,Per 100g,Per Serving (100g),115,115,12.3,12.3,5.2,5.2,2.38,2.38,-,-,4.8,4.8,3,3,-,-,2.3,2.3,888,888,-,-,32,32,1.2,1.2,-,-,-,-,0.46,0.46,1.95,1.95,-,-,-,-,-,-,-,-,-,-,-,-,-,-,-,-,-,-,90,90,-,-,-,-,-,-,-,-,-,-,-,-,-,-,1,1,-,-,-,-,-,-,-,-,-,-,-,-
Fish and seafood,Sambal stingray,Grilled stingray served with a layer of spicy sambal chilli paste,Fish and seafood,Seafood-based dishes,100%,1 plate(s) = 254g,-,Lab Analysis,2024,Per 100g,Per Serving (254g),167,424,16.45,41.78,8.25,20.96,2.68,6.81,0,0,6.75,17.15,4.15,10.54,-,-,2.5,6.35,473,1201,-,-,93,236,1.44,3.66,-,-,-,-,0.32,0.81,0.96,2.44,-,-,-,-,-,-,-,-,-,-,-,-,-,-,-,-,-,-,6.13,15.57,-,-,-,-,-,-,-,-,-,-,-,-,-,-,0,0,-,-,-,-,-,-,-,-,-,-,-,-
Fish and seafood,Sambal tumis sotong kering,"Dried cuttlefish fried with ground peanut, anchovy, tamarind and belachan",Fish and seafood,Seafood-based dishes,100%,1 scoop(s) (serving spoon) = 100g,-,Lab Analysis,2010,Per 100g,Per Serving (100g),207,207,18.3,18.3,13.7,13.7,3.71,3.71,-,-,2.5,2.5,1.65,1.65,-,-,4.8,4.8,818,818,-,-,150,150,4.23,4.23,-,-,-,-,4.38,4.38,5,5,-,-,-,-,-,-,-,-,-,-,-,-,-,-,-,-,-,-,180.9,180.9,-,-,-,-,-,-,-,-,-,-,-,-,-,-,0.2,0.2,-,-,-,-,-,-,-,-,-,-,-,-
Fish and seafood,Seafood soup,"Clear soup with prawns, crabstick, fish, tofu, vegetables and seaweed",Fish and seafood,Seafood-based dishes,97.33%,1 bowl(s) = 674g,-,Lab Analysis,2025,Per 100g,Per Serving (674g),24,157,1.48,9.71,0.4,2.62,0.1,0.66,Trace,Trace,3.55,23.29,Trace,Trace,-,-,Trace,Trace,267,1752,90,590,21,138,0.16,1.05,93.85,615.66,-,-,0.08,0.52,0.1,0.66,5,32.8,-,-,Trace,Trace,Trace,Trace,Trace,Trace,Trace,Trace,Trace,Trace,Trace,Trace,-,-,-,-,-,-,-,-,-,-,-,-,-,-,-,-,-,-,-,-,-,-,-,-,-,-,-,-,-,-,-,-
Fish and seafood,Seafood tom yum soup (clear),"Thai-style spicy and tangy soup, cooked with mixed seafood and lemon grass",Fish and seafood,Seafood-based dishes,100%,1 bowl(s) = 546g,-,Lab Analysis,2023,Per 100g,Per Serving (546g),38,207,3.02,16.49,0.97,5.3,0.29,1.58,-,-,4.24,23.15,2.3,12.56,-,-,0.75,4.1,646,3527,-,-,-,-,-,-,-,-,-,-,-,-,-,-,-,-,-,-,-,-,-,-,-,-,-,-,-,-,-,-,-,-,-,-,-,-,-,-,-,-,-,-,-,-,-,-,-,-,-,-,-,-,-,-,-,-,-,-,-,-,-,-
Fish and seafood,Sotong masak hitam,Squid cooked with chilli gravy,Fish and seafood,Seafood-based dishes,100%,1 scoop(s) (serving spoon) = 100g,-,Lab Analysis,2010,Per 100g,Per Serving (100g),155,155,14.3,14.3,10.6,10.6,4.9,4.9,-,-,0.7,0.7,Trace,Trace,-,-,1.5,1.5,712,712,-,-,36,36,2.5,2.5,-,-,-,-,1.1,1.1,4.1,4.1,-,-,-,-,-,-,-,-,-,-,-,-,-,-,-,-,-,-,117,117,-,-,-,-,-,-,-,-,-,-,-,-,-,-,Trace,Trace,-,-,-,-,-,-,-,-,-,-,-,-
Fish and seafood,Sotong panggang,Grilled squid with spices and marinade,Fish and seafood,Seafood-based dishes,100%,1 scoop(s) (serving spoon) = 100g,-,Lab Analysis,2010,Per 100g,Per Serving (100g),121,121,14.2,14.2,5.63,5.63,2.51,2.51,Trace,Trace,3.3,3.3,2.4,2.4,-,-,3.3,3.3,541,541,-,-,44,44,1.75,1.75,-,-,-,-,1.08,1.08,2.04,2.04,-,-,-,-,-,-,-,-,-,-,-,-,-,-,-,-,-,-,10.9,10.9,-,-,-,-,-,-,-,-,-,-,-,-,-,-,Trace,Trace,-,-,-,-,-,-,-,-,-,-,-,-
Fish and seafood,Stir fried cuttlefish with chilli,Stir-fried cuttlefish with sliced onions and chilli,Fish and seafood,Seafood-based dishes,100%,1 scoop(s) (serving spoon) = 100g,-,Lab Analysis,2010,Per 100g,Per Serving (100g),144,144,11.5,11.5,9.73,9.73,2.79,2.79,-,-,2.51,2.51,2.41,2.41,-,-,0,0,503,503,-,-,61,61,2.07,2.07,-,-,-,-,3.19,3.19,3.31,3.31,-,-,-,-,-,-,-,-,-,-,-,-,-,-,-,-,-,-,132.78,132.78,-,-,-,-,-,-,-,-,-,-,-,-,-,-,2,2,-,-,-,-,-,-,-,-,-,-,-,-
Fish and seafood,Fish and chips,"Deep-fried battered fish, served with tartar sauce and fries on the side",Fish and seafood,Fish-based dishes,100%,1 plate(s) = 345g,-,Derived,2026,Per 100g,Per Serving (345g),264,911,7.86,27.12,16.65,57.44,6.21,21.42,0.09,0.31,20.54,70.86,1.02,3.52,-,-,1.47,5.07,452,1559,244,842,15,52,0.79,2.73,52.57,181.37,-,-,2.41,8.31,6.26,21.6,Trace,Trace,-,-,0.28,0.97,0.25,0.86,Trace,Trace,Trace,Trace,0.5,1.73,Trace,Trace,-,-,-,-,-,-,-,-,-,-,-,-,-,-,-,-,-,-,-,-,-,-,-,-,-,-,-,-,-,-,-,-
Fruit,Avocado,Pear-shaped green fruit with creamy buttery texture when ripe. Seed removed,Fruit,Fresh fruit,72%,1 whole = 272g,-,Borrowed,2025,Per 100g,Per Serving (272g),160,313,2,3.92,14.66,28.71,2.13,4.17,0,0,8.53,16.71,0.66,1.29,-,-,6.7,13.12,7,14,485,950,12,24,0.55,1.08,73.23,143.41,-,-,1.82,3.56,9.8,19.19,0,0,0,0,0.37,0.72,0.12,0.24,0,0,0.1,0.2,0.06,0.12,0,0,0.11,0.22,7,13.71,0,0,62,121.42,0.07,0.14,0.13,0.25,0.26,0.51,81,158.63,0,0,10,19.58,0,0,3.08,6.03,21,41.13,52,102,0.4,0.78,0.64,1.25
Fruit,Banana,Elongated and curved tropical fruit with soft sweet flesh. Skin removed,Fruit,Fresh fruit,65%,1 whole (medium) = 118g,-,Borrowed,2025,Per 100g,Per Serving (118g),94,72,1.4,1.07,0.2,0.15,0,0,0,0,19.6,15.03,12.8,9.82,-,-,2.2,1.69,0,0,-,-,5,4,0.29,0.22,-,-,-,-,0,0,0,0,-,-,-,-,-,-,-,-,-,-,-,-,-,-,-,-,6.8,5.22,44.2,33.9,-,-,-,-,-,-,-,-,-,-,-,-,-,-,8.72,6.69,-,-,-,-,-,-,-,-,-,-,-,-
Fruit,Cut mixed fruits,"A mixture of sliced papaya, pineapple, honeydew and watermelon",Fruit,Fresh fruit,86.94%,1 cup(s) = 289g,-,Derived,2026,Per 100g,Per Serving (289g),58,146,0.35,0.88,0.31,0.78,0.07,0.18,0.27,0.68,7.17,18.02,5.37,13.49,2.75,6.91,0.86,2.16,4,10,82,206,87,219,3.89,9.77,44.06,110.7,0.24,0.6,0.03,0.08,0.04,0.1,0,0,12.18,30.6,1.55,3.89,2.44,6.13,1,2.51,0,0,1.31,3.29,0,0,3.07,7.71,19.34,48.59,10.15,25.5,87.19,219.07,0.02,0.05,0.03,0.08,0.09,0.23,14.57,36.61,6.43,16.16,29.18,73.32,6.09,15.3,0.14,0.35,0.91,2.29,7,18,0.2,0.5,0.11,0.28
Fruit,Durian,"Large spiky fruit with creamy yellow flesh, strong distinctive aroma and a rich custard-like texture",Fruit,Fresh fruit,100%,1 piece(s) (seed) = 27g,-,Lab Analysis,2010,Per 100g,Per Serving (27g),165,45,2.5,0.68,4.1,1.11,1.1,0.3,0,0,29.6,7.99,21.1,5.7,-,-,3.2,0.86,3,1,-,-,5,1,0.5,0.14,-,-,-,-,0.25,0.07,1.89,0.51,-,-,-,-,-,-,-,-,-,-,-,-,-,-,-,-,-,-,68,18.36,-,-,-,-,-,-,-,-,-,-,-,-,-,-,21.4,5.78,-,-,-,-,-,-,-,-,-,-,-,-
Fruit,Lime,"Small round green citrus fruit with yellow flesh, seeds and sour juice",Fruit,Fresh fruit,70%,1 whole = 35g,-,Borrowed,2025,Per 100g,Per Serving (35g),30,7,0.7,0.17,0.2,0.05,0.02,Trace,0,0,10.54,2.58,-,-,-,-,2.8,0.69,2,Trace,102,25,33,8,0.6,0.15,88.26,21.62,-,-,0.06,0.01,0.02,Trace,0,0,0,0,-,-,-,-,-,-,-,-,-,-,-,-,-,-,2,0.49,0,0,30,7.35,0.03,0.01,0.02,Trace,0.04,0.01,8,1.96,0,0,29.1,7.13,0,0,0.33,0.08,0.6,0.15,18,4,0.4,0.1,0.11,0.03
Fruit,Longan,Small round brown fruit with sweet translucent flesh wrapped around a small black seed,Fruit,Fresh fruit,72%,1 handful(s) = 50g,-,Borrowed,2025,Per 100g,Per Serving (50g),60,22,1.31,0.47,0.1,0.04,-,-,0,0,15.14,5.45,-,-,-,-,1.1,0.4,0,0,266,96,1,Trace,0.13,0.05,82.75,29.79,-,-,-,-,-,-,-,-,0,0,-,-,-,-,-,-,-,-,-,-,-,-,-,-,-,-,-,-,-,-,0.03,0.01,0.14,0.05,-,-,-,-,0,0,84,30.24,-,-,-,-,-,-,21,8,-,-,0.05,0.02
Fruit,Sea coconut,Sweet preserved fruit from attap palm with translucent jelly-like texture,Fruit,Fresh fruit,100%,1 piece(s) = 125g,-,Lab Analysis,2010,Per 100g,Per Serving (125g),86,108,0.3,0.38,0,0,0,0,0,0,21.3,26.63,14.1,17.63,-,-,0.6,0.75,8,10,-,-,5,6,0.1,0.13,-,-,-,-,0,0,0,0,-,-,-,-,-,-,-,-,-,-,-,-,-,-,-,-,-,-,0,0,-,-,-,-,-,-,-,-,-,-,-,-,-,-,0,0,-,-,-,-,-,-,-,-,-,-,-,-
Fruit,Watermelon,Large round green-striped melon with sweet juicy red flesh and seeds,Fruit,Fresh fruit,51%,1 slice(s) (triangle) = 130g,-,Borrowed,2025,Per 100g,Per Serving (130g),30,20,0.61,0.4,0.15,0.1,0.01,0.01,0,0,7.55,5.01,6.2,4.11,-,-,0.4,0.27,1,1,-,-,7,5,0.24,0.16,-,-,-,-,0.05,0.03,0.03,0.02,-,-,-,-,-,-,-,-,-,-,-,-,-,-,-,-,-,-,28,18.56,-,-,-,-,-,-,-,-,-,-,-,-,-,-,8.1,5.37,-,-,-,-,-,-,-,-,-,-,-,-
Fruit,Kedondong,"Fresh kedondong, light green in colour, firm and crisp texture with sour-tart taste.",Fruit,Fresh fruit,69%,1 whole = 50g,-,Borrowed,2025,Per 100g,Per Serving (50g),89,31,0.7,0.24,0.24,0.08,-,-,-,-,20.96,7.23,-,-,-,-,-,-,-,-,-,-,114,39,1.1,0.38,76.8,26.5,-,-,-,-,-,-,-,-,-,-,-,-,-,-,-,-,-,-,-,-,-,-,-,-,-,-,0,0,-,-,0.05,0.02,0.19,0.07,-,-,-,-,-,-,150,51.75,-,-,-,-,-,-,42,14,-,-,-,-
Fruit,Lime juice,"Fresh citrus juice, clear light green in colour, liquid with sharp tart-acidic taste.",Fruit,Fresh fruit,100%,1 cup(s) = 242g,-,Borrowed,2025,Per 100g,Per Serving (242g),25,61,0.42,1.02,0.07,0.17,0.01,0.02,0,0,8.42,20.38,1.69,4.09,-,-,0.4,0.97,2,5,117,283,14,34,0.09,0.22,90.79,219.71,-,-,0.02,0.05,0.01,0.02,0,0,0,0,0.6,1.45,0.61,1.48,0,0,0,0,0.48,1.16,0,0,0,0,2,4.84,0,0,30,72.6,0.03,0.07,0.02,0.05,0.04,0.1,10,24.2,0,0,30,72.6,0,0,0.33,0.8,0.6,1.45,14,34,0.1,0.24,0.08,0.19
Fruit,Soursop,"Fresh tropical fruit, green spiky exterior with white flesh, soft creamy texture with sweet-tart taste.",Fruit,Fresh fruit,68%,1 whole = 625g,-,Borrowed,2025,Per 100g,Per Serving (625g),66,281,1,4.25,0.3,1.28,0.05,0.21,0,0,16.84,71.57,13.54,57.55,-,-,3.3,14.03,14,60,278,1182,14,60,0.6,2.55,81.16,344.93,-,-,0.07,0.3,0.09,0.38,0,0,0,0,-,-,-,-,-,-,-,-,-,-,-,-,-,-,0,0,0,0,1,4.25,0.07,0.3,0.05,0.21,0.06,0.26,14,59.5,0,0,20.6,87.55,0,0,0.12,0.51,0.4,1.7,27,115,0.6,2.55,0.1,0.43
Fruit,Fruit salad,Canned mixed fruits combined in a sugar-based syrup,Fruit,Fruit-based dishes,100%,1 cup(s) = 260g,-,Borrowed,2025,Per 100g,Per Serving (260g),51,133,0.4,1.04,0.1,0.26,0,0,-,-,11,28.6,11,28.6,-,-,1.1,2.86,4,10,-,-,5,13,0.4,1.04,-,-,-,-,0,0,0,0,-,-,-,-,-,-,-,-,-,-,-,-,-,-,-,-,-,-,39,101.4,-,-,-,-,-,-,-,-,-,-,-,-,-,-,1,2.6,-,-,-,-,-,-,-,-,-,-,-,-
Grains and staples,Appam,South Indian rice and coconut pancake with crispy edges and soft centre,Grains and staples,Batter-based dishes,100%,1 piece(s) = 72g,-,Lab Analysis,2024,Per 100g,Per Serving (72g),221,159,4.45,3.2,2.82,2.03,2.34,1.68,-,-,44.57,32.09,3.77,2.71,-,-,1.79,1.29,347,250,-,-,-,-,-,-,-,-,-,-,-,-,-,-,-,-,-,-,-,-,-,-,-,-,-,-,-,-,-,-,-,-,-,-,-,-,-,-,-,-,-,-,-,-,-,-,-,-,-,-,-,-,-,-,-,-,-,-,-,-,-,-
Grains and staples,Idli,"Small, fluffy, spherical bread with tapered edges, made with ground rice and urad dahl, served with sambar and chutney",Grains and staples,Batter-based dishes,100%,1 piece(s) = 269g,-,Lab Analysis,2025,Per 100g,Per Serving (269g),129,347,5.37,14.45,0.95,2.56,0.17,0.46,Trace,Trace,24.8,66.71,Trace,Trace,-,-,3.66,9.85,306,823,167,449,13,35,0.79,2.13,67.2,180.77,-,-,0.21,0.56,0.21,0.56,Trace,Trace,-,-,Trace,Trace,Trace,Trace,Trace,Trace,Trace,Trace,Trace,Trace,Trace,Trace,-,-,-,-,-,-,-,-,-,-,-,-,-,-,-,-,-,-,-,-,-,-,-,-,-,-,-,-,-,-,-,-
Grains and staples,Masala thosai,"Indian-style wafer filled with spiced potato, long bean, carrot, pea and green chilli, served with sambar and chutney",Grains and staples,Batter-based dishes,100%,1 piece(s) = 271g,-,Lab Analysis,2025,Per 100g,Per Serving (271g),162,439,4.34,11.76,5.8,15.72,2.27,6.15,0.04,0.11,22.95,62.19,0.45,1.22,-,-,3,8.13,395,1070,226,612,16,43,0.81,2.2,64.8,175.61,-,-,0.69,1.87,2.28,6.18,Trace,Trace,-,-,0.15,0.41,0.3,0.81,Trace,Trace,Trace,Trace,Trace,Trace,Trace,Trace,-,-,-,-,-,-,-,-,-,-,-,-,-,-,-,-,-,-,-,-,-,-,-,-,-,-,-,-,-,-,-,-
Grains and staples,Paper thosai,"Fried indian bread, thin and crispy",Grains and staples,Batter-based dishes,100%,1 piece(s) = 50g,-,Lab Analysis,2010,Per 100g,Per Serving (50g),305,153,6.4,3.2,10.8,5.4,5.5,2.75,-,-,45.8,22.9,1.4,0.7,-,-,2.7,1.35,437,219,-,-,14,7,0.7,0.35,-,-,-,-,0.97,0.49,3.81,1.91,-,-,-,-,-,-,-,-,-,-,-,-,-,-,-,-,-,-,2,1,-,-,-,-,-,-,-,-,-,-,-,-,-,-,Trace,Trace,-,-,-,-,-,-,-,-,-,-,-,-
Grains and staples,Rawa thosai,"Thin, flat round pancake-like bread, made with suji flour, black gram dhal, shallots, chillies",Grains and staples,Batter-based dishes,100%,1 piece(s) = 85g,-,Lab Analysis,2010,Per 100g,Per Serving (85g),240,204,4.94,4.2,6.92,5.88,3.29,2.8,-,-,39.44,33.52,1.09,0.93,-,-,1.02,0.87,437,371,-,-,13,11,1.08,0.92,-,-,-,-,0.63,0.54,2.7,2.3,-,-,-,-,-,-,-,-,-,-,-,-,-,-,-,-,-,-,5.5,4.68,-,-,-,-,-,-,-,-,-,-,-,-,-,-,0,0,-,-,-,-,-,-,-,-,-,-,-,-
Grains and staples,Thosai,"Indian-style round, pancake-like bread made with fermented rice and gram batter, served with chutney and sambar",Grains and staples,Batter-based dishes,100%,1 piece(s) = 156g,-,Lab Analysis,2025,Per 100g,Per Serving (156g),258,402,7,10.92,7.4,11.54,2.79,4.35,0.02,0.03,40.95,63.88,0.7,1.09,-,-,3.16,4.93,321,501,147,229,14,22,1.02,1.59,42.85,66.85,-,-,0.88,1.37,2.71,4.23,Trace,Trace,-,-,0.6,0.94,0.1,0.16,Trace,Trace,Trace,Trace,Trace,Trace,Trace,Trace,-,-,-,-,-,-,-,-,-,-,-,-,-,-,-,-,-,-,-,-,-,-,-,-,-,-,-,-,-,-,-,-
Grains and staples,Thosai (cheese),Indian fermented rice crepe filled with cheese,Grains and staples,Batter-based dishes,100%,1 piece(s) = 130g,-,Lab Analysis,2023,Per 100g,Per Serving (130g),268,348,9.66,12.56,9.12,11.86,5.64,7.33,-,-,36.81,47.85,3.11,4.04,-,-,2.26,2.94,844,1097,-,-,-,-,-,-,-,-,-,-,-,-,-,-,-,-,-,-,-,-,-,-,-,-,-,-,-,-,-,-,-,-,-,-,-,-,-,-,-,-,-,-,-,-,-,-,-,-,-,-,-,-,-,-,-,-,-,-,-,-,-,-
Grains and staples,Thosai (egg),"Indian-style round, pancake-like bread made with fermented rice and gram batter, with egg",Grains and staples,Batter-based dishes,100%,1 piece(s) = 146g,-,Lab Analysis,2023,Per 100g,Per Serving (146g),234,342,8.62,12.59,8.46,12.35,3.57,5.21,0,0,30.8,44.97,3.57,5.21,-,-,1.39,2.03,508,742,-,-,17,25,0,0,-,-,-,-,0.5,0.73,1.8,2.63,-,-,-,-,-,-,-,-,-,-,-,-,-,-,-,-,-,-,0,0,-,-,-,-,-,-,-,-,-,-,-,-,-,-,0,0,-,-,-,-,-,-,-,-,-,-,-,-
Grains and staples,Thosai (ghee),Indian fermented rice crepe with clarified butter,Grains and staples,Batter-based dishes,100%,1 piece(s) = 108g,-,Lab Analysis,2023,Per 100g,Per Serving (108g),345,373,6.13,6.62,17.57,18.98,10.96,11.84,-,-,40.61,43.86,3.04,3.28,-,-,1.82,1.97,591,638,-,-,-,-,-,-,-,-,-,-,-,-,-,-,-,-,-,-,-,-,-,-,-,-,-,-,-,-,-,-,-,-,-,-,-,-,-,-,-,-,-,-,-,-,-,-,-,-,-,-,-,-,-,-,-,-,-,-,-,-,-,-
Grains and staples,Otah bun,Spicy fish paste wrapped with bun,Grains and staples,Bread-based dishes,100%,1 whole = 92g,-,Lab Analysis,2026,Per 100g,Per Serving (92g),291,268,10.65,9.8,11.3,10.4,6.05,5.57,0.06,0.06,36.58,33.65,3.2,2.94,-,-,2.45,2.25,405,373,154,142,59,54,1.09,1,37.5,34.5,-,-,-,-,-,-,-,-,-,-,1.2,1.1,1.1,1.01,0.4,0.37,0,0,0.3,0.28,0.2,0.18,-,-,-,-,-,-,-,-,-,-,-,-,-,-,-,-,-,-,-,-,-,-,-,-,-,-,-,-,-,-,-,-
Grains and staples,Beef banh mi,"Vietnamese sandwich with grilled beef, pickled vegetables and herbs in baguette",Grains and staples,Bread-based dishes,100%,1 whole = 224g,-,Lab Analysis,2018,Per 100g,Per Serving (224g),190,426,13.1,29.34,6.43,14.4,2.09,4.68,0.13,0.29,20,44.8,1.6,3.58,-,-,1.2,2.69,431,965,-,-,24,54,1.85,4.14,-,-,-,-,2.12,4.75,2.09,4.68,-,-,-,-,-,-,-,-,-,-,-,-,-,-,-,-,-,-,83.73,187.56,-,-,-,-,-,-,-,-,-,-,-,-,-,-,0.7,1.57,-,-,-,-,-,-,-,-,-,-,-,-
Grains and staples,Beef burger,"Grilled beef patty with cheese, lettuce, tomatoes and onions between toasted buns",Grains and staples,Bread-based dishes,100%,1 burger(s) = 273g,-,Lab Analysis,2023,Per 100g,Per Serving (273g),241,658,13.45,36.72,15.12,41.28,6.81,18.59,-,-,12.89,35.19,3.62,9.88,-,-,2.04,5.57,471,1286,-,-,-,-,-,-,-,-,-,-,-,-,-,-,-,-,-,-,-,-,-,-,-,-,-,-,-,-,-,-,-,-,-,-,-,-,-,-,-,-,-,-,-,-,-,-,-,-,-,-,-,-,-,-,-,-,-,-,-,-,-,-
Grains and staples,Beef kebab (wrap),"Flat bread or wrap filled with beef, vegetables, barbeque and mayo sauce",Grains and staples,Bread-based dishes,100%,1 wrap(s) = 223g,-,Lab Analysis,2010,Per 100g,Per Serving (223g),218,486,15,33.45,6.8,15.16,2.7,6.02,-,-,24.2,53.97,3.5,7.81,-,-,3.5,7.81,212,473,-,-,25,56,1.1,2.45,-,-,-,-,0.12,0.27,2.83,6.31,-,-,-,-,-,-,-,-,-,-,-,-,-,-,-,-,-,-,25,55.75,-,-,-,-,-,-,-,-,-,-,-,-,-,-,3.1,6.91,-,-,-,-,-,-,-,-,-,-,-,-
Grains and staples,Bhatura,"Sliced chicken, mushroom, carrot, beansprouts, spinach, chilli soyabean paste and egg, served with rice and sesame seeds",Grains and staples,Bread-based dishes,100%,1 piece(s) = 113g,-,Lab Analysis,2010,Per 100g,Per Serving (113g),370,418,6.56,7.41,20.8,23.5,9.57,10.81,0.1,0.11,39.28,44.39,2.98,3.37,-,-,1.71,1.93,483,546,-,-,72,81,0.91,1.03,-,-,-,-,2,2.26,8.29,9.37,-,-,-,-,-,-,-,-,-,-,-,-,-,-,-,-,-,-,38.8,43.84,-,-,-,-,-,-,-,-,-,-,-,-,-,-,Trace,Trace,-,-,-,-,-,-,-,-,-,-,-,-
Grains and staples,Big pau (chicken),"Bun filled with minced chicken meat and boiled eggs, steamed",Grains and staples,Bread-based dishes,100%,1 whole = 113g,-,Lab Analysis,2023,Per 100g,Per Serving (113g),239,270,9.52,10.76,9.2,10.4,3.3,3.73,-,-,29.75,33.62,11.72,13.24,-,-,0.75,0.85,386,436,-,-,-,-,-,-,-,-,-,-,-,-,-,-,-,-,-,-,-,-,-,-,-,-,-,-,-,-,-,-,-,-,-,-,-,-,-,-,-,-,-,-,-,-,-,-,-,-,-,-,-,-,-,-,-,-,-,-,-,-,-,-
Grains and staples,Big pau (pork),"Bun filled with minced pork and boiled eggs, steamed",Grains and staples,Bread-based dishes,100%,1 whole = 142g,-,Lab Analysis,2023,Per 100g,Per Serving (142g),224,318,9.05,12.85,8.42,11.96,3.35,4.76,-,-,28.13,39.94,10.03,14.24,-,-,0.9,1.28,344,488,-,-,-,-,-,-,-,-,-,-,-,-,-,-,-,-,-,-,-,-,-,-,-,-,-,-,-,-,-,-,-,-,-,-,-,-,-,-,-,-,-,-,-,-,-,-,-,-,-,-,-,-,-,-,-,-,-,-,-,-,-,-
Grains and staples,Bo luo bao,"Hong Kong-style sweet bun with crispy, pineapple-patterned crust and soft interior",Grains and staples,Bread-based dishes,100%,1 piece(s) = 77g,-,Lab Analysis,2010,Per 100g,Per Serving (77g),419,323,8.4,6.47,20.61,15.87,12.08,9.3,0.47,0.36,49.9,38.42,13.3,10.24,-,-,1.3,1,294,226,-,-,49,38,0.75,0.58,-,-,-,-,1.88,1.45,6.18,4.76,-,-,-,-,-,-,-,-,-,-,-,-,-,-,-,-,-,-,143,110.11,-,-,-,-,-,-,-,-,-,-,-,-,-,-,0.8,0.62,-,-,-,-,-,-,-,-,-,-,-,-
Grains and staples,Butter and sugar toast,Toasted white bread spread with butter and sprinkled with white sugar,Grains and staples,Bread-based dishes,100%,1 piece(s) = 64g,-,Lab Analysis,2026,Per 100g,Per Serving (64g),451,289,6.65,4.26,25.95,16.61,18.3,11.71,0.74,0.47,47.68,30.52,16.1,10.3,-,-,1,0.64,428,274,64,41,49,31,0.84,0.54,17.2,11.01,-,-,-,-,-,-,-,-,-,-,0,0,0.4,0.26,0,0,0.95,0.61,1.9,1.22,12.85,8.22,-,-,-,-,-,-,-,-,-,-,-,-,-,-,-,-,-,-,-,-,-,-,-,-,-,-,-,-,-,-,-,-
Grains and staples,Char siew pau,Steamed bun filled with barbecued pork filling,Grains and staples,Bread-based dishes,100%,1 whole = 56g,-,Lab Analysis,2025,Per 100g,Per Serving (56g),262,147,9.99,5.59,7.7,4.31,2.65,1.48,0.01,0.01,38.05,21.31,10.1,5.66,-,-,1.92,1.08,297,166,124,69,14,8,0.45,0.25,43.25,24.22,-,-,1.29,0.72,2.84,1.59,Trace,Trace,-,-,0.8,0.45,0.9,0.5,0.4,0.22,Trace,Trace,8,4.48,Trace,Trace,-,-,-,-,-,-,-,-,-,-,-,-,-,-,-,-,-,-,-,-,-,-,-,-,-,-,-,-,-,-,-,-
Grains and staples,Char siew soh,"Pastry filled with char siew, baked",Grains and staples,Bread-based dishes,100%,1 piece(s) = 44g,-,Lab Analysis,2010,Per 100g,Per Serving (44g),376,165,9.5,4.18,25.2,11.09,13.1,5.76,0.03,0.01,27.8,12.23,3.7,1.63,-,-,1.9,0.84,355,156,-,-,28,12,1.4,0.62,-,-,-,-,2.4,1.06,8.5,3.74,-,-,-,-,-,-,-,-,-,-,-,-,-,-,-,-,-,-,25,11,-,-,-,-,-,-,-,-,-,-,-,-,-,-,0,0,-,-,-,-,-,-,-,-,-,-,-,-
Grains and staples,Cheese french toast,"Egg-coated bread, grilled/pan-fried, served  with sliced cheese",Grains and staples,Bread-based dishes,100%,1 slice(s) = 113g,-,Derived,2026,Per 100g,Per Serving (113g),273,308,13.07,14.77,11.28,12.75,4.85,5.48,0.2,0.23,29.65,33.5,5.07,5.73,-,-,2.09,2.36,512,579,110,124,312,353,2.16,2.44,36.01,40.69,-,-,1.22,1.38,3.17,3.58,19.34,21.85,-,-,0.6,0.68,0.77,0.87,1.03,1.16,Trace,Trace,1.5,1.69,0.34,0.38,-,-,23.46,26.51,-,-,-,-,-,-,-,-,-,-,-,-,-,-,0,0,-,-,-,-,-,-,-,-,-,-,-,-
Grains and staples,Cheeseburger,"Burger bun with beef patty, pickled vegetable, sliced cheese and tomato sauce",Grains and staples,Bread-based dishes,100%,1 burger(s) = 185g,-,Lab Analysis,2023,Per 100g,Per Serving (185g),291,538,15.5,28.68,17,31.45,9.51,17.59,-,-,18.9,34.96,4.92,9.1,-,-,1.71,3.16,490,907,-,-,-,-,-,-,-,-,-,-,-,-,-,-,-,-,-,-,-,-,-,-,-,-,-,-,-,-,-,-,-,-,-,-,-,-,-,-,-,-,-,-,-,-,-,-,-,-,-,-,-,-,-,-,-,-,-,-,-,-,-,-
Grains and staples,Chicken banh mi,"Vietnamese sandwich with grilled chicken, pickled vegetables and herbs in baguette",Grains and staples,Bread-based dishes,100%,1 whole = 212g,-,Lab Analysis,2018,Per 100g,Per Serving (212g),185,392,9.4,19.93,9.25,19.61,2.84,6.02,0.03,0.06,16,33.92,1.8,3.82,-,-,2.1,4.45,439,931,-,-,24,51,1.12,2.37,-,-,-,-,3.24,6.87,3.14,6.66,-,-,-,-,-,-,-,-,-,-,-,-,-,-,-,-,-,-,103.93,220.33,-,-,-,-,-,-,-,-,-,-,-,-,-,-,0.5,1.06,-,-,-,-,-,-,-,-,-,-,-,-
Grains and staples,Chicken burrito,"Mexican-style flour tortilla filled with seasoned chicken, rice, beans, cheese, mixed vegetables (lettuce, tomato, cabbage)",Grains and staples,Bread-based dishes,100%,1 whole = 435g,-,Lab Analysis,2023,Per 100g,Per Serving (435g),193,840,10.65,46.33,7.83,34.06,3.19,13.88,-,-,19.87,86.43,2,8.7,-,-,2.57,11.18,563,2449,-,-,-,-,-,-,-,-,-,-,-,-,-,-,-,-,-,-,-,-,-,-,-,-,-,-,-,-,-,-,-,-,-,-,-,-,-,-,-,-,-,-,-,-,-,-,-,-,-,-,-,-,-,-,-,-,-,-,-,-,-,-
Grains and staples,Chicken curry bun,Soft bread roll filled with curry-spiced chicken and potatoes,Grains and staples,Bread-based dishes,100%,1 whole = 70g,-,Lab Analysis,2023,Per 100g,Per Serving (70g),267,187,9.2,6.44,9.95,6.96,5.14,3.6,-,-,34.99,24.49,9.59,6.71,-,-,2.06,1.44,414,290,-,-,-,-,-,-,-,-,-,-,-,-,-,-,-,-,-,-,-,-,-,-,-,-,-,-,-,-,-,-,-,-,-,-,-,-,-,-,-,-,-,-,-,-,-,-,-,-,-,-,-,-,-,-,-,-,-,-,-,-,-,-
Grains and staples,Chicken kebab (wrap),Flat bread or wrap filled with chicken and vegetables,Grains and staples,Bread-based dishes,100%,1 wrap(s) = 266g,-,Lab Analysis,2025,Per 100g,Per Serving (266g),200,532,8.19,21.79,10.2,27.13,2.59,6.89,0.05,0.13,18.85,50.14,3.05,8.11,-,-,2.24,5.96,413,1099,214,569,30,80,0.87,2.31,61.1,162.53,-,-,3.44,9.15,2.79,7.42,Trace,Trace,-,-,1.2,3.19,0.95,2.53,0.9,2.39,Trace,Trace,Trace,Trace,Trace,Trace,-,-,-,-,-,-,-,-,-,-,-,-,-,-,-,-,-,-,-,-,-,-,-,-,-,-,-,-,-,-,-,-
Grains and staples,Chicken pau,"Bun filled with minced chicken meat, steamed",Grains and staples,Bread-based dishes,100%,1 whole = 115g,-,Lab Analysis,2025,Per 100g,Per Serving (115g),215,247,10.2,11.73,5.75,6.61,1.86,2.14,0.02,0.02,30.55,35.13,8.65,9.95,-,-,1.86,2.14,335,385,135,155,16,18,0.37,0.43,52.35,60.2,-,-,1.14,1.31,2.18,2.51,Trace,Trace,-,-,0.45,0.52,0.4,0.46,0.3,0.35,Trace,Trace,7.5,8.63,Trace,Trace,-,-,-,-,-,-,-,-,-,-,-,-,-,-,-,-,-,-,-,-,-,-,-,-,-,-,-,-,-,-,-,-
Grains and staples,Chicken pie,Baked puff pastry filled with chicken chunks and mixed vegetables in a creamy sauce,Grains and staples,Bread-based dishes,100%,1 piece(s) = 160g,-,Lab Analysis,2025,Per 100g,Per Serving (160g),293,469,7.25,11.6,17.25,27.6,8.07,12.91,0.26,0.42,27.25,43.6,3.35,5.36,-,-,2.14,3.42,419,670,158,253,19,30,0.79,1.26,46.85,74.96,-,-,1.91,3.06,5.23,8.37,Trace,Trace,-,-,0.2,0.32,0.4,0.64,0.7,1.12,Trace,Trace,1.9,3.04,0.1,0.16,-,-,-,-,-,-,-,-,-,-,-,-,-,-,-,-,-,-,-,-,-,-,-,-,-,-,-,-,-,-,-,-
Grains and staples,Chicken quesadilla,"Mexican-style grilled flour tortilla filled with seasoned chicken, cheese, mixed vegetables (lettuce, tomato, cabbage)",Grains and staples,Bread-based dishes,100%,1 whole = 346g,-,Lab Analysis,2023,Per 100g,Per Serving (346g),240,830,14.09,48.75,13.35,46.19,5.82,20.14,-,-,15.87,54.91,3.38,11.69,-,-,1.72,5.95,731,2529,-,-,-,-,-,-,-,-,-,-,-,-,-,-,-,-,-,-,-,-,-,-,-,-,-,-,-,-,-,-,-,-,-,-,-,-,-,-,-,-,-,-,-,-,-,-,-,-,-,-,-,-,-,-,-,-,-,-,-,-,-,-
Grains and staples,Coffee bun,Soft bread roll with coffee-flavoured topping that creates a crispy crust when baked,Grains and staples,Bread-based dishes,100%,1 whole = 50g,-,Lab Analysis,2025,Per 100g,Per Serving (50g),429,215,8.44,4.22,23.05,11.53,11.55,5.78,0.72,0.36,46.95,23.48,12.9,6.45,-,-,1.36,0.68,279,140,107,54,39,20,0.47,0.23,20.55,10.28,-,-,1.5,0.75,5.22,2.61,11.5,5.75,-,-,1.75,0.88,2.35,1.18,0.7,0.35,Trace,Trace,7.4,3.7,0.6,0.3,-,-,-,-,-,-,-,-,-,-,-,-,-,-,-,-,-,-,-,-,-,-,-,-,-,-,-,-,-,-,-,-
Grains and staples,Custard bun,"Soft bread roll filled with sweet, creamy egg custard",Grains and staples,Bread-based dishes,100%,1 whole = 86g,-,Lab Analysis,2026,Per 100g,Per Serving (86g),293,252,7.5,6.45,8.6,7.4,4.4,3.78,0.06,0.05,46.42,39.92,7.9,6.79,-,-,1.5,1.29,213,183,144,124,57,49,0.84,0.72,35,30.1,-,-,-,-,-,-,-,-,-,-,1,0.86,1.5,1.29,0.6,0.52,0,0,3.7,3.18,1.1,0.95,-,-,-,-,-,-,-,-,-,-,-,-,-,-,-,-,-,-,-,-,-,-,-,-,-,-,-,-,-,-,-,-
Grains and staples,Double beef burger,"Two grilled beef patties with cheese, lettuce, tomatoes and onions between toasted buns",Grains and staples,Bread-based dishes,100%,1 burger(s) = 329g,-,Lab Analysis,2023,Per 100g,Per Serving (329g),251,826,13.75,45.24,15.3,50.34,6.88,22.64,-,-,14.56,47.9,4.6,15.13,-,-,1.4,4.61,505,1661,-,-,-,-,-,-,-,-,-,-,-,-,-,-,-,-,-,-,-,-,-,-,-,-,-,-,-,-,-,-,-,-,-,-,-,-,-,-,-,-,-,-,-,-,-,-,-,-,-,-,-,-,-,-,-,-,-,-,-,-,-,-
Grains and staples,Egg mayo sandwich,White bread slices filled with hard boiled egg and mayonnaise,Grains and staples,Bread-based dishes,100%,1 whole = 65g,-,Lab Analysis,2025,Per 100g,Per Serving (65g),257,167,9.77,6.35,14.55,9.46,3.93,2.55,0.19,0.12,21.55,14.01,1,0.65,-,-,1.95,1.27,411,267,99,64,56,36,1.7,1.11,52.8,34.32,-,-,-,-,-,-,-,-,-,-,0.3,0.2,Trace,Trace,0.5,0.33,Trace,Trace,Trace,Trace,0.2,0.13,-,-,-,-,-,-,-,-,-,-,-,-,-,-,-,-,-,-,-,-,-,-,-,-,-,-,-,-,-,-,-,-
Grains and staples,Egg mayo sandwich (wholemeal),Wholemeal bread slices filled with hard boiled egg and mayonnaise,Grains and staples,Bread-based dishes,100%,1 whole = 82g,-,Lab Analysis,2025,Per 100g,Per Serving (82g),282,231,10.45,8.57,12.9,10.58,3.12,2.56,0.14,0.11,30.95,25.38,3.9,3.2,-,-,3.61,2.96,544,446,133,109,76,62,2.73,2.24,43.7,35.83,-,-,-,-,-,-,-,-,-,-,0.9,0.74,1.15,0.94,1.2,0.98,Trace,Trace,0.4,0.33,0.2,0.16,-,-,-,-,-,-,-,-,-,-,-,-,-,-,-,-,-,-,-,-,-,-,-,-,-,-,-,-,-,-,-,-
Grains and staples,Fish burger,"Breaded fish fillet with lettuce, cheese and tartar sauce between toasted buns",Grains and staples,Bread-based dishes,100%,1 burger(s) = 154g,-,Lab Analysis,2023,Per 100g,Per Serving (154g),277,427,10.73,16.52,13.93,21.45,4.88,7.52,-,-,27.22,41.92,4.6,7.08,-,-,1.27,1.96,541,833,-,-,-,-,-,-,-,-,-,-,-,-,-,-,-,-,-,-,-,-,-,-,-,-,-,-,-,-,-,-,-,-,-,-,-,-,-,-,-,-,-,-,-,-,-,-,-,-,-,-,-,-,-,-,-,-,-,-,-,-,-,-
Grains and staples,French toast,"Egg-coated bread, grilled/pan-fried",Grains and staples,Bread-based dishes,100%,1 slice(s) = 104g,-,Lab Analysis,2025,Per 100g,Per Serving (104g),285,296,11.35,11.8,11.6,12.06,4.64,4.83,0.16,0.17,33.55,34.89,4.95,5.15,-,-,2.43,2.53,394,410,128,133,82,85,2.29,2.38,41.9,43.58,-,-,1.35,1.4,3.38,3.52,22.5,23.4,-,-,0.7,0.73,0.9,0.94,1.2,1.25,Trace,Trace,1.75,1.82,0.4,0.42,-,-,-,-,-,-,-,-,-,-,-,-,-,-,-,-,-,-,-,-,-,-,-,-,-,-,-,-,-,-,-,-
Grains and staples,French toast with kaya,"Egg-coated bread, grilled/pan-fried, served with kaya spread",Grains and staples,Bread-based dishes,100%,1 slice(s) = 101g,-,Derived,2026,Per 100g,Per Serving (101g),286,289,11.01,11.12,11.62,11.74,4.84,4.89,0.15,0.15,34.21,34.55,6.71,6.78,-,-,2.37,2.39,378,382,128,129,79,80,2.22,2.24,41.49,41.9,0.03,0.03,1.31,1.32,3.31,3.34,21.47,21.68,5.21,5.26,0.67,0.68,0.86,0.87,1.14,1.15,Trace,Trace,1.67,1.69,0.38,0.38,0.21,0.21,3.33,3.36,3.33,3.36,0,0,0,0,Trace,Trace,-,-,-,-,-,-,-,-,-,-,-,-,-,-,3,3,0.39,0.39,0.02,0.02
Grains and staples,French toast with kaya and butter,"Egg-coated bread, grilled/pan-fried, served with butter",Grains and staples,Bread-based dishes,100%,1 slice(s) = 106g,-,Derived,2026,Per 100g,Per Serving (106g),306,324,10.55,11.18,14.76,15.65,7,7.42,0.27,0.29,32.74,34.7,6.45,6.84,-,-,2.27,2.41,362,384,123,130,77,82,2.13,2.26,40.33,42.75,0.03,0.03,1.36,1.44,4.12,4.37,20.53,21.76,16.03,16.99,0.64,0.68,0.82,0.87,1.09,1.16,Trace,Trace,1.6,1.7,0.36,0.38,0.2,0.21,53.93,57.17,48.93,51.87,30.04,31.84,0,0,0.01,0.01,0,0,-,-,Trace,Trace,0,0,1.23,1.3,0,0,0,0,4,4,0.37,0.39,0.02,0.02
Grains and staples,Fried mantou,Fried bun made from flour and yeast,Grains and staples,Bread-based dishes,100%,1 piece(s) = 45g,-,Lab Analysis,2010,Per 100g,Per Serving (45g),397,179,6.5,2.93,19.1,8.6,6.83,3.07,-,-,49.9,22.46,9,4.05,-,-,1.9,0.86,211,95,-,-,11,5,0.3,0.14,-,-,-,-,4.23,1.9,7.04,3.17,-,-,-,-,-,-,-,-,-,-,-,-,-,-,-,-,-,-,0,0,-,-,-,-,-,-,-,-,-,-,-,-,-,-,0,0,-,-,-,-,-,-,-,-,-,-,-,-
Grains and staples,Fried spring roll,"Carrot, mixed vegetables, shrimp and chicken wrapped with a flour skin, fried to golden brown",Grains and staples,Bread-based dishes,100%,1 piece(s) = 78g,-,Lab Analysis,2025,Per 100g,Per Serving (78g),290,226,3.89,3.03,14.1,11,5.8,4.52,0.05,0.04,36.7,28.63,4.2,3.28,-,-,2.38,1.86,557,434,168,131,16,12,0.49,0.38,43.6,34.01,-,-,1.83,1.43,5.2,4.06,Trace,Trace,-,-,0.45,0.35,0.35,0.27,0.3,0.23,Trace,Trace,3.1,2.42,Trace,Trace,-,-,-,-,-,-,-,-,-,-,-,-,-,-,-,-,-,-,-,-,-,-,-,-,-,-,-,-,-,-,-,-
Grains and staples,Grilled chicken burger,"Grilled chicken with lettuce, tomatoes and sauce in toasted bun",Grains and staples,Bread-based dishes,100%,1 burger(s) = 216g,-,Lab Analysis,2010,Per 100g,Per Serving (216g),118,255,14.2,30.67,0.09,0.19,0.04,0.09,Trace,Trace,15.1,32.62,3,6.48,-,-,1.4,3.02,470,1015,-,-,58,125,0.84,1.81,-,-,-,-,0.03,0.06,0.02,0.04,-,-,-,-,-,-,-,-,-,-,-,-,-,-,-,-,-,-,7.4,15.98,-,-,-,-,-,-,-,-,-,-,-,-,-,-,Trace,Trace,-,-,-,-,-,-,-,-,-,-,-,-
Grains and staples,Hamburger,"Burger bun with meat patty, pickled vegetable, topped with mustard and tomato sauce",Grains and staples,Bread-based dishes,100%,1 burger(s) = 104g,-,NIP,2025,Per 100g,Per Serving (104g),242,252,13.46,14,7.69,8,3.37,3.5,-,-,28.85,30,-,-,-,-,1.92,2,510,530,-,-,-,-,-,-,-,-,-,-,-,-,-,-,-,-,-,-,-,-,-,-,-,-,-,-,-,-,-,-,-,-,-,-,-,-,-,-,-,-,-,-,-,-,-,-,-,-,-,-,-,-,-,-,-,-,-,-,-,-,-,-
Grains and staples,Kaya and butter toast,Toasted bread with kaya jam spread and butter cubes,Grains and staples,Bread-based dishes,100%,1 piece(s) = 94g,-,Lab Analysis,2025,Per 100g,Per Serving (94g),404,380,6.5,6.11,21.85,20.54,11.95,11.23,1.01,0.95,45.25,42.54,19,17.86,-,-,2.01,1.89,380,357,83,78,45,42,0.65,0.61,25.15,23.64,-,-,0.83,0.78,3.91,3.68,23.5,22.09,-,-,0.5,0.47,0.85,0.8,0.9,0.85,Trace,Trace,16.65,15.65,0.1,0.09,-,-,-,-,-,-,-,-,-,-,-,-,-,-,-,-,-,-,-,-,-,-,-,-,-,-,-,-,-,-,-,-
Grains and staples,Kaya bun,Soft bread roll filled with kaya,Grains and staples,Bread-based dishes,100%,1 whole = 57g,-,Lab Analysis,2025,Per 100g,Per Serving (57g),323,184,7.72,4.4,10.4,5.93,5.7,3.25,0.07,0.04,49.5,28.22,19.6,11.17,-,-,1.97,1.12,207,118,103,59,59,34,0.92,0.52,30.75,17.53,-,-,0.95,0.54,2.75,1.57,12,6.84,-,-,2.2,1.25,2.9,1.65,0.9,0.51,Trace,Trace,13.35,7.61,0.3,0.17,-,-,-,-,-,-,-,-,-,-,-,-,-,-,-,-,-,-,-,-,-,-,-,-,-,-,-,-,-,-,-,-
Grains and staples,Kaya butter steamed bread,Steamed white bread served with kaya and butter slices,Grains and staples,Bread-based dishes,100%,1 piece(s) = 150g,-,Lab Analysis,2010,Per 100g,Per Serving (150g),290,435,5.9,8.85,11.51,17.27,7.45,11.18,0.43,0.65,40.6,60.9,15.9,23.85,-,-,0.9,1.35,347,521,-,-,61,92,0.63,0.95,-,-,-,-,0.68,1.02,2.95,4.43,-,-,-,-,-,-,-,-,-,-,-,-,-,-,-,-,-,-,80.5,120.75,-,-,-,-,-,-,-,-,-,-,-,-,-,-,Trace,Trace,-,-,-,-,-,-,-,-,-,-,-,-
Grains and staples,Lotus paste pau,Steamed Chinese bun filled with sweet lotus seed paste,Grains and staples,Bread-based dishes,100%,1 whole = 65g,-,Lab Analysis,2025,Per 100g,Per Serving (65g),299,194,6.53,4.24,7.6,4.94,3.07,2,0.02,0.01,50.95,33.12,18.3,11.9,-,-,2.8,1.82,61,40,132,86,18,12,0.7,0.45,34.15,22.2,-,-,1,0.65,2.75,1.79,Trace,Trace,-,-,0.8,0.52,0.8,0.52,0.7,0.45,Trace,Trace,16.1,10.47,Trace,Trace,-,-,-,-,-,-,-,-,-,-,-,-,-,-,-,-,-,-,-,-,-,-,-,-,-,-,-,-,-,-,-,-
Grains and staples,Murtabak (chicken),Chicken stuffed Indian pancake,Grains and staples,Bread-based dishes,100%,1 plate(s) = 330g,-,Lab Analysis,2023,Per 100g,Per Serving (330g),258,851,12.89,42.54,14.73,48.61,6.6,21.78,-,-,18.56,61.25,2,6.6,-,-,1.69,5.58,410,1353,-,-,-,-,-,-,-,-,-,-,-,-,-,-,-,-,-,-,-,-,-,-,-,-,-,-,-,-,-,-,-,-,-,-,-,-,-,-,-,-,-,-,-,-,-,-,-,-,-,-,-,-,-,-,-,-,-,-,-,-,-,-
Grains and staples,"Murtabak (chicken, mushroom, cheese)","Tandoori chicken, mushroom, and cheese-stuffed Indian pancake (ultimate murtabak)",Grains and staples,Bread-based dishes,100%,1 piece(s) = 611g,-,Lab Analysis,2023,Per 100g,Per Serving (611g),298,1821,21.9,133.81,19.4,118.53,9.7,59.27,-,-,8.92,54.5,1.5,9.17,-,-,1.5,9.17,358,2187,-,-,-,-,-,-,-,-,-,-,-,-,-,-,-,-,-,-,-,-,-,-,-,-,-,-,-,-,-,-,-,-,-,-,-,-,-,-,-,-,-,-,-,-,-,-,-,-,-,-,-,-,-,-,-,-,-,-,-,-,-,-
Grains and staples,Murtabak (mutton),"Indian pancake with mutton, fried in ghee and served with curry gravy",Grains and staples,Bread-based dishes,100%,1 plate(s) = 345g,-,Lab Analysis,2023,Per 100g,Per Serving (345g),246,849,14.13,48.75,13.63,47.02,6.2,21.39,-,-,16.65,57.44,1.83,6.31,-,-,1.36,4.69,369,1273,-,-,-,-,-,-,-,-,-,-,-,-,-,-,-,-,-,-,-,-,-,-,-,-,-,-,-,-,-,-,-,-,-,-,-,-,-,-,-,-,-,-,-,-,-,-,-,-,-,-,-,-,-,-,-,-,-,-,-,-,-,-
Grains and staples,Murtabak (vegetable),"Flour based dough, with egg, pea, carrot, sweet corn and onion filling, cooked on hot plate",Grains and staples,Bread-based dishes,100%,1 plate(s) = 437g,-,Lab Analysis,2023,Per 100g,Per Serving (437g),190,830,4.96,21.68,10.2,44.57,5.03,21.98,-,-,19.62,85.74,1.7,7.43,-,-,2.06,9,376,1643,-,-,-,-,-,-,-,-,-,-,-,-,-,-,-,-,-,-,-,-,-,-,-,-,-,-,-,-,-,-,-,-,-,-,-,-,-,-,-,-,-,-,-,-,-,-,-,-,-,-,-,-,-,-,-,-,-,-,-,-,-,-
Grains and staples,Mutton kebab (wrap),"Mutton meat and vegetable, wrapped with flat bread or wrap",Grains and staples,Bread-based dishes,100%,1 wrap(s) = 174g,-,Lab Analysis,2010,Per 100g,Per Serving (174g),208,362,15.94,27.74,10.14,17.64,4.59,7.99,-,-,13.47,23.44,0.92,1.6,-,-,1.03,1.79,352,612,-,-,45,78,2.12,3.69,-,-,-,-,1.27,2.21,4.13,7.19,-,-,-,-,-,-,-,-,-,-,-,-,-,-,-,-,-,-,38.52,67.02,-,-,-,-,-,-,-,-,-,-,-,-,-,-,2,3.48,-,-,-,-,-,-,-,-,-,-,-,-
Grains and staples,Naan (butter),"Indian leavened bread made of flour, plain yoghurt, eggs and ghee/butter, pan fried",Grains and staples,Bread-based dishes,100%,1 piece(s) = 117g,-,Lab Analysis,2023,Per 100g,Per Serving (117g),325,380,8.5,9.95,11.13,13.02,6.04,7.07,-,-,47.7,55.81,4.12,4.82,-,-,3.84,4.49,561,656,-,-,-,-,-,-,-,-,-,-,-,-,-,-,-,-,-,-,-,-,-,-,-,-,-,-,-,-,-,-,-,-,-,-,-,-,-,-,-,-,-,-,-,-,-,-,-,-,-,-,-,-,-,-,-,-,-,-,-,-,-,-
Grains and staples,Naan (cheese),"Indian leavened bread made of flour, plain yoghurt, eggs and ghee/butter, pan fried",Grains and staples,Bread-based dishes,100%,1 piece(s) = 122g,-,Lab Analysis,2023,Per 100g,Per Serving (122g),303,370,11.17,13.63,10.19,12.43,5.9,7.2,-,-,41.74,50.92,3.38,4.12,-,-,1.57,1.92,504,615,-,-,-,-,-,-,-,-,-,-,-,-,-,-,-,-,-,-,-,-,-,-,-,-,-,-,-,-,-,-,-,-,-,-,-,-,-,-,-,-,-,-,-,-,-,-,-,-,-,-,-,-,-,-,-,-,-,-,-,-,-,-
Grains and staples,Pandan bread with butter,Sliced pandan bread with butter,Grains and staples,Bread-based dishes,100%,1 slice(s) = 29g,-,Derived,2026,Per 100g,Per Serving (29g),348,101,10.12,2.93,17.57,5.1,11,3.19,0.48,0.14,37.94,11,2.06,0.6,-,-,3.06,0.89,266,77,4,1,281,81,3.97,1.15,2.59,0.75,0.02,0.01,1.37,0.4,4.21,1.22,-,-,43.45,12.6,-,-,-,-,-,-,-,-,-,-,-,-,0,0,199.48,57.85,179.83,52.15,118.1,34.25,0,0,0.02,0.01,0,0,-,-,0.02,0.01,0.17,0.05,4.83,1.4,0,0,0,0,3,1,0,0,0.02,0.01
Grains and staples,Pandan bread with kaya,Sliced pandan bread with kaya,Grains and staples,Bread-based dishes,100%,1 slice(s) = 29g,-,Derived,2026,Per 100g,Per Serving (29g),274,79,10.68,3.1,5.29,1.53,3.19,0.93,0,0,46.07,13.36,9.41,2.73,-,-,3.26,0.95,271,79,21,6,282,82,4.12,1.19,5.69,1.65,0.11,0.03,1.02,0.3,0.77,0.22,-,-,19.57,5.68,-,-,-,-,-,-,-,-,-,-,-,-,0.78,0.23,12.53,3.63,12.53,3.63,0,0,0,0,0.01,Trace,-,-,-,-,-,-,0.17,0.05,-,-,-,-,-,-,12,3,1.46,0.42,0.08,0.02
Grains and staples,Pandan bread with kaya and peanut butter,Sliced pandan bread with kaya and peanut butter,Grains and staples,Bread-based dishes,100%,1 slice(s) = 34g,-,Derived,2026,Per 100g,Per Serving (34g),322,109,12.95,4.4,11.63,3.95,3.99,1.36,0,0,41.53,14.12,9.55,3.25,-,-,3.63,1.23,294,100,110,37,248,84,3.89,1.32,4.94,1.68,0.8,0.27,2.37,0.81,5.01,1.7,-,-,16.69,5.67,-,-,-,-,-,-,-,-,-,-,-,-,1.38,0.47,10.69,3.63,10.69,3.63,0,0,0.01,Trace,0.02,0.01,0.09,0.03,-,-,0,0,0.14,0.05,0,0,-,-,-,-,65,22,1.24,0.42,0.57,0.19
Grains and staples,"Paper prata (condensed milk, sugar)","Thin, crispy Indian flatbread served with condensed milk and sugar",Grains and staples,Bread-based dishes,100%,1 piece(s) = 112g,-,Lab Analysis,2023,Per 100g,Per Serving (112g),267,299,4.9,5.49,9.2,10.3,6.6,7.39,-,-,41.18,46.12,12.2,13.66,-,-,0.3,0.34,266,298,-,-,-,-,-,-,-,-,-,-,-,-,-,-,-,-,-,-,-,-,-,-,-,-,-,-,-,-,-,-,-,-,-,-,-,-,-,-,-,-,-,-,-,-,-,-,-,-,-,-,-,-,-,-,-,-,-,-,-,-,-,-
Grains and staples,Pizza (cheese only),Flatbread topped with tomato sauce and melted cheese,Grains and staples,Bread-based dishes,100%,1 slice(s) = 58g,-,Lab Analysis,2023,Per 100g,Per Serving (58g),240,139,11.13,6.46,7.2,4.18,3.73,2.16,-,-,32.73,18.98,2.63,1.53,-,-,1.83,1.06,438,254,-,-,-,-,-,-,-,-,-,-,-,-,-,-,-,-,-,-,-,-,-,-,-,-,-,-,-,-,-,-,-,-,-,-,-,-,-,-,-,-,-,-,-,-,-,-,-,-,-,-,-,-,-,-,-,-,-,-,-,-,-,-
Grains and staples,Pizza (seafood),"Flatbread topped with tomato sauce, cheese and mixed seafood",Grains and staples,Bread-based dishes,100%,1 slice(s) = 64g,-,Lab Analysis,2023,Per 100g,Per Serving (64g),241,154,12.9,8.26,8.35,5.34,3.9,2.5,-,-,28.48,18.23,1.95,1.25,-,-,0.9,0.58,459,294,-,-,-,-,-,-,-,-,-,-,-,-,-,-,-,-,-,-,-,-,-,-,-,-,-,-,-,-,-,-,-,-,-,-,-,-,-,-,-,-,-,-,-,-,-,-,-,-,-,-,-,-,-,-,-,-,-,-,-,-,-,-
Grains and staples,"Plain prata (2 pc, with curry)",Two pieces of flaky Indian flatbread served with curry,Grains and staples,Bread-based dishes,100%,1 set(s) = 535g,-,Derived,2026,Per 100g,Per Serving (535g),232,1241,5.8,31.03,9.14,48.9,3.77,20.17,0.13,0.7,31.69,169.54,2.06,11.02,-,-,2.39,12.79,632,3381,162,867,25,134,1.01,5.4,51.55,275.79,-,-,1.17,6.26,3.12,16.69,6.15,32.9,-,-,0.26,1.39,0.16,0.86,0.69,3.69,Trace,Trace,0.95,5.08,Trace,Trace,-,-,-,-,-,-,-,-,-,-,-,-,-,-,-,-,-,-,-,-,-,-,-,-,-,-,-,-,-,-,-,-
Grains and staples,Popiah,"Radish, eggs, chinese dried sausage and sweet black sauce wrapped in a flour-based skin",Grains and staples,Bread-based dishes,100%,1 whole = 191g,-,Lab Analysis,2025,Per 100g,Per Serving (191g),118,225,3.73,7.12,3.7,7.07,1.07,2.04,Trace,Trace,17.3,33.04,4.65,8.88,-,-,4.23,8.08,338,646,185,353,21,40,0.66,1.26,73.8,140.96,-,-,0.94,1.8,1.44,2.75,Trace,Trace,-,-,1.55,2.96,2.7,5.16,0.4,0.76,Trace,Trace,Trace,Trace,Trace,Trace,-,-,-,-,-,-,-,-,-,-,-,-,-,-,-,-,-,-,-,-,-,-,-,-,-,-,-,-,-,-,-,-
Grains and staples,Pork pau,"Bun filled with minced pork, steamed",Grains and staples,Bread-based dishes,100%,1 whole = 150g,-,Lab Analysis,2025,Per 100g,Per Serving (150g),254,381,8.72,13.08,10.45,15.68,3.48,5.22,0.03,0.05,31.35,47.03,10.1,15.15,-,-,1.89,2.84,363,545,120,180,18,27,0.45,0.68,48.2,72.3,-,-,1.68,2.52,4.03,6.05,Trace,Trace,-,-,0.6,0.9,0.5,0.75,0.3,0.45,Trace,Trace,8.8,13.2,Trace,Trace,-,-,-,-,-,-,-,-,-,-,-,-,-,-,-,-,-,-,-,-,-,-,-,-,-,-,-,-,-,-,-,-
Grains and staples,"Prata (caramel sauce, vanilla ice cream, speculoos)","Indian flatbread served dessert-style with ice cream, caramel and speculoos",Grains and staples,Bread-based dishes,100%,1 piece(s) = 141g,-,Lab Analysis,2023,Per 100g,Per Serving (141g),288,406,4.8,6.77,9.8,13.82,6.2,8.74,-,-,45.19,63.72,17.7,24.96,-,-,0.5,0.71,299,422,-,-,-,-,-,-,-,-,-,-,-,-,-,-,-,-,-,-,-,-,-,-,-,-,-,-,-,-,-,-,-,-,-,-,-,-,-,-,-,-,-,-,-,-,-,-,-,-,-,-,-,-,-,-,-,-,-,-,-,-,-,-
Grains and staples,"Prata (chicken luncheon meat, chicken floss, cheese, egg)","Prata with chicken luncheon meat, japanese mayonnaise, chicken floss, cheese",Grains and staples,Bread-based dishes,100%,1 piece(s) = 398g,-,Lab Analysis,2023,Per 100g,Per Serving (398g),364,1449,18.2,72.44,23.8,94.72,9.8,39,-,-,19.16,76.26,4,15.92,-,-,0.8,3.18,579,2304,-,-,-,-,-,-,-,-,-,-,-,-,-,-,-,-,-,-,-,-,-,-,-,-,-,-,-,-,-,-,-,-,-,-,-,-,-,-,-,-,-,-,-,-,-,-,-,-,-,-,-,-,-,-,-,-,-,-,-,-,-,-
Grains and staples,Prata (egg),"Indian-style pan-fried flaky bread, made of flour, salt, ghee and egg",Grains and staples,Bread-based dishes,100%,1 piece(s) = 119g,-,Lab Analysis,2025,Per 100g,Per Serving (119g),278,331,10.95,13.03,11.05,13.15,3.88,4.62,0.02,0.02,33.5,39.87,3.3,3.93,-,-,5.5,6.55,420,500,113,134,30,36,1.3,1.55,42.9,51.05,-,-,1.58,1.88,4.01,4.77,23,27.37,-,-,0.4,0.48,0.25,0.3,1.2,1.43,Trace,Trace,1.5,1.79,Trace,Trace,-,-,-,-,-,-,-,-,-,-,-,-,-,-,-,-,-,-,-,-,-,-,-,-,-,-,-,-,-,-,-,-
Grains and staples,"Prata (egg, onion)","Layered unleavened Indian bread, with onion and egg, cooked on hot plate, with ghee",Grains and staples,Bread-based dishes,100%,1 piece(s) = 177g,-,Lab Analysis,2023,Per 100g,Per Serving (177g),220,389,8.16,14.44,10.76,19.05,4.83,8.55,-,-,22.68,40.14,1.86,3.29,-,-,1,1.77,275,487,-,-,-,-,-,-,-,-,-,-,-,-,-,-,-,-,-,-,-,-,-,-,-,-,-,-,-,-,-,-,-,-,-,-,-,-,-,-,-,-,-,-,-,-,-,-,-,-,-,-,-,-,-,-,-,-,-,-,-,-,-,-
Grains and staples,"Prata (egg, onion, cheese)","Indian flatbread filled with egg, onion and cheese",Grains and staples,Bread-based dishes,100%,1 piece(s) = 185g,-,Lab Analysis,2023,Per 100g,Per Serving (185g),248,459,11.16,20.65,14.3,26.46,7.9,14.62,-,-,18.7,34.6,1.73,3.2,-,-,1.03,1.91,450,833,-,-,-,-,-,-,-,-,-,-,-,-,-,-,-,-,-,-,-,-,-,-,-,-,-,-,-,-,-,-,-,-,-,-,-,-,-,-,-,-,-,-,-,-,-,-,-,-,-,-,-,-,-,-,-,-,-,-,-,-,-,-
Grains and staples,"Prata (poached egg, turkey ham, hollandaise)",Eggs Benedict on a plain prata,Grains and staples,Bread-based dishes,100%,1 piece(s) = 174g,-,Lab Analysis,2023,Per 100g,Per Serving (174g),337,586,10.8,18.79,22.7,39.5,9.1,15.83,-,-,22.4,38.98,3,5.22,-,-,1,1.74,452,786,-,-,-,-,-,-,-,-,-,-,-,-,-,-,-,-,-,-,-,-,-,-,-,-,-,-,-,-,-,-,-,-,-,-,-,-,-,-,-,-,-,-,-,-,-,-,-,-,-,-,-,-,-,-,-,-,-,-,-,-,-,-
Grains and staples,Prata bomb (cheese),Thicker version of roti prata stuffed with margarine and sugar,Grains and staples,Bread-based dishes,100%,1 piece(s) = 358g,-,Lab Analysis,2018,Per 100g,Per Serving (358g),250,895,5.3,18.97,14.31,51.23,7.91,28.32,0.13,0.47,25.11,89.89,8.49,30.39,-,-,0.69,2.47,566,2026,-,-,70,251,0.75,2.69,-,-,-,-,1.36,4.87,4.89,17.51,-,-,-,-,-,-,-,-,-,-,-,-,-,-,-,-,-,-,46.36,165.97,-,-,-,-,-,-,-,-,-,-,-,-,-,-,0,0,-,-,-,-,-,-,-,-,-,-,-,-
Grains and staples,Prata bomb (condensed milk),Thicker version of roti prata stuffed with margarine and sugar,Grains and staples,Bread-based dishes,100%,1 piece(s) = 99g,-,Lab Analysis,2023,Per 100g,Per Serving (99g),378,374,6.66,6.59,16.96,16.79,9.16,9.07,-,-,49.62,49.12,13.3,13.17,-,-,0.7,0.69,484,479,-,-,-,-,-,-,-,-,-,-,-,-,-,-,-,-,-,-,-,-,-,-,-,-,-,-,-,-,-,-,-,-,-,-,-,-,-,-,-,-,-,-,-,-,-,-,-,-,-,-,-,-,-,-,-,-,-,-,-,-,-,-
Grains and staples,Red bean bun,Soft bread roll filled with sweet red bean paste,Grains and staples,Bread-based dishes,100%,1 whole = 55g,-,Lab Analysis,2025,Per 100g,Per Serving (55g),350,193,7.79,4.28,11.55,6.35,4.87,2.68,0.07,0.04,53.7,29.54,21.1,11.61,-,-,3.59,1.97,173,95,171,94,80,44,1.29,0.71,25.85,14.22,-,-,1.23,0.68,3.68,2.02,Trace,Trace,-,-,1.8,0.99,2.35,1.29,0.9,0.5,Trace,Trace,15.85,8.72,0.2,0.11,-,-,-,-,-,-,-,-,-,-,-,-,-,-,-,-,-,-,-,-,-,-,-,-,-,-,-,-,-,-,-,-
Grains and staples,Red bean pau,Steamed white bun filled with sweet red bean paste,Grains and staples,Bread-based dishes,100%,1 whole = 63g,-,Lab Analysis,2025,Per 100g,Per Serving (63g),312,197,6.66,4.2,7.6,4.79,3.09,1.95,0.01,0.01,54.25,34.18,19.45,12.25,-,-,5.32,3.35,62,39,163,103,27,17,0.89,0.56,30.75,19.37,-,-,0.98,0.62,2.89,1.82,Trace,Trace,-,-,0.8,0.5,0.8,0.5,0.85,0.54,Trace,Trace,16.9,10.65,Trace,Trace,-,-,-,-,-,-,-,-,-,-,-,-,-,-,-,-,-,-,-,-,-,-,-,-,-,-,-,-,-,-,-,-
Grains and staples,Roti jala,"Malay pancake with a lace pattern made of flour, eggs, milk, oil and salt",Grains and staples,Bread-based dishes,100%,1 piece(s) = 80g,-,Lab Analysis,2010,Per 100g,Per Serving (80g),137,110,4.1,3.28,3.9,3.12,1.7,1.36,-,-,21.3,17.04,2.1,1.68,-,-,4.7,3.76,240,192,-,-,24,19,0.7,0.56,-,-,-,-,0.4,0.32,1.7,1.36,-,-,-,-,-,-,-,-,-,-,-,-,-,-,-,-,-,-,5,4,-,-,-,-,-,-,-,-,-,-,-,-,-,-,Trace,Trace,-,-,-,-,-,-,-,-,-,-,-,-
Grains and staples,Roti john,"Bread wrapped with meat in beaten egg, topped with onion, fried in ghee",Grains and staples,Bread-based dishes,100%,1 whole = 253g,-,Lab Analysis,2010,Per 100g,Per Serving (253g),286,724,10,25.3,13.7,34.66,7.2,18.22,-,-,30.5,77.16,-,-,-,-,4.5,11.39,798,2019,-,-,35,89,1.8,4.55,-,-,-,-,1.2,3.04,4.7,11.89,-,-,-,-,-,-,-,-,-,-,-,-,-,-,-,-,-,-,116,293.48,-,-,-,-,-,-,-,-,-,-,-,-,-,-,-,-,-,-,-,-,-,-,-,-,-,-,-,-
Grains and staples,Samosa,"Potatoes, green peas, cashew nuts covered with dough in triangular shape, fried in oil and ghee",Grains and staples,Bread-based dishes,100%,1 piece(s) = 42g,-,Lab Analysis,2025,Per 100g,Per Serving (42g),343,144,4.74,1.99,17.55,7.37,6.78,2.85,0.06,0.03,41.5,17.43,3.25,1.37,-,-,3.43,1.44,535,225,222,93,14,6,0.75,0.32,34.15,14.34,-,-,2.01,0.84,6.77,2.84,Trace,Trace,-,-,0.4,0.17,0.4,0.17,0.45,0.19,Trace,Trace,2,0.84,Trace,Trace,-,-,-,-,-,-,-,-,-,-,-,-,-,-,-,-,-,-,-,-,-,-,-,-,-,-,-,-,-,-,-,-
Grains and staples,Sweet corn pau,Steamed white bun filled with sweet corn paste,Grains and staples,Bread-based dishes,100%,1 whole = 75g,-,Lab Analysis,2010,Per 100g,Per Serving (75g),271,203,5.7,4.28,6.2,4.65,3.55,2.66,0,0,48,36,15.6,11.7,-,-,1.8,1.35,44,33,-,-,30,23,0.4,0.3,-,-,-,-,0.56,0.42,1.85,1.39,-,-,-,-,-,-,-,-,-,-,-,-,-,-,-,-,-,-,0,0,-,-,-,-,-,-,-,-,-,-,-,-,-,-,0,0,-,-,-,-,-,-,-,-,-,-,-,-
Grains and staples,Thin crust pizza (meat),Thin crust pizza with meat toppings and cheese,Grains and staples,Bread-based dishes,100%,1 slice(s) = 50g,-,Derived,2026,Per 100g,Per Serving (50g),290,145,14.38,7.19,13.52,6.76,6.39,3.2,0.38,0.19,27.73,13.87,4,2,-,-,3.07,1.54,585,293,254,127,197,99,0.98,0.49,41.8,20.9,-,-,0.95,0.48,3.61,1.81,Trace,Trace,-,-,1.13,0.57,1.2,0.6,0.64,0.32,Trace,Trace,0.87,0.43,0.16,0.08,-,-,-,-,-,-,-,-,-,-,-,-,-,-,-,-,-,-,-,-,-,-,-,-,-,-,-,-,-,-,-,-
Grains and staples,Toast (with butter),Bread toasted served with butter,Grains and staples,Bread-based dishes,100%,1 slice(s) = 28g,-,Derived,2026,Per 100g,Per Serving (28g),371,104,7.5,2.1,18.14,5.08,10.3,2.88,0.5,0.14,44.89,12.57,5.22,1.46,-,-,2.38,0.67,443,124,112,31,101,28,2.74,0.77,27.65,7.74,0.02,0.01,2.16,0.6,4.55,1.27,0,0,45.82,12.83,-,-,-,-,-,-,-,-,-,-,-,-,0,0,206.61,57.85,186.25,52.15,122.32,34.25,0.35,0.1,0.3,0.08,0.05,0.01,85.43,23.92,0.03,0.01,0,0,5,1.4,0.3,0.08,2.79,0.78,88,25,25.46,7.13,0.58,0.16
Grains and staples,Vegetable pau,Steamed Chinese bun filled with mixed vegetables,Grains and staples,Bread-based dishes,100%,1 whole = 80g,-,Lab Analysis,2026,Per 100g,Per Serving (80g),187,150,4.85,3.88,3.1,2.48,1.5,1.2,0,0,34.92,27.94,4.3,3.44,-,-,2.4,1.92,276,221,136,109,26,21,0.38,0.3,53.6,42.88,-,-,-,-,-,-,-,-,-,-,0,0,0.7,0.56,0,0,0.7,0.56,0.2,0.16,2.7,2.16,-,-,-,-,-,-,-,-,-,-,-,-,-,-,-,-,-,-,-,-,-,-,-,-,-,-,-,-,-,-,-,-
Grains and staples,White bread with butter,Sliced white bread with butter spread,Grains and staples,Bread-based dishes,100%,1 slice(s) = 29g,-,Derived,2026,Per 100g,Per Serving (29g),339,98,8.13,2.36,16.61,4.82,10.47,3.04,0.48,0.14,40.62,11.78,0.93,0.27,-,-,2.1,0.61,368,107,4,1,180,52,4.5,1.31,2.59,0.75,0.02,0.01,0.43,0.12,3.76,1.09,-,-,43.45,12.6,-,-,-,-,-,-,-,-,-,-,-,-,0,0,199.48,57.85,179.83,52.15,118.1,34.25,0,0,0.02,0.01,0,0,-,-,0.02,0.01,0,0,4.83,1.4,0,0,0,0,3,1,0,0,0.02,0.01
Grains and staples,White bread with butter and sugar,"Sliced white bread with butter spread, sprinkled with sugar",Grains and staples,Bread-based dishes,100%,1 slice(s) = 34g,-,Derived,2026,Per 100g,Per Serving (34g),345,117,6.94,2.36,14.17,4.82,8.93,3.04,0.41,0.14,49.35,16.78,15.5,5.27,-,-,1.79,0.61,314,107,4,1,154,52,3.84,1.31,2.21,0.75,0.01,Trace,0.37,0.13,3.21,1.09,-,-,37.06,12.6,-,-,-,-,-,-,-,-,-,-,-,-,0,0,170.15,57.85,153.38,52.15,100.74,34.25,0,0,0.01,Trace,0,0,-,-,0.01,Trace,0,0,4.12,1.4,0,0,0,0,3,1,0,0,0.01,Trace
Grains and staples,White bread with cheese and kaya,Sliced white bread with sliced cheese and kaya spread,Grains and staples,Bread-based dishes,100%,1 slice(s) = 46g,-,Derived,2026,Per 100g,Per Serving (46g),242,111,14.2,6.53,6.17,2.84,3.93,1.81,0.17,0.08,32.88,15.12,7.37,3.39,-,-,1.45,0.67,692,318,13,6,750,345,3.45,1.59,3.58,1.65,0.07,0.03,0.21,0.1,0.9,0.41,-,-,12.34,5.68,-,-,-,-,-,-,-,-,-,-,-,-,0.49,0.23,69.62,32.03,7.9,3.63,0,0,0,0,0.01,Trace,-,-,-,-,-,-,0,0,-,-,-,-,-,-,7,3,0.92,0.42,0.05,0.02
Grains and staples,White bread with jam,Sliced white bread with chocolate spread and peanut butter,Grains and staples,Bread-based dishes,100%,1 slice(s) = 29g,-,Derived,2026,Per 100g,Per Serving (29g),249,72,8.04,2.33,2.3,0.67,1.13,0.33,0,0,50.17,14.55,9.92,2.88,-,-,2.28,0.66,369,107,-,-,177,51,4.5,1.31,-,-,-,-,-,-,-,-,-,-,-,-,-,-,-,-,-,-,-,-,-,-,-,-,-,-,-,-,-,-,-,-,-,-,-,-,-,-,-,-,-,-,-,-,-,-,-,-,-,-,-,-,-,-,-,-
Grains and staples,White bread with kaya,Sliced white bread with kaya,Grains and staples,Bread-based dishes,100%,1 slice(s) = 29g,-,Derived,2026,Per 100g,Per Serving (29g),265,77,8.7,2.52,4.33,1.26,2.66,0.77,0,0,48.75,14.14,8.28,2.4,-,-,2.3,0.67,374,108,21,6,181,52,4.65,1.35,5.69,1.65,0.11,0.03,0.09,0.03,0.32,0.09,-,-,19.57,5.68,-,-,-,-,-,-,-,-,-,-,-,-,0.78,0.23,12.53,3.63,12.53,3.63,0,0,0,0,0.01,Trace,-,-,-,-,-,-,-,-,-,-,-,-,-,-,12,3,1.46,0.42,0.08,0.02
Grains and staples,White bread with kaya and butter,Sliced white bread with kaya and butter spread,Grains and staples,Bread-based dishes,100%,1 slice(s) = 34g,-,Derived,2026,Per 100g,Per Serving (34g),335,114,7.51,2.55,15.93,5.42,10.24,3.48,0.41,0.14,41.69,14.17,7.17,2.44,-,-,1.96,0.67,320,109,21,7,157,53,3.96,1.35,7.06,2.4,0.11,0.04,0.44,0.15,3.48,1.18,-,-,53.75,18.28,-,-,-,-,-,-,-,-,-,-,-,-,0.66,0.22,180.84,61.49,164.07,55.78,100.74,34.25,0,0,0.02,0.01,0,0,-,-,0.01,Trace,0,0,4.12,1.4,0,0,0,0,13,4,1.24,0.42,0.08,0.03
Grains and staples,White bread with kaya and peanut butter,Sliced white bread with kaya and peanut butter,Grains and staples,Bread-based dishes,100%,1 slice(s) = 34g,-,Derived,2026,Per 100g,Per Serving (34g),315,107,11.26,3.83,10.81,3.68,3.54,1.2,0,0,43.82,14.9,8.59,2.92,-,-,2.81,0.96,381,130,110,37,162,55,4.34,1.48,4.94,1.68,0.8,0.27,1.58,0.54,4.63,1.57,-,-,16.69,5.67,-,-,-,-,-,-,-,-,-,-,-,-,1.38,0.47,10.69,3.63,10.69,3.63,0,0,0.01,Trace,0.02,0.01,0.09,0.03,-,-,0,0,0,0,0,0,-,-,-,-,65,22,1.24,0.42,0.57,0.19
Grains and staples,Wholemeal bread with butter,Sliced wholemeal bread with butter spread,Grains and staples,Bread-based dishes,100%,1 slice(s) = 29g,-,Derived,2026,Per 100g,Per Serving (29g),332,96,9.85,2.86,17.62,5.11,10.78,3.13,0.48,0.14,34.68,10.06,3.46,1,-,-,4.47,1.3,285,83,4,1,145,42,4.58,1.33,2.59,0.75,0.02,0.01,0.43,0.12,3.76,1.09,-,-,43.45,12.6,-,-,-,-,-,-,-,-,-,-,-,-,0,0,199.48,57.85,179.83,52.15,118.1,34.25,0,0,0.02,0.01,0,0,-,-,0.02,0.01,0,0,4.83,1.4,0,0,0,0,3,1,0,0,0.02,0.01
Grains and staples,Wholemeal bread with butter and sugar,"Sliced wholemeal bread with butter spread, sprinkled with sugar",Grains and staples,Bread-based dishes,100%,1 slice(s) = 34g,-,Derived,2026,Per 100g,Per Serving (34g),339,115,8.4,2.86,15.03,5.11,9.2,3.13,0.41,0.14,44.29,15.06,17.66,6,-,-,3.81,1.3,243,83,4,1,124,42,3.91,1.33,2.21,0.75,0.01,Trace,0.37,0.13,3.21,1.09,-,-,37.06,12.6,-,-,-,-,-,-,-,-,-,-,-,-,0,0,170.15,57.85,153.38,52.15,100.74,34.25,0,0,0.01,Trace,0,0,-,-,0.01,Trace,0,0,4.12,1.4,0,0,0,0,3,1,0,0,0.01,Trace
Grains and staples,Wholemeal bread with cheese and kaya,Sliced wholemeal bread with sliced cheese and kaya,Grains and staples,Bread-based dishes,100%,1 slice(s) = 46g,-,Derived,2026,Per 100g,Per Serving (46g),237,109,15.29,7.03,6.81,3.13,4.13,1.9,0.17,0.08,29.13,13.4,8.96,4.12,-,-,2.94,1.35,639,294,13,6,728,335,3.5,1.61,3.58,1.65,0.07,0.03,0.21,0.1,0.9,0.41,-,-,12.34,5.68,-,-,-,-,-,-,-,-,-,-,-,-,0.49,0.23,69.62,32.03,7.9,3.63,0,0,0,0,0.01,Trace,-,-,-,-,-,-,0,0,-,-,-,-,-,-,7,3,0.92,0.42,0.05,0.02
Grains and staples,Wholemeal bread with jam,Sliced wholemeal bread with jam spread,Grains and staples,Bread-based dishes,100%,1 slice(s) = 29g,-,Derived,2026,Per 100g,Per Serving (29g),242,70,9.77,2.83,3.31,0.96,1.45,0.42,0,0,44.22,12.82,12.45,3.61,-,-,4.65,1.35,285,83,-,-,142,41,4.58,1.33,-,-,-,-,-,-,-,-,-,-,-,-,-,-,-,-,-,-,-,-,-,-,-,-,-,-,-,-,-,-,-,-,-,-,-,-,-,-,-,-,-,-,-,-,-,-,-,-,-,-,-,-,-,-,-,-
Grains and staples,Wholemeal bread with kaya,Sliced wholemeal bread with kaya spread,Grains and staples,Bread-based dishes,100%,1 slice(s) = 29g,-,Derived,2026,Per 100g,Per Serving (29g),258,75,10.42,3.02,5.34,1.55,2.97,0.86,0,0,42.81,12.41,10.82,3.14,-,-,4.66,1.35,290,84,21,6,146,42,4.73,1.37,5.69,1.65,0.11,0.03,0.09,0.03,0.32,0.09,-,-,19.57,5.68,-,-,-,-,-,-,-,-,-,-,-,-,0.78,0.23,12.53,3.63,12.53,3.63,0,0,0,0,0.01,Trace,-,-,-,-,-,-,-,-,-,-,-,-,-,-,12,3,1.46,0.42,0.08,0.02
Grains and staples,Wholemeal bread with kaya and butter,Sliced wholemeal bread with kaya and butter spread,Grains and staples,Bread-based dishes,100%,1 slice(s) = 34g,-,Derived,2026,Per 100g,Per Serving (34g),329,112,8.97,3.05,16.79,5.71,10.51,3.57,0.41,0.14,36.62,12.45,9.33,3.17,-,-,3.98,1.35,249,85,21,7,127,43,4.03,1.37,7.06,2.4,0.11,0.04,0.44,0.15,3.48,1.18,-,-,53.75,18.28,-,-,-,-,-,-,-,-,-,-,-,-,0.66,0.22,180.84,61.49,164.07,55.78,100.74,34.25,0,0,0.02,0.01,0,0,-,-,0.01,Trace,0,0,4.12,1.4,0,0,0,0,13,4,1.24,0.42,0.08,0.03
Grains and staples,Thick crust pizza (beef),Thick crust pizza with beef toppings and cheese,Grains and staples,Bread-based dishes,100%,1 slice(s) = 67g,-,Lab Analysis,2025,Per 100g,Per Serving (67g),267,179,13.5,9.05,11,7.37,5.12,3.43,0.35,0.23,28.6,19.16,2.4,1.61,-,-,2.04,1.37,587,393,191,128,178,119,0.84,0.56,44.5,29.82,-,-,0.89,0.6,2.81,1.88,Trace,Trace,-,-,0.6,0.4,0.6,0.4,0.8,0.54,Trace,Trace,0.3,0.2,0.1,0.07,-,-,-,-,-,-,-,-,-,-,-,-,-,-,-,-,-,-,-,-,-,-,-,-,-,-,-,-,-,-,-,-
Grains and staples,Thin crust pizza (beef),Thin crust pizza with beef toppings and cheese,Grains and staples,Bread-based dishes,100%,1 slice(s) = 67g,-,Lab Analysis,2025,Per 100g,Per Serving (67g),285,191,14.85,9.95,14.3,9.58,6.53,4.38,0.4,0.27,24.15,16.18,3.25,2.18,-,-,3.45,2.31,649,435,247,165,201,135,1.16,0.78,43.9,29.41,-,-,0.85,0.57,3.55,2.38,Trace,Trace,-,-,0.95,0.64,1,0.67,0.6,0.4,Trace,Trace,0.6,0.4,0.1,0.07,-,-,-,-,-,-,-,-,-,-,-,-,-,-,-,-,-,-,-,-,-,-,-,-,-,-,-,-,-,-,-,-
Grains and staples,Thin crust pizza (chicken),Thin crust pizza with chicken toppings and cheese,Grains and staples,Bread-based dishes,100%,1 slice(s) = 46g,-,Lab Analysis,2025,Per 100g,Per Serving (46g),261,120,14.55,6.69,10.15,4.67,4.9,2.25,0.26,0.12,27.9,12.83,6.15,2.83,-,-,2.09,0.96,527,242,294,135,184,85,0.76,0.35,45.15,20.77,-,-,0.84,0.39,2.7,1.24,Trace,Trace,-,-,1.65,0.76,1.7,0.78,0.6,0.28,Trace,Trace,1.95,0.9,0.2,0.09,-,-,-,-,-,-,-,-,-,-,-,-,-,-,-,-,-,-,-,-,-,-,-,-,-,-,-,-,-,-,-,-
Grains and staples,Thin crust pizza (ham),Thin crust pizza with ham toppings and cheese,Grains and staples,Bread-based dishes,100%,1 slice(s) = 37g,-,Lab Analysis,2025,Per 100g,Per Serving (37g),336,124,13.3,4.92,16.3,6.03,7.99,2.96,0.51,0.19,34,12.58,2.7,1,-,-,3.62,1.34,542,201,218,81,207,77,0.93,0.34,33.85,12.52,-,-,1.26,0.47,4.85,1.79,Trace,Trace,-,-,0.8,0.3,0.95,0.35,0.75,0.28,Trace,Trace,Trace,Trace,0.2,0.07,-,-,-,-,-,-,-,-,-,-,-,-,-,-,-,-,-,-,-,-,-,-,-,-,-,-,-,-,-,-,-,-
Grains and staples,Sheng jian bao,Pan-fried Chinese dumpings with pork filling and soup broth,Grains and staples,Bread-based dishes,100%,1 whole = 48g,-,Derived,2026,Per 100g,Per Serving (48g),254,122,9.48,4.55,14.2,6.82,6.12,2.94,Trace,Trace,22.07,10.59,2.35,1.13,-,-,2.27,1.09,366,176,101,48,12,6,0.33,0.16,50.45,24.22,-,-,2.18,1.05,5.88,2.82,-,-,-,-,Trace,Trace,0.35,0.17,0.42,0.2,Trace,Trace,1.57,0.75,Trace,Trace,-,-,-,-,-,-,-,-,-,-,-,-,-,-,-,-,-,-,-,-,-,-,-,-,-,-,-,-,-,-,-,-
Grains and staples,Baguette,"Traditional French bread with crispy golden crust and soft, chewy interior",Grains and staples,Breads and flatbreads,100%,1 piece(s) = 194g,-,Lab Analysis,2026,Per 100g,Per Serving (194g),303,588,11.9,23.09,1.8,3.49,0.7,1.36,0,0,59.7,115.82,2.95,5.72,-,-,1.4,2.72,572,1110,118,229,22,43,0.82,1.59,23.2,45.01,-,-,-,-,-,-,-,-,-,-,0,0,0,0,0,0,0,0,2.95,5.72,0,0,-,-,-,-,-,-,-,-,-,-,-,-,-,-,-,-,-,-,-,-,-,-,-,-,-,-,-,-,-,-,-,-
Grains and staples,Chapati,"Indian unleavened flat bread served with vegetable curry, chana masala and raita",Grains and staples,Breads and flatbreads,100%,1 piece(s) = 133g,-,Lab Analysis,2025,Per 100g,Per Serving (133g),336,447,8.22,10.93,10.6,14.1,4.22,5.61,0.09,0.12,51.8,68.89,4.65,6.18,-,-,4.74,6.3,278,370,255,339,29,39,2.17,2.89,27.25,36.24,-,-,1.54,2.05,3.56,4.73,Trace,Trace,-,-,0.3,0.4,0.2,0.27,1.9,2.53,Trace,Trace,2.2,2.93,0.1,0.13,-,-,-,-,-,-,-,-,-,-,-,-,-,-,-,-,-,-,-,-,-,-,-,-,-,-,-,-,-,-,-,-
Grains and staples,Plain naan,"Indian leavened bread made of flour, plain yoghurt, eggs and ghee/butter, pan fried",Grains and staples,Breads and flatbreads,100%,1 piece(s) = 77g,-,Lab Analysis,2023,Per 100g,Per Serving (77g),301,232,8.64,6.65,5.26,4.05,2.03,1.56,-,-,54.73,42.14,4.55,3.5,-,-,1.91,1.47,517,398,-,-,-,-,-,-,-,-,-,-,-,-,-,-,-,-,-,-,-,-,-,-,-,-,-,-,-,-,-,-,-,-,-,-,-,-,-,-,-,-,-,-,-,-,-,-,-,-,-,-,-,-,-,-,-,-,-,-,-,-,-,-
Grains and staples,Pandan bread,Soft green-tinted bread with pandan flavouring,Grains and staples,Breads and flatbreads,100%,1 slice(s) = 24g,-,NIP,2025,Per 100g,Per Serving (24g),266,64,12.1,2.9,3.9,0.94,2,0.48,0,0,45.7,10.97,2.34,0.56,-,-,3.7,0.89,319,77,-,-,336,81,4.8,1.15,-,-,-,-,1.13,0.27,0.54,0.13,-,-,-,-,-,-,-,-,-,-,-,-,-,-,-,-,-,-,0,0,-,-,-,-,-,-,-,-,-,-,-,-,-,-,0.2,0.05,-,-,-,-,-,-,-,-,-,-,-,-
Grains and staples,Plain bun,Simple soft bread roll without filling or toppings,Grains and staples,Breads and flatbreads,100%,1 whole = 38g,-,Lab Analysis,2023,Per 100g,Per Serving (38g),541,206,7.31,2.78,40.42,15.36,18.76,7.13,-,-,36.89,14.02,3.93,1.49,-,-,2.05,0.78,229,87,-,-,-,-,-,-,-,-,-,-,-,-,-,-,-,-,-,-,-,-,-,-,-,-,-,-,-,-,-,-,-,-,-,-,-,-,-,-,-,-,-,-,-,-,-,-,-,-,-,-,-,-,-,-,-,-,-,-,-,-,-,-
Grains and staples,Plain prata,"Indian-style fried flat round dough made with ghee, wheat flour, sugar, salt and water",Grains and staples,Breads and flatbreads,100%,1 piece(s) = 141g,-,Lab Analysis,2025,Per 100g,Per Serving (141g),352,496,8.88,12.52,12,16.92,5.12,7.22,0.04,0.06,52.05,73.39,3.9,5.5,-,-,2.14,3.02,571,805,99,140,13,18,0.84,1.18,25.4,35.81,-,-,1.65,2.33,4.15,5.85,Trace,Trace,-,-,0.5,0.71,0.3,0.42,1.3,1.83,Trace,Trace,1.8,2.54,Trace,Trace,-,-,-,-,-,-,-,-,-,-,-,-,-,-,-,-,-,-,-,-,-,-,-,-,-,-,-,-,-,-,-,-
Grains and staples,Popiah skin,Paper-thin wheat flour wrapper made from wheat flour and water,Grains and staples,Breads and flatbreads,100%,1 piece(s) = 10g,-,Lab Analysis,2010,Per 100g,Per Serving (10g),227,23,8.4,0.84,1,0.1,0.1,0.01,-,-,45.7,4.57,-,-,-,-,2.2,0.22,80,8,-,-,60,6,1.4,0.14,19.7,1.97,1.47,0.15,0.3,0.03,0.1,0.01,-,-,0,0,-,-,-,-,-,-,-,-,-,-,-,-,-,-,0,0,0,0,0,0,-,-,-,-,-,-,-,-,-,-,-,-,-,-,-,-,-,-,-,-,-,-,-,-
Grains and staples,Puri,"Deep-fried wholemeal Indian bread, made from flour and ghee",Grains and staples,Breads and flatbreads,100%,1 piece(s) = 50g,-,Lab Analysis,2023,Per 100g,Per Serving (50g),372,186,8.76,4.38,16.66,8.33,8.1,4.05,-,-,46.85,23.43,4.66,2.33,-,-,2.3,1.15,456,228,-,-,-,-,-,-,-,-,-,-,-,-,-,-,-,-,-,-,-,-,-,-,-,-,-,-,-,-,-,-,-,-,90,45,-,-,-,-,-,-,-,-,-,-,-,-,-,-,-,-,-,-,-,-,-,-,-,-,-,-,-,-
Grains and staples,Sourdough bread,Naturally fermented bread with tangy flavour,Grains and staples,Breads and flatbreads,100%,1 slice(s) = 60g,1 loaf(s) = 440g,Lab Analysis,2025,Per 100g,Per Serving (60g),257,154,9.6,5.76,1.7,1.02,0.33,0.2,Trace,Trace,50.55,30.33,1.2,0.72,-,-,3.1,1.86,444,266,131,79,22,13,0.98,0.59,36.45,21.87,-,-,0.57,0.34,0.49,0.29,Trace,Trace,-,-,Trace,Trace,0.15,0.09,1.05,0.63,Trace,Trace,Trace,Trace,Trace,Trace,-,-,-,-,-,-,-,-,-,-,-,-,-,-,-,-,-,-,-,-,-,-,-,-,-,-,-,-,-,-,-,-
Grains and staples,Steamed mantou,"Steamed bun made from flour and yeast, from imperial herbal restaurant",Grains and staples,Breads and flatbreads,100%,1 piece(s) = 52g,-,Lab Analysis,2010,Per 100g,Per Serving (52g),254,132,5.1,2.65,2.6,1.35,0.99,0.51,-,-,52.8,27.46,9.2,4.78,-,-,2,1.04,132,69,-,-,37,19,0.4,0.21,-,-,-,-,0.53,0.28,0.92,0.48,-,-,-,-,-,-,-,-,-,-,-,-,-,-,-,-,-,-,0,0,-,-,-,-,-,-,-,-,-,-,-,-,-,-,0,0,-,-,-,-,-,-,-,-,-,-,-,-
Grains and staples,Toast,Toasted bread,Grains and staples,Breads and flatbreads,100%,1 slice(s) = 23g,-,Borrowed,2025,Per 100g,Per Serving (23g),290,67,9,2.07,4,0.92,0.76,0.17,-,-,54.5,12.54,6.2,1.43,-,-,2.9,0.67,537,124,131,30,119,27,3.33,0.77,30.4,6.99,-,-,2.09,0.48,0.8,0.18,0,0,1,0.23,-,-,-,-,-,-,-,-,-,-,-,-,-,-,0,0,0,0,0,0,0.42,0.1,0.34,0.08,0.06,0.01,104,23.92,0.02,Trace,0,0,0,0,0.36,0.08,3.4,0.78,103,24,31,7.13,0.68,0.16
Grains and staples,Glutinous rice flour,"Processed grain glutinous rice flour, fine white powder, smooth texture with mild sweet taste.",Grains and staples,Flour,100%,1 cup(s) = 155g,1 tablespoon(s) = 10g,Borrowed,2025,Per 100g,Per Serving (155g),357,553,6,9.3,0,0,-,-,-,-,82.75,128.26,-,-,-,-,0.8,1.24,14,22,-,-,-,-,0.3,0.47,10.2,15.81,-,-,-,-,-,-,-,-,-,-,-,-,-,-,-,-,-,-,-,-,-,-,-,-,-,-,-,-,-,-,0.01,0.02,0.01,0.02,-,-,-,-,-,-,-,-,-,-,-,-,-,-,-,-,-,-,-,-
Grains and staples,Tapioca flour,"Processed starch tapioca flour from cassava root, fine white powder, smooth texture with neutral taste.",Grains and staples,Flour,100%,1 cup(s) = 125g,-,Borrowed,2025,Per 100g,Per Serving (125g),353,441,0.11,0.14,0.09,0.11,-,-,-,-,87.42,109.27,-,-,-,-,1.2,1.5,-,-,-,-,84,105,0.9,1.13,11.1,13.88,-,-,-,-,-,-,-,-,-,-,-,-,-,-,-,-,-,-,-,-,-,-,-,-,-,-,0,0,-,-,0.06,0.08,0.02,0.03,-,-,-,-,-,-,-,-,-,-,-,-,-,-,35,44,-,-,-,-
Grains and staples,Cereal,Cereal made from grains (corn/wheat/rice/oats),Grains and staples,Grain-based dishes,100%,1 bowl(s) = 45g,-,Derived,2026,Per 100g,Per Serving (45g),407,183,5.18,2.33,4.88,2.2,1.28,0.58,0,0,84.42,37.99,31.17,14.03,-,-,1.62,0.73,335,151,6,3,0,0,5.44,2.45,-,-,-,-,0.08,0.04,0.08,0.04,-,-,0,0,-,-,-,-,-,-,-,-,-,-,-,-,-,-,-,-,-,-,-,-,0.4,0.18,0.82,0.37,0.71,0.32,162.29,73.03,0.78,0.35,7.5,3.38,30,13.5,-,-,-,-,-,-,-,-,2.5,1.13
Grains and staples,Oatmeal (boiled),Boiled rolled oats,Grains and staples,Grain-based dishes,100%,1 bowl(s) = 135g,-,Derived,2026,Per 100g,Per Serving (135g),97,131,2.85,3.85,2.26,3.05,0.86,1.16,0,0,15.06,20.33,0,0,-,-,2.46,3.32,2,3,81,109,12,16,0.96,1.3,2.41,3.25,0.49,0.66,0.8,1.08,0.91,1.23,-,-,0,0,-,-,-,-,-,-,-,-,-,-,-,-,15.06,20.33,0,0,0,0,0,0,0.14,0.19,0.04,0.05,0.02,0.03,-,-,0,0,0,0,0,0,0,0,0,0,107,144,3.66,4.94,0.49,0.66
Grains and staples,Uppuma,"South Indian breakfast dish made from dry-roasted semolina, vegetables, and spices",Grains and staples,Grain-based dishes,100%,1 plate(s) = 443g,-,Lab Analysis,2024,Per 100g,Per Serving (443g),164,727,3.46,15.33,9.22,40.84,4.73,20.95,-,-,16.81,74.47,1.39,6.16,-,-,1.95,8.64,348,1542,-,-,-,-,-,-,-,-,-,-,-,-,-,-,-,-,-,-,-,-,-,-,-,-,-,-,-,-,-,-,-,-,-,-,-,-,-,-,-,-,-,-,-,-,-,-,-,-,-,-,-,-,-,-,-,-,-,-,-,-,-,-
Grains and staples,Aglio olio,"Italian pasta dish tossed in olive oil, garlic, chilli flakes, with mushrooms",Grains and staples,Noodle/Pasta-based dishes,100%,1 plate(s) = 284g,-,Lab Analysis,2025,Per 100g,Per Serving (284g),188,534,4.95,14.06,6.1,17.32,0.98,2.78,0.02,0.06,28.2,80.09,0.3,0.85,-,-,4.84,13.75,223,633,143,406,14,40,0.7,1.99,60.45,171.68,-,-,1.69,4.8,2.93,8.32,Trace,Trace,-,-,Trace,Trace,Trace,Trace,0.25,0.71,Trace,Trace,0.1,0.28,Trace,Trace,-,-,-,-,-,-,-,-,-,-,-,-,-,-,-,-,-,-,-,-,-,-,-,-,-,-,-,-,-,-,-,-
Grains and staples,Bak chor mee (dry),"Dry egg noodles with vegetables, minced pork, liver and meatballs tossed in vinegar-chilli sauce, served with soup",Grains and staples,Noodle/Pasta-based dishes,100%,1 bowl(s) = 430g,-,Lab Analysis,2025,Per 100g,Per Serving (430g),131,563,5.04,21.67,3.6,15.48,1.23,5.29,Trace,Trace,19.5,83.85,1,4.3,-,-,2.54,10.92,377,1621,68,292,12,52,0.59,2.54,70.65,303.8,-,-,0.58,2.49,1.52,6.54,Trace,Trace,-,-,0.3,1.29,0.6,2.58,Trace,Trace,Trace,Trace,Trace,Trace,Trace,Trace,-,-,-,-,-,-,-,-,-,-,-,-,-,-,-,-,-,-,-,-,-,-,-,-,-,-,-,-,-,-,-,-
Grains and staples,Bak chor mee (soup),"Egg noodles in clear broth with minced pork, liver, meatballs and vegetables in vinegar-chilli sauce",Grains and staples,Noodle/Pasta-based dishes,100%,1 bowl(s) = 682g,-,Lab Analysis,2025,Per 100g,Per Serving (682g),79,539,5.73,39.08,1.4,9.55,0.36,2.46,Trace,Trace,10.8,73.66,Trace,Trace,-,-,1.41,9.62,313,2135,54,368,10,68,0.57,3.89,81.1,553.1,-,-,0.26,1.77,0.38,2.59,Trace,Trace,-,-,Trace,Trace,Trace,Trace,Trace,Trace,Trace,Trace,Trace,Trace,Trace,Trace,-,-,-,-,-,-,-,-,-,-,-,-,-,-,-,-,-,-,-,-,-,-,-,-,-,-,-,-,-,-,-,-
Grains and staples,Ban mian (dry),"Hand-made flat wheat noodles tossed in dark soy sauce with minced pork, chicken, mushrooms, anchovies, vegetables and egg, served with soup",Grains and staples,Noodle/Pasta-based dishes,100%,1 bowl(s) = 407g,-,Lab Analysis,2025,Per 100g,Per Serving (407g),166,676,7.07,28.77,5.5,22.39,1.83,7.45,0.01,0.04,21.85,88.93,1,4.07,-,-,1.89,7.69,447,1819,126,513,56,228,0.86,3.5,63.5,258.45,-,-,0.84,3.42,1.99,8.1,15,61.05,-,-,0.3,1.22,0.4,1.63,0.3,1.22,Trace,Trace,Trace,Trace,Trace,Trace,-,-,-,-,-,-,-,-,-,-,-,-,-,-,-,-,-,-,-,-,-,-,-,-,-,-,-,-,-,-,-,-
Grains and staples,Ban mian (soup),"Hand-made flat wheat noodles served in soup with minced pork, mushrooms, anchovies, vegetables and egg",Grains and staples,Noodle/Pasta-based dishes,100%,1 bowl(s) = 792g,-,Lab Analysis,2025,Per 100g,Per Serving (792g),77,610,3.24,25.66,2.2,17.42,0.7,5.54,Trace,Trace,11.15,88.31,Trace,Trace,-,-,0.81,6.42,292,2313,61,483,13,103,Trace,Trace,82.45,653,-,-,0.35,2.77,0.83,6.57,Trace,Trace,-,-,Trace,Trace,Trace,Trace,Trace,Trace,Trace,Trace,Trace,Trace,Trace,Trace,-,-,-,-,-,-,-,-,-,-,-,-,-,-,-,-,-,-,-,-,-,-,-,-,-,-,-,-,-,-,-,-
Grains and staples,Beef ball kway teow soup,"Broad, flat rice noodles with beef balls in a soup",Grains and staples,Noodle/Pasta-based dishes,100%,1 bowl(s) = 550g,-,Lab Analysis,2010,Per 100g,Per Serving (550g),114,627,7,38.5,2.6,14.3,1.27,6.98,0.05,0.28,15.7,86.35,Trace,Trace,-,-,1,5.5,272,1496,-,-,21,116,1.3,7.15,-,-,-,-,0.22,1.21,1.02,5.61,-,-,-,-,-,-,-,-,-,-,-,-,-,-,-,-,-,-,1,5.5,-,-,-,-,-,-,-,-,-,-,-,-,-,-,0,0,-,-,-,-,-,-,-,-,-,-,-,-
Grains and staples,Beef bolognese,"Italian pasta sauce made with minced beef, tomatoes and herbs served over pasta",Grains and staples,Noodle/Pasta-based dishes,100%,1 plate(s) = 410g,-,Lab Analysis,2023,Per 100g,Per Serving (410g),143,586,8.42,34.52,5.65,23.17,2.86,11.73,-,-,14.64,60.02,0.6,2.46,-,-,1.26,5.17,437,1792,-,-,-,-,-,-,-,-,-,-,-,-,-,-,-,-,-,-,-,-,-,-,-,-,-,-,-,-,-,-,-,-,-,-,-,-,-,-,-,-,-,-,-,-,-,-,-,-,-,-,-,-,-,-,-,-,-,-,-,-,-,-
Grains and staples,Beef dao xiao mian (soup),"Hand-shaved noodles in beef broth with sliced beef, leafy greens and spring onions",Grains and staples,Noodle/Pasta-based dishes,100%,1 bowl(s) = 990g,-,Lab Analysis,2018,Per 100g,Per Serving (990g),70,693,4.69,46.43,0.72,7.13,0.28,2.77,0,0,11.1,109.89,1.2,11.88,-,-,0.59,5.84,311,3079,-,-,8,79,0.41,4.06,-,-,-,-,0.18,1.78,0.24,2.38,-,-,-,-,-,-,-,-,-,-,-,-,-,-,-,-,-,-,5.15,50.99,-,-,-,-,-,-,-,-,-,-,-,-,-,-,0,0,-,-,-,-,-,-,-,-,-,-,-,-
Grains and staples,Beef hor fun,"Stir-fried kway teow noodles with beef, vegetables and egg gravy",Grains and staples,Noodle/Pasta-based dishes,100%,1 plate(s) = 682g,-,Lab Analysis,2025,Per 100g,Per Serving (682g),97,662,2.39,16.3,3.4,23.19,1.34,9.14,0.02,0.14,14.3,97.53,0.3,2.05,-,-,1.05,7.16,313,2135,35,239,7,48,Trace,Trace,78.85,537.76,-,-,0.39,2.66,1.42,9.68,Trace,Trace,-,-,0.1,0.68,0.2,1.36,Trace,Trace,Trace,Trace,Trace,Trace,Trace,Trace,-,-,-,-,-,-,-,-,-,-,-,-,-,-,-,-,-,-,-,-,-,-,-,-,-,-,-,-,-,-,-,-
Grains and staples,Beef noodles (dry),"Noodles with sliced beef, vegetables and gravy, served with chilli and lime",Grains and staples,Noodle/Pasta-based dishes,99.60%,1 bowl(s) = 497g,-,Lab Analysis,2025,Per 100g,Per Serving (497g),96,475,3.99,19.75,1.35,6.68,0.38,1.88,0.03,0.15,16.95,83.9,1.8,8.91,-,-,1.84,9.11,451,2233,48,238,8,40,0.47,2.33,76.3,377.69,-,-,0.16,0.79,0.36,1.78,Trace,Trace,-,-,0.4,1.98,0.3,1.49,0.3,1.49,Trace,Trace,0.8,3.96,Trace,Trace,-,-,-,-,-,-,-,-,-,-,-,-,-,-,-,-,-,-,-,-,-,-,-,-,-,-,-,-,-,-,-,-
Grains and staples,Beef noodles (soup),Noodles served with sliced beef and vegetables in soup,Grains and staples,Noodle/Pasta-based dishes,100%,1 bowl(s) = 785g,-,Lab Analysis,2025,Per 100g,Per Serving (785g),75,589,5.75,45.14,0.9,7.07,0.29,2.28,0.01,0.08,11.1,87.14,Trace,Trace,-,-,0.65,5.1,395,3101,60,471,16,126,0.36,2.83,81.2,637.42,-,-,0.17,1.33,0.28,2.2,Trace,Trace,-,-,Trace,Trace,Trace,Trace,Trace,Trace,Trace,Trace,Trace,Trace,Trace,Trace,-,-,-,-,-,-,-,-,-,-,-,-,-,-,-,-,-,-,-,-,-,-,-,-,-,-,-,-,-,-,-,-
Grains and staples,Beef pho,Vietnamese rice noodle soup with sliced beef and beef balls in broth flavoured with star anise and herbs,Grains and staples,Noodle/Pasta-based dishes,100%,1 bowl(s) = 879g,-,Lab Analysis,2026,Per 100g,Per Serving (879g),87,765,6.44,56.61,1.47,12.92,0.7,6.15,Trace,Trace,12.09,106.27,Trace,Trace,-,-,1,8.79,342,3006,52,457,6,53,Trace,Trace,78.09,686.41,-,-,0.13,1.14,0.61,5.36,-,-,-,-,Trace,Trace,Trace,Trace,Trace,Trace,Trace,Trace,Trace,Trace,Trace,Trace,-,-,-,-,-,-,-,-,-,-,-,-,-,-,-,-,-,-,-,-,-,-,-,-,-,-,-,-,-,-,-,-
Grains and staples,Beef tripe noodles (soup),Noodles with beef tripe in clear broth,Grains and staples,Noodle/Pasta-based dishes,100%,1 bowl(s) = 293g,-,Lab Analysis,2010,Per 100g,Per Serving (293g),136,398,10.8,31.64,4.1,12.01,1.48,4.34,-,-,14,41.02,3.3,9.67,-,-,1.8,5.27,343,1005,-,-,41,120,0.1,0.29,-,-,-,-,0.43,1.26,3,8.79,-,-,-,-,-,-,-,-,-,-,-,-,-,-,-,-,-,-,12,35.16,-,-,-,-,-,-,-,-,-,-,-,-,-,-,0,0,-,-,-,-,-,-,-,-,-,-,-,-
Grains and staples,Beef udon (soup),Japanese udon noodles served with sliced beef in soup,Grains and staples,Noodle/Pasta-based dishes,100%,1 bowl(s) = 632g,-,Lab Analysis,2010,Per 100g,Per Serving (632g),73,461,3.88,24.52,2.5,15.8,1.09,6.89,-,-,8.64,54.6,1.19,7.52,-,-,0.53,3.35,325,2054,-,-,116,733,Trace,Trace,-,-,-,-,0.2,1.26,0.99,6.26,-,-,-,-,-,-,-,-,-,-,-,-,-,-,-,-,-,-,Trace,Trace,-,-,-,-,-,-,-,-,-,-,-,-,-,-,Trace,Trace,-,-,-,-,-,-,-,-,-,-,-,-
Grains and staples,Beehoon (soup),Bee hoon with fishballs and vegetables in soup,Grains and staples,Noodle/Pasta-based dishes,100%,1 bowl(s) = 675g,-,Lab Analysis,2025,Per 100g,Per Serving (675g),24,162,2.13,14.38,0.4,2.7,0.08,0.54,Trace,Trace,3.05,20.59,0.4,2.7,-,-,0.6,4.05,264,1782,25,169,5,34,Trace,Trace,93.65,632.14,-,-,0.03,0.2,0.09,0.61,Trace,Trace,-,-,Trace,Trace,Trace,Trace,Trace,Trace,Trace,Trace,0.4,2.7,Trace,Trace,-,-,-,-,-,-,-,-,-,-,-,-,-,-,-,-,-,-,-,-,-,-,-,-,-,-,-,-,-,-,-,-
Grains and staples,Beehoon soto,Rice vermicelli in spiced yellow chicken soup,Grains and staples,Noodle/Pasta-based dishes,100%,1 bowl(s) = 747g,-,Lab Analysis,2026,Per 100g,Per Serving (747g),89,665,4.8,35.86,2.9,21.66,1.02,7.62,Trace,Trace,11.03,82.39,0.71,5.3,-,-,1.56,11.65,258,1927,76,568,13,97,Trace,Trace,78.96,589.83,-,-,0.62,4.63,1.25,9.34,-,-,-,-,Trace,Trace,Trace,Trace,Trace,Trace,Trace,Trace,0.71,5.3,Trace,Trace,-,-,-,-,-,-,-,-,-,-,-,-,-,-,-,-,-,-,-,-,-,-,-,-,-,-,-,-,-,-,-,-
Grains and staples,Braised beef tendon noodles (soup),Braised beef tendon with rice noodles served in soup,Grains and staples,Noodle/Pasta-based dishes,100%,1 bowl(s) = 444g,-,Lab Analysis,2010,Per 100g,Per Serving (444g),104,462,7.6,33.74,1.2,5.33,0.6,2.66,-,-,15.6,69.26,-,-,-,-,2.8,12.43,510,2264,-,-,15,67,1.4,6.22,-,-,-,-,0.3,1.33,0.3,1.33,-,-,-,-,-,-,-,-,-,-,-,-,-,-,-,-,-,-,11,48.84,-,-,-,-,-,-,-,-,-,-,-,-,-,-,-,-,-,-,-,-,-,-,-,-,-,-,-,-
Grains and staples,Carbonara,"Italian pasta dish with creamy sauce made from eggs, cheese, black pepper and pancetta or bacon",Grains and staples,Noodle/Pasta-based dishes,100%,1 plate(s) = 451g,-,Lab Analysis,2023,Per 100g,Per Serving (451g),163,735,6.96,31.39,7.2,32.47,3.23,14.57,-,-,17.65,79.6,0.16,0.72,-,-,0.76,3.43,287,1294,-,-,-,-,-,-,-,-,-,-,-,-,-,-,-,-,-,-,-,-,-,-,-,-,-,-,-,-,-,-,-,-,-,-,-,-,-,-,-,-,-,-,-,-,-,-,-,-,-,-,-,-,-,-,-,-,-,-,-,-,-,-
Grains and staples,Char kway teow,"Mixture of broad, flat rice noodles and yellow noodles stir-fried with cockles, Chinese sausage, sliced fishcake, vegetables and egg in sweet dark soy sauce",Grains and staples,Noodle/Pasta-based dishes,100%,1 plate(s) = 480g,-,Lab Analysis,2025,Per 100g,Per Serving (480g),206,989,5.36,25.73,8.9,42.72,2.95,14.16,0.01,0.05,26.05,125.04,2.35,11.28,-,-,1.15,5.52,439,2107,71,341,32,154,0.94,4.51,58.35,280.08,-,-,1.28,6.14,3.49,16.75,14,67.2,-,-,0.55,2.64,0.8,3.84,Trace,Trace,Trace,Trace,1,4.8,Trace,Trace,-,-,-,-,-,-,-,-,-,-,-,-,-,-,-,-,-,-,-,-,-,-,-,-,-,-,-,-,-,-,-,-
Grains and staples,Char siew noodles,"Yellow noodles stir-fried with vegetables, char siew and spring onion in soya sauce",Grains and staples,Noodle/Pasta-based dishes,100%,1 plate(s) = 380g,-,Lab Analysis,2025,Per 100g,Per Serving (380g),139,528,7.1,26.98,4.75,18.05,1.56,5.93,0.01,0.04,16.95,64.41,0.75,2.85,-,-,1.04,3.95,429,1630,86,327,15,57,0.53,2.01,69.8,265.24,-,-,0.81,3.08,1.92,7.3,Trace,Trace,-,-,0.15,0.57,0.6,2.28,Trace,Trace,Trace,Trace,Trace,Trace,Trace,Trace,-,-,-,-,-,-,-,-,-,-,-,-,-,-,-,-,-,-,-,-,-,-,-,-,-,-,-,-,-,-,-,-
Grains and staples,Chashu ramen,"Japanese-style egg noodles topped with 2 slices of pork charsiew, black fungus, seaweed, bean sprouts and green onions in rich broth",Grains and staples,Noodle/Pasta-based dishes,100%,1 bowl(s) = 591g,-,Lab Analysis,2025,Per 100g,Per Serving (591g),99,585,5.7,33.69,3.15,18.62,0.95,5.61,Trace,Trace,12,70.92,Trace,Trace,-,-,1.73,10.22,459,2713,97,573,10,59,Trace,Trace,77.7,459.21,-,-,0.56,3.31,1.23,7.27,Trace,Trace,-,-,Trace,Trace,Trace,Trace,Trace,Trace,Trace,Trace,Trace,Trace,Trace,Trace,-,-,-,-,-,-,-,-,-,-,-,-,-,-,-,-,-,-,-,-,-,-,-,-,-,-,-,-,-,-,-,-
Grains and staples,Chicken and mushroom noodles (dry),"Dry egg noodles with shredded chicken, mushroom and green vegetables in oyster sauce gravy",Grains and staples,Noodle/Pasta-based dishes,100%,1 bowl(s) = 397g,-,Lab Analysis,2010,Per 100g,Per Serving (397g),111,441,6.7,26.6,3.7,14.69,1.4,5.56,0,0,12.7,50.42,0.4,1.59,-,-,1.7,6.75,428,1699,-,-,17,67,Trace,Trace,-,-,-,-,0.6,2.38,1.5,5.96,-,-,-,-,-,-,-,-,-,-,-,-,-,-,-,-,-,-,9,35.73,-,-,-,-,-,-,-,-,-,-,-,-,-,-,Trace,Trace,-,-,-,-,-,-,-,-,-,-,-,-
Grains and staples,Chicken and mushroom noodles (soup),Egg noodles in broth with chicken and black mushrooms,Grains and staples,Noodle/Pasta-based dishes,100%,1 bowl(s) = 653g,-,Lab Analysis,2010,Per 100g,Per Serving (653g),53,346,4.4,28.73,1,6.53,0.4,2.61,-,-,6.7,43.75,0.3,1.96,-,-,0.7,4.57,273,1783,-,-,14,91,Trace,Trace,-,-,-,-,0.2,1.31,0.4,2.61,-,-,-,-,-,-,-,-,-,-,-,-,-,-,-,-,-,-,3,19.59,-,-,-,-,-,-,-,-,-,-,-,-,-,-,Trace,Trace,-,-,-,-,-,-,-,-,-,-,-,-
Grains and staples,Chicken chop spaghetti,Chicken chop with gravy and tomato spaghetti,Grains and staples,Noodle/Pasta-based dishes,100%,1 piece(s) = 617g,-,Derived,2026,Per 100g,Per Serving (617g),130,802,8.69,53.62,4.72,29.12,1.55,9.56,0,0,13.12,80.95,0,0,-,-,1.21,7.47,351,2166,197,1215,14,86,1.1,6.79,70.82,436.96,-,-,-,-,-,-,-,-,-,-,0,0,0,0,0,0,0,0,0,0,0,0,-,-,-,-,-,-,-,-,-,-,-,-,-,-,-,-,-,-,-,-,-,-,-,-,-,-,-,-,-,-,-,-
Grains and staples,Chicken feet noodles (dry),"Braised chicken feet served with noodle, dry",Grains and staples,Noodle/Pasta-based dishes,100%,1 bowl(s) = 409g,-,Lab Analysis,2010,Per 100g,Per Serving (409g),119,487,4.9,20.04,4,16.36,1.34,5.48,-,-,15.8,64.62,3.9,15.95,-,-,1.5,6.14,437,1787,-,-,32,131,0.9,3.68,-,-,-,-,0.73,2.99,2,8.18,-,-,-,-,-,-,-,-,-,-,-,-,-,-,-,-,-,-,14,57.26,-,-,-,-,-,-,-,-,-,-,-,-,-,-,0.2,0.82,-,-,-,-,-,-,-,-,-,-,-,-
Grains and staples,Chicken feet noodles (soup),Braised chicken feet served with noodle in soup,Grains and staples,Noodle/Pasta-based dishes,100%,1 bowl(s) = 628g,-,Lab Analysis,2010,Per 100g,Per Serving (628g),72,452,4,25.12,2.5,15.7,0.95,5.97,-,-,8.5,53.38,3,18.84,-,-,0.7,4.4,318,1997,-,-,9,57,0.1,0.63,-,-,-,-,0.33,2.07,3,18.84,-,-,-,-,-,-,-,-,-,-,-,-,-,-,-,-,-,-,15,94.2,-,-,-,-,-,-,-,-,-,-,-,-,-,-,0.2,1.26,-,-,-,-,-,-,-,-,-,-,-,-
Grains and staples,Chicken macaroni soup,Boiled macaroni with chicken and vegetables in chicken broth,Grains and staples,Noodle/Pasta-based dishes,100%,1 bowl(s) = 606g,-,Lab Analysis,2025,Per 100g,Per Serving (606g),46,279,3.2,19.39,0.95,5.76,0.29,1.76,Trace,Trace,6.15,37.27,0.5,3.03,-,-,0.76,4.61,250,1515,49,297,8,48,Trace,Trace,88.95,539.04,-,-,0.23,1.39,0.32,1.94,Trace,Trace,-,-,Trace,Trace,Trace,Trace,Trace,Trace,Trace,Trace,0.5,3.03,Trace,Trace,-,-,-,-,-,-,-,-,-,-,-,-,-,-,-,-,-,-,-,-,-,-,-,-,-,-,-,-,-,-,-,-
Grains and staples,Chilli ban mian,"Hand made flat wheat noodles in spicy broth with minced pork, mushrooms, anchovies and vegetable",Grains and staples,Noodle/Pasta-based dishes,100%,1 bowl(s) = 411g,-,Lab Analysis,2023,Per 100g,Per Serving (411g),165,678,7.64,31.4,6,24.66,2.39,9.82,-,-,20.14,82.78,1.64,6.74,-,-,2.12,8.71,424,1743,-,-,-,-,-,-,-,-,-,-,-,-,-,-,-,-,-,-,-,-,-,-,-,-,-,-,-,-,-,-,-,-,-,-,-,-,-,-,-,-,-,-,-,-,-,-,-,-,-,-,-,-,-,-,-,-,-,-,-,-,-,-
Grains and staples,Claypot ee mee,"Ee mee with fried tofu, carrot, cabbage, mushroom, in claypot",Grains and staples,Noodle/Pasta-based dishes,100%,1 plate(s) = 500g,-,Lab Analysis,2010,Per 100g,Per Serving (500g),94,470,3.6,18,5.1,25.5,2.08,10.4,-,-,8.3,41.5,0.9,4.5,-,-,0.6,3,228,1140,-,-,28,140,0.4,2,-,-,-,-,0.75,3.75,2.09,10.45,-,-,-,-,-,-,-,-,-,-,-,-,-,-,-,-,-,-,35,175,-,-,-,-,-,-,-,-,-,-,-,-,-,-,0.1,0.5,-,-,-,-,-,-,-,-,-,-,-,-
Grains and staples,Crayfish hor fun,"Stir-fried rice noodle, with crayfish with shell, black mushroom and shredded chicken meat, in soya gravy",Grains and staples,Noodle/Pasta-based dishes,95%,1 plate(s) = 602g,-,Lab Analysis,2010,Per 100g,Per Serving (602g),85,486,2.13,12.18,3.1,17.73,1.12,6.41,-,-,12.26,70.11,0.43,2.46,-,-,1.3,7.43,257,1470,-,-,14,80,Trace,Trace,-,-,-,-,0.56,3.2,1.28,7.32,-,-,-,-,-,-,-,-,-,-,-,-,-,-,-,-,-,-,22.3,127.53,-,-,-,-,-,-,-,-,-,-,-,-,-,-,Trace,Trace,-,-,-,-,-,-,-,-,-,-,-,-
Grains and staples,Crayfish pasta,Pasta tossed with crayfish meat in creamy or tomato-based sauce,Grains and staples,Noodle/Pasta-based dishes,100%,1 plate(s) = 562g,-,Lab Analysis,2018,Per 100g,Per Serving (562g),132,742,5.6,31.47,6.43,36.14,2.01,11.3,0.01,0.06,13,73.06,2.9,16.3,-,-,1.19,6.69,292,1641,-,-,49,275,0.74,4.16,-,-,-,-,1.8,10.12,2.61,14.67,-,-,-,-,-,-,-,-,-,-,-,-,-,-,-,-,-,-,33.27,186.98,-,-,-,-,-,-,-,-,-,-,-,-,-,-,0,0,-,-,-,-,-,-,-,-,-,-,-,-
Grains and staples,Creamy chicken pasta,Pasta tossed with diced chicken in rich white cream sauce,Grains and staples,Noodle/Pasta-based dishes,100%,1 plate(s) = 530g,-,Lab Analysis,2018,Per 100g,Per Serving (530g),159,843,8.3,43.99,8.81,46.69,4.28,22.68,0.25,1.33,11.7,62.01,1.2,6.36,-,-,1.2,6.36,244,1293,-,-,37,196,0.64,3.39,-,-,-,-,1.29,6.84,2.99,15.85,-,-,-,-,-,-,-,-,-,-,-,-,-,-,-,-,-,-,46.03,243.96,-,-,-,-,-,-,-,-,-,-,-,-,-,-,0,0,-,-,-,-,-,-,-,-,-,-,-,-
Grains and staples,Creamy mushroom pasta,Pasta tossed with assorted mushrooms in rich white cream sauce,Grains and staples,Noodle/Pasta-based dishes,100%,1 plate(s) = 442g,-,Lab Analysis,2018,Per 100g,Per Serving (442g),135,597,4.2,18.56,7.45,32.93,3.67,16.22,0.19,0.84,12.8,56.58,1.3,5.75,-,-,1.6,7.07,196,866,-,-,34,150,0.66,2.92,-,-,-,-,1.14,5.04,2.45,10.83,-,-,-,-,-,-,-,-,-,-,-,-,-,-,-,-,-,-,46.65,206.19,-,-,-,-,-,-,-,-,-,-,-,-,-,-,0,0,-,-,-,-,-,-,-,-,-,-,-,-
Grains and staples,Curry chicken noodles,"Chicken and potato simmered with curry spices, coconut milk and tofu, served with noodles",Grains and staples,Noodle/Pasta-based dishes,97.37%,1 bowl(s) = 685g,-,Lab Analysis,2025,Per 100g,Per Serving (685g),102,680,5.87,39.15,5.45,36.35,2.81,18.74,0.06,0.4,7.25,48.36,1.2,8,-,-,0.88,5.87,381,2541,116,774,25,167,0.55,3.67,80,533.59,-,-,0.76,5.07,1.37,9.14,Trace,Trace,-,-,0.1,0.67,0.1,0.67,Trace,Trace,Trace,Trace,0.95,6.34,Trace,Trace,-,-,-,-,-,-,-,-,-,-,-,-,-,-,-,-,-,-,-,-,-,-,-,-,-,-,-,-,-,-,-,-
Grains and staples,Dan dan noodles,Sichuan-style noodles with spicy minced pork sauce and vegetables in soup,Grains and staples,Noodle/Pasta-based dishes,100%,1 bowl(s) = 516g,-,Lab Analysis,2025,Per 100g,Per Serving (516g),153,789,3.66,18.89,8.15,42.05,2.19,11.3,0.02,0.1,16.1,83.08,2.25,11.61,-,-,1.09,5.62,587,3029,108,557,25,129,0.49,2.53,70.25,362.49,-,-,2.22,11.46,3.69,19.04,Trace,Trace,-,-,0.2,1.03,0.2,1.03,Trace,Trace,Trace,Trace,1.8,9.29,Trace,Trace,-,-,-,-,-,-,-,-,-,-,-,-,-,-,-,-,-,-,-,-,-,-,-,-,-,-,-,-,-,-,-,-
Grains and staples,Double fish beehoon soup (no milk),"Mix of fresh and deep-fried sliced fish pieces, vegetables and thick beehoon in clear broth",Grains and staples,Noodle/Pasta-based dishes,100%,1 bowl(s) = 801g,-,Derived,2026,Per 100g,Per Serving (801g),59,473,2.7,21.63,1.71,13.7,0.5,4.01,-,-,9.68,77.54,0.62,4.97,-,-,0.76,6.09,302,2419,-,-,-,-,-,-,-,-,-,-,-,-,-,-,-,-,-,-,-,-,-,-,-,-,-,-,-,-,-,-,-,-,-,-,-,-,-,-,-,-,-,-,-,-,-,-,-,-,-,-,-,-,-,-,-,-,-,-,-,-,-,-
Grains and staples,Double fish beehoon soup (with milk),"Mix of fresh and deep-fried sliced fish pieces, vegetables and thick beehoon in creamy soup broth from the addition of evaporated milk",Grains and staples,Noodle/Pasta-based dishes,100%,1 bowl(s) = 818g,-,Derived,2026,Per 100g,Per Serving (818g),63,515,2.89,23.64,2.44,19.96,0.82,6.71,Trace,Trace,8.16,66.75,0.7,5.73,-,-,0.69,5.64,274,2241,31,254,7,57,0.17,1.39,31.67,259.06,-,-,-,-,-,-,-,-,-,-,0,0,0,0,0,0,0,0,0.14,1.15,0.14,1.15,-,-,-,-,-,-,-,-,-,-,-,-,-,-,-,-,-,-,-,-,-,-,-,-,-,-,-,-,-,-,-,-
Grains and staples,Duck noodles (dry),"Egg noodles with shredded braised duck meat, skin and green vegetables in black gravy",Grains and staples,Noodle/Pasta-based dishes,98.77%,1 plate(s) = 366g,-,Derived,2026,Per 100g,Per Serving (366g),134,484,6.63,23.97,4.38,15.83,1.31,4.74,0.01,0.04,16.92,61.17,0.33,1.19,-,-,1.25,4.52,535,1934,94,340,12,43,0.83,3,70.54,255,-,-,0.8,2.89,1.6,5.78,Trace,Trace,-,-,Trace,Trace,0.24,0.87,Trace,Trace,Trace,Trace,0.11,0.4,Trace,Trace,-,-,-,-,-,-,-,-,-,-,-,-,-,-,-,-,-,-,-,-,-,-,-,-,-,-,-,-,-,-,-,-
Grains and staples,Duck noodles (soup),"Thin egg noodles with shredded braised duck meat, skin and green vegetables served in soup",Grains and staples,Noodle/Pasta-based dishes,100%,1 bowl(s) = 758g,-,Lab Analysis,2026,Per 100g,Per Serving (758g),69,523,4.25,32.22,1.25,9.48,0.4,3.03,0,0,10.27,77.85,2.2,16.68,-,-,0.2,1.52,458,3472,65,493,18,136,0.46,3.49,82.6,626.11,-,-,-,-,-,-,-,-,-,-,0.5,3.79,0.2,1.52,0,0,0,0,1.5,11.37,0,0,-,-,-,-,-,-,-,-,-,-,-,-,-,-,-,-,-,-,-,-,-,-,-,-,-,-,-,-,-,-,-,-
Grains and staples,"Economic beehoon (curry vegetables, luncheon meat, fried egg)","Stir-fried rice vermicelli served with curry vegetables, luncheon meat and fried egg",Grains and staples,Noodle/Pasta-based dishes,100%,1 plate(s) = 591g,-,Derived,2026,Per 100g,Per Serving (591g),136,804,3.79,22.4,6.72,39.72,2.66,15.72,0.03,0.18,15.06,89,0.75,4.43,-,-,1.95,11.52,415,2453,134,792,23,136,0.92,5.44,72.88,430.72,-,-,0.86,5.08,2.29,13.53,5.15,30.44,-,-,0.26,1.54,0.49,2.9,Trace,Trace,Trace,Trace,Trace,Trace,Trace,Trace,-,-,-,-,-,-,-,-,-,-,-,-,-,-,-,-,-,-,-,-,-,-,-,-,-,-,-,-,-,-,-,-
Grains and staples,"Economic beehoon (other vegetables, luncheon meat, fried egg)","Stir-fried rice vermicelli served with other various vegetables, deep-fried luncheon meat and egg",Grains and staples,Noodle/Pasta-based dishes,100%,1 plate(s) = 386g,-,Derived,2026,Per 100g,Per Serving (386g),161,621,4.59,17.72,6.68,25.78,2.35,9.07,0.02,0.08,20.44,78.9,0.68,2.62,-,-,1.83,7.06,414,1598,96,371,19,73,0.81,3.13,66.77,257.73,-,-,0.91,3.51,2.52,9.73,7.88,30.42,-,-,0.29,1.12,0.39,1.51,Trace,Trace,Trace,Trace,Trace,Trace,Trace,Trace,-,-,-,-,-,-,-,-,-,-,-,-,-,-,-,-,-,-,-,-,-,-,-,-,-,-,-,-,-,-,-,-
Grains and staples,Economic beehoon with chicken cutlet and egg,Stir-fried rice vermicelli served with deep-fried chicken cutlet and egg,Grains and staples,Noodle/Pasta-based dishes,100%,1 plate(s) = 488g,-,Derived,2026,Per 100g,Per Serving (488g),204,996,10.6,51.73,9.69,47.29,3.55,17.32,0.01,0.05,18.59,90.72,0.25,1.22,-,-,1.14,5.56,458,2235,30,146,8,39,0.49,2.39,37.77,184.32,-,-,0.38,1.85,1.01,4.93,6.34,30.94,-,-,0.05,0.24,0.2,0.98,Trace,Trace,Trace,Trace,Trace,Trace,Trace,Trace,-,-,-,-,-,-,-,-,-,-,-,-,-,-,-,-,-,-,-,-,-,-,-,-,-,-,-,-,-,-,-,-
Grains and staples,Economic beehoon with chicken wing and egg,Stir-fried rice vermicelli served with deep-fried chicken wing,Grains and staples,Noodle/Pasta-based dishes,92.25%,1 plate(s) = 350g,-,Derived,2026,Per 100g,Per Serving (350g),180,581,7.77,25.09,7.22,23.31,2.35,7.59,0.02,0.06,20.85,67.32,0.34,1.1,-,-,1.61,5.2,383,1237,79,255,17,55,0.86,2.78,62.82,202.83,-,-,1.18,3.81,2.67,8.62,11.18,36.1,-,-,0.07,0.23,0.28,0.9,Trace,Trace,Trace,Trace,Trace,Trace,Trace,Trace,-,-,-,-,-,-,-,-,-,-,-,-,-,-,-,-,-,-,-,-,-,-,-,-,-,-,-,-,-,-,-,-
Grains and staples,Economic beehoon with fishcake and egg,Stir-fried rice vermicelli served with fishcake and egg,Grains and staples,Noodle/Pasta-based dishes,100%,1 plate(s) = 335g,-,Derived,2026,Per 100g,Per Serving (335g),147,492,5.66,18.96,4.53,15.18,1.69,5.66,0.01,0.03,20.85,69.85,0.5,1.68,-,-,1.61,5.39,489,1638,44,147,17,57,0.83,2.78,55.45,185.76,-,-,0.6,2.01,1.64,5.49,9.3,31.16,-,-,0.07,0.23,0.29,0.97,Trace,Trace,Trace,Trace,Trace,Trace,Trace,Trace,-,-,0,0,-,-,-,-,-,-,-,-,-,-,-,-,-,-,0,0,-,-,-,-,-,-,-,-,-,-,-,-
Grains and staples,"Economic beehoon with fishcake, fish cake fillet and egg","Stir-fried rice vermicelli served with fishcake, deep-fried fish paste shaped into fillet and egg",Grains and staples,Noodle/Pasta-based dishes,100%,1 plate(s) = 385g,-,Derived,2026,Per 100g,Per Serving (385g),149,574,6.25,24.06,4.5,17.33,1.91,7.35,0.01,0.04,20.85,80.27,2.99,11.51,-,-,1.6,6.16,563,2168,38,146,15,58,0.72,2.77,48.09,185.15,-,-,0.64,2.46,1.79,6.89,8.07,31.07,-,-,0.06,0.23,0.25,0.96,Trace,Trace,Trace,Trace,Trace,Trace,Trace,Trace,-,-,0,0,-,-,-,-,-,-,-,-,-,-,-,-,-,-,0,0,-,-,-,-,-,-,-,-,-,-,-,-
Grains and staples,"Economic beehoon with otah, chicken wing and egg","Stir-fried rice vermicelli served with griled spicy fish paste (otah), deep-fried chicken wing and egg",Grains and staples,Noodle/Pasta-based dishes,92.80%,1 plate(s) = 379g,-,Derived,2026,Per 100g,Per Serving (379g),173,608,7.62,26.8,7.15,25.15,2.59,9.11,0.02,0.07,19.56,68.79,0.32,1.13,-,-,1.7,5.98,408,1435,73,257,23,81,1.08,3.8,57.95,203.82,-,-,1.1,3.87,2.49,8.76,10.32,36.3,-,-,0.06,0.21,0.25,0.88,Trace,Trace,Trace,Trace,Trace,Trace,Trace,Trace,-,-,0.7,2.46,-,-,-,-,-,-,-,-,-,-,-,-,-,-,-,-,-,-,-,-,-,-,-,-,-,-,-,-
Grains and staples,Fish ball tunghoon (soup),"Tunghoon served in soup, together with fish balls, thinly sliced fish cake and bean sprouts",Grains and staples,Noodle/Pasta-based dishes,100%,1 bowl(s) = 527g,-,Lab Analysis,2010,Per 100g,Per Serving (527g),41,216,2.25,11.86,0.41,2.16,Trace,Trace,-,-,7.16,37.73,0.28,1.48,-,-,0.62,3.27,385,2029,-,-,13,69,Trace,Trace,-,-,-,-,Trace,Trace,Trace,Trace,-,-,-,-,-,-,-,-,-,-,-,-,-,-,-,-,-,-,0.6,3.16,-,-,-,-,-,-,-,-,-,-,-,-,-,-,Trace,Trace,-,-,-,-,-,-,-,-,-,-,-,-
Grains and staples,Fishball noodles (dry),"Noodles with 5 fishballs, fishcake and sliced vegetables served with sauce",Grains and staples,Noodle/Pasta-based dishes,100%,1 bowl(s) = 377g,-,Lab Analysis,2025,Per 100g,Per Serving (377g),141,532,5.41,20.4,4.2,15.83,1.42,5.35,0.02,0.08,20.3,76.53,1.6,6.03,-,-,2.38,8.97,455,1715,42,158,12,45,0.41,1.55,68.7,259,-,-,0.65,2.45,1.77,6.67,12,45.24,-,-,0.25,0.94,0.3,1.13,0.1,0.38,Trace,Trace,0.9,3.39,Trace,Trace,-,-,-,-,-,-,-,-,-,-,-,-,-,-,-,-,-,-,-,-,-,-,-,-,-,-,-,-,-,-,-,-
Grains and staples,Fishball noodles (soup),"Thick, yellow egg noodles served in soup with 5 fishballs, thinly sliced fishcake and vegetables",Grains and staples,Noodle/Pasta-based dishes,100%,1 bowl(s) = 798g,-,Lab Analysis,2025,Per 100g,Per Serving (798g),65,519,4.2,33.52,0.75,5.98,0.15,1.2,Trace,Trace,10.3,82.19,Trace,Trace,-,-,0.59,4.71,301,2402,40,319,7,56,Trace,Trace,83.65,667.53,-,-,0.11,0.88,0.14,1.12,Trace,Trace,-,-,Trace,Trace,Trace,Trace,Trace,Trace,Trace,Trace,Trace,Trace,Trace,Trace,-,-,-,-,-,-,-,-,-,-,-,-,-,-,-,-,-,-,-,-,-,-,-,-,-,-,-,-,-,-,-,-
Grains and staples,Fried fish beehoon soup (no milk),"Deep-fried sliced fish pieces, vegetables and thick beehoon in clear broth",Grains and staples,Noodle/Pasta-based dishes,100%,1 bowl(s) = 793g,-,Derived,2026,Per 100g,Per Serving (793g),70,555,2.82,22.36,2.63,20.86,0.79,6.26,-,-,9.74,77.24,0.6,4.76,-,-,0.74,5.87,306,2427,-,-,-,-,-,-,-,-,-,-,-,-,-,-,-,-,-,-,-,-,-,-,-,-,-,-,-,-,-,-,-,-,-,-,-,-,-,-,-,-,-,-,-,-,-,-,-,-,-,-,-,-,-,-,-,-,-,-,-,-,-,-
Grains and staples,Fried fish beehoon soup (with milk),"Deep-fried sliced fish pieces, vegetables and thick beehoon in creamy soup broth from the addition of evaporated milk",Grains and staples,Noodle/Pasta-based dishes,100%,1 bowl(s) = 848g,-,Derived,2026,Per 100g,Per Serving (848g),73,619,2.54,21.54,3.42,29,1.03,8.73,-,-,9.44,80.05,0.7,5.94,-,-,0.88,7.46,302,2561,-,-,-,-,-,-,-,-,-,-,-,-,-,-,-,-,-,-,-,-,-,-,-,-,-,-,-,-,-,-,-,-,-,-,-,-,-,-,-,-,-,-,-,-,-,-,-,-,-,-,-,-,-,-,-,-,-,-,-,-,-,-
Grains and staples,Fried mee siam,"Thin rice bee hoon with hard-boiled egg and fried beancurd, stir-fried in tangy soup-based gravy till dry, served with lime",Grains and staples,Noodle/Pasta-based dishes,98.25%,1 plate(s) = 343g,-,Lab Analysis,2025,Per 100g,Per Serving (343g),177,596,4.79,16.14,7.2,24.26,2.05,6.91,0.03,0.1,23.3,78.52,4.85,16.34,-,-,3.88,13.08,545,1837,98,330,30,101,1.55,5.22,63.05,212.48,-,-,1.31,4.41,2.59,8.73,Trace,Trace,-,-,1.5,5.05,1.85,6.23,Trace,Trace,Trace,Trace,1.55,5.22,Trace,Trace,-,-,-,-,-,-,-,-,-,-,-,-,-,-,-,-,-,-,-,-,-,-,-,-,-,-,-,-,-,-,-,-
Grains and staples,Fried seafood noodles,Thin egg noodle fried with seafood and lettuce,Grains and staples,Noodle/Pasta-based dishes,100%,1 plate(s) = 482g,-,Lab Analysis,2026,Per 100g,Per Serving (482g),171,824,7,33.74,7.8,37.6,3.3,15.91,0,0,18.11,87.29,1.1,5.3,-,-,1,4.82,440,2121,104,501,43,207,0.75,3.62,64.75,312.09,-,-,-,-,-,-,-,-,-,-,0.4,1.93,0.4,1.93,0,0,0,0,0.3,1.45,0,0,-,-,-,-,-,-,-,-,-,-,-,-,-,-,-,-,-,-,-,-,-,-,-,-,-,-,-,-,-,-,-,-
Grains and staples,Fried tunghoon,"Glass noodles fried with prawn, black mushroom and chye sim",Grains and staples,Noodle/Pasta-based dishes,100%,1 plate(s) = 437g,-,Lab Analysis,2010,Per 100g,Per Serving (437g),114,498,3.9,17.04,5.4,23.6,2.3,10.05,-,-,12.4,54.19,0.2,0.87,-,-,2.5,10.93,316,1381,-,-,24,105,0.4,1.75,-,-,-,-,0.6,2.62,2.3,10.05,-,-,-,-,-,-,-,-,-,-,-,-,-,-,-,-,-,-,27,117.99,-,-,-,-,-,-,-,-,-,-,-,-,-,-,Trace,Trace,-,-,-,-,-,-,-,-,-,-,-,-
Grains and staples,Grilled fish pasta,"Grilled salmon fillet, served with tomato based pasta",Grains and staples,Noodle/Pasta-based dishes,100%,1 plate(s) = 491g,-,Derived,2026,Per 100g,Per Serving (491g),144,707,8.41,41.29,5.92,29.07,1.88,9.23,Trace,Trace,14.35,70.46,1.83,8.99,-,-,1.59,7.81,282,1385,205,1007,15,74,0.14,0.69,68.54,336.53,-,-,2.29,11.24,1.74,8.54,-,-,-,-,0.2,0.98,0.42,2.06,Trace,Trace,Trace,Trace,1.21,5.94,Trace,Trace,-,-,-,-,-,-,-,-,-,-,-,-,-,-,-,-,-,-,-,-,-,-,-,-,-,-,-,-,-,-,-,-
Grains and staples,Hokkien mee,"Fried mixture of yellow noodles and thick rice vermicelli with prawns, squid, pork and eggs, served with lime",Grains and staples,Noodle/Pasta-based dishes,99.45%,1 plate(s) = 549g,-,Lab Analysis,2025,Per 100g,Per Serving (549g),152,830,5.4,29.48,7.95,43.41,2.73,14.91,0.03,0.16,14.55,79.44,Trace,Trace,-,-,1.16,6.33,355,1938,63,344,38,207,0.58,3.17,70.9,387.1,-,-,1.17,6.39,3.39,18.51,37,202.01,-,-,Trace,Trace,Trace,Trace,Trace,Trace,Trace,Trace,Trace,Trace,Trace,Trace,-,-,-,-,-,-,-,-,-,-,-,-,-,-,-,-,-,-,-,-,-,-,-,-,-,-,-,-,-,-,-,-
Grains and staples,Indian style beehoon goreng,Thin rice noodles stir fried with eggs and tomato sauce,Grains and staples,Noodle/Pasta-based dishes,100%,1 plate(s) = 441g,-,Lab Analysis,2023,Per 100g,Per Serving (441g),158,697,5.55,24.48,6.99,30.83,3.04,13.41,-,-,18.26,80.53,0.6,2.65,-,-,1.29,5.69,441,1945,-,-,-,-,-,-,-,-,-,-,-,-,-,-,-,-,-,-,-,-,-,-,-,-,-,-,-,-,-,-,-,-,-,-,-,-,-,-,-,-,-,-,-,-,-,-,-,-,-,-,-,-,-,-,-,-,-,-,-,-,-,-
Grains and staples,Ipoh hor fun,"Broad rice noodles topped with shredded chicken, braised black mushrooms and vegetables, served with gravy",Grains and staples,Noodle/Pasta-based dishes,100%,1 bowl(s) = 430g,-,Lab Analysis,2025,Per 100g,Per Serving (430g),104,447,3.9,16.77,1.8,7.74,0.63,2.71,Trace,Trace,17.9,76.97,Trace,Trace,-,-,1.57,6.75,280,1204,68,292,8,34,Trace,Trace,75.5,324.65,-,-,0.31,1.33,0.7,3.01,Trace,Trace,-,-,Trace,Trace,Trace,Trace,Trace,Trace,Trace,Trace,Trace,Trace,Trace,Trace,-,-,-,-,-,-,-,-,-,-,-,-,-,-,-,-,-,-,-,-,-,-,-,-,-,-,-,-,-,-,-,-
Grains and staples,Kolo mee,Sarawak-style dry noodles tossed in shallot oil with minced pork and char siu,Grains and staples,Noodle/Pasta-based dishes,100%,1 bowl(s) = 318g,-,Lab Analysis,2023,Per 100g,Per Serving (318g),190,604,10.33,32.85,7.9,25.12,2.86,9.09,-,-,19.28,61.31,0.23,0.73,-,-,0.56,1.78,386,1227,-,-,-,-,-,-,-,-,-,-,-,-,-,-,-,-,-,-,-,-,-,-,-,-,-,-,-,-,-,-,-,-,-,-,-,-,-,-,-,-,-,-,-,-,-,-,-,-,-,-,-,-,-,-,-,-,-,-,-,-,-,-
Grains and staples,Kway chap,"Flat rice noodles with braised pork, pig's intestines and kidney, egg and beancurd puff in dark soup",Grains and staples,Noodle/Pasta-based dishes,100%,1 bowl(s) = 928g,-,Derived,2026,Per 100g,Per Serving (928g),110,1021,5.29,49.09,4.41,40.92,1.47,13.64,0.01,0.09,12.43,115.35,1.24,11.51,-,-,0.18,1.67,403,3740,37,343,16,148,0.31,2.88,76.71,711.87,-,-,0.76,7.05,1.56,14.48,5.1,47.33,-,-,0.19,1.76,0.16,1.48,Trace,Trace,Trace,Trace,0.86,7.98,Trace,Trace,-,-,-,-,-,-,-,-,-,-,-,-,-,-,-,-,-,-,-,-,-,-,-,-,-,-,-,-,-,-,-,-
Grains and staples,Laksa,"Thick rice vermicelli served with thick coconut milk soup, beancurd, cockles and fishcake",Grains and staples,Noodle/Pasta-based dishes,100%,1 bowl(s) = 604g,-,Lab Analysis,2025,Per 100g,Per Serving (604g),71,429,3.31,19.99,2.95,17.82,1.43,8.64,0.02,0.12,7.85,47.41,0.1,0.6,-,-,0.91,5.5,511,3086,97,586,30,181,0.54,3.26,84.75,511.89,-,-,0.35,2.11,0.69,4.17,Trace,Trace,-,-,Trace,Trace,0.1,0.6,Trace,Trace,Trace,Trace,Trace,Trace,Trace,Trace,-,-,-,-,-,-,-,-,-,-,-,-,-,-,-,-,-,-,-,-,-,-,-,-,-,-,-,-,-,-,-,-
Grains and staples,Lor mee,"Yellow noodles with meat, egg and fishcake in thick dark gravy",Grains and staples,Noodle/Pasta-based dishes,100%,1 bowl(s) = 716g,-,Lab Analysis,2025,Per 100g,Per Serving (716g),97,695,3.51,25.13,2.65,18.97,0.96,6.87,Trace,Trace,14.8,105.97,0.2,1.43,-,-,1.82,13.03,481,3444,67,480,10,72,0.34,2.43,77.6,555.62,-,-,0.4,2.86,1,7.16,18,128.88,-,-,Trace,Trace,0.2,1.43,Trace,Trace,Trace,Trace,Trace,Trace,Trace,Trace,-,-,-,-,-,-,-,-,-,-,-,-,-,-,-,-,-,-,-,-,-,-,-,-,-,-,-,-,-,-,-,-
Grains and staples,Mac and cheese,Macaroni pasta in creamy cheese sauce,Grains and staples,Noodle/Pasta-based dishes,100%,1 plate(s) = 140g,-,Lab Analysis,2023,Per 100g,Per Serving (140g),140,196,4.31,6.03,2.75,3.85,2.17,3.04,-,-,24.44,34.22,2.85,3.99,-,-,1.56,2.18,379,531,-,-,-,-,-,-,-,-,-,-,-,-,-,-,-,-,-,-,-,-,-,-,-,-,-,-,-,-,-,-,-,-,-,-,-,-,-,-,-,-,-,-,-,-,-,-,-,-,-,-,-,-,-,-,-,-,-,-,-,-,-,-
Grains and staples,Marinara pasta,Pasta served with tomato-based marinara sauce,Grains and staples,Noodle/Pasta-based dishes,100%,1 plate(s) = 453g,-,Lab Analysis,2026,Per 100g,Per Serving (453g),103,467,3.45,15.63,2.2,9.97,0.7,3.17,0,0,17.21,77.96,0,0,-,-,1.4,6.34,343,1554,172,779,15,68,1.19,5.39,74.4,337.03,-,-,-,-,-,-,-,-,-,-,0,0,0,0,0,0,0,0,0,0,0,0,-,-,-,-,-,-,-,-,-,-,-,-,-,-,-,-,-,-,-,-,-,-,-,-,-,-,-,-,-,-,-,-
Grains and staples,Meatball pasta,Beef or pork meatballs with pasta in tomato-based sauce,Grains and staples,Noodle/Pasta-based dishes,100%,1 plate(s) = 540g,-,Lab Analysis,2018,Per 100g,Per Serving (540g),109,589,6.29,33.97,4.29,23.17,1.59,8.59,0.07,0.38,11.29,60.97,2.5,13.5,-,-,1.2,6.48,272,1469,-,-,21,113,0.74,4,-,-,-,-,0.94,5.08,1.69,9.13,-,-,-,-,-,-,-,-,-,-,-,-,-,-,-,-,-,-,25.92,139.97,-,-,-,-,-,-,-,-,-,-,-,-,-,-,0,0,-,-,-,-,-,-,-,-,-,-,-,-
Grains and staples,Mee bandung,"Yellow noodle with prawn, chye sim, egg, cucumber, pea, onion, tomato, cabbage, tomato, chilli sauce, fried",Grains and staples,Noodle/Pasta-based dishes,100%,1 bowl(s) = 330g,-,Lab Analysis,2010,Per 100g,Per Serving (330g),99,327,4.3,14.19,3.5,11.55,1.4,4.62,-,-,12.5,41.25,2.2,7.26,-,-,0.9,2.97,428,1412,-,-,22,73,1,3.3,-,-,-,-,0.47,1.55,1.47,4.85,-,-,-,-,-,-,-,-,-,-,-,-,-,-,-,-,-,-,48,158.4,-,-,-,-,-,-,-,-,-,-,-,-,-,-,0.2,0.66,-,-,-,-,-,-,-,-,-,-,-,-
Grains and staples,Mee goreng,"Yellow noodles fried with egg and tomato sauce, served with cucumber",Grains and staples,Noodle/Pasta-based dishes,100%,1 plate(s) = 465g,-,Lab Analysis,2025,Per 100g,Per Serving (465g),184,856,5.69,26.46,7.3,33.95,2.68,12.46,0.03,0.14,23.95,111.37,1.5,6.98,-,-,3.37,15.67,656,3050,113,525,27,126,1.13,5.25,61.15,284.35,-,-,1.05,4.88,2.89,13.44,10.5,48.83,-,-,0.3,1.4,0.3,1.4,Trace,Trace,Trace,Trace,0.9,4.19,Trace,Trace,-,-,-,-,-,-,-,-,-,-,-,-,-,-,-,-,-,-,-,-,-,-,-,-,-,-,-,-,-,-,-,-
Grains and staples,Mee hoon kway (dry),"Dry hand-made noodle, served with beaten egg, minced pork, chye sim and ikan bilis",Grains and staples,Noodle/Pasta-based dishes,100%,1 bowl(s) = 422g,-,Lab Analysis,2023,Per 100g,Per Serving (422g),143,603,6.29,26.54,4.25,17.94,1.66,7.01,-,-,19.93,84.1,2.91,12.28,-,-,1.3,5.49,548,2313,-,-,-,-,-,-,-,-,-,-,-,-,-,-,-,-,-,-,-,-,-,-,-,-,-,-,-,-,-,-,-,-,-,-,-,-,-,-,-,-,-,-,-,-,-,-,-,-,-,-,-,-,-,-,-,-,-,-,-,-,-,-
Grains and staples,Mee hoon kway (soup),"Hand-made noodles in broth with beaten egg, minced pork, anchovies and vegetables",Grains and staples,Noodle/Pasta-based dishes,100%,1 bowl(s) = 901g,-,Lab Analysis,2025,Per 100g,Per Serving (901g),98,883,4.13,37.21,3,27.03,1.05,9.46,0.01,0.09,13.65,122.99,0.4,3.6,-,-,1.31,11.8,307,2766,77,694,18,162,0.4,3.6,78.15,704.13,-,-,0.51,4.6,1.15,10.36,Trace,Trace,-,-,0.1,0.9,0.1,0.9,0.2,1.8,Trace,Trace,Trace,Trace,Trace,Trace,-,-,-,-,-,-,-,-,-,-,-,-,-,-,-,-,-,-,-,-,-,-,-,-,-,-,-,-,-,-,-,-
Grains and staples,Mee kuah,"Thick yellow noodles soaked in a thick spicy orange red gravy, filled with onion slices, and bits of minced mutton",Grains and staples,Noodle/Pasta-based dishes,100%,1 bowl(s) = 533g,-,Lab Analysis,2010,Per 100g,Per Serving (533g),100,533,0.79,4.21,7.64,40.72,5.96,31.77,-,-,7,37.31,3.61,19.24,-,-,0.24,1.28,551,2937,-,-,20,107,2,10.66,-,-,-,-,1.53,8.15,0.15,0.8,-,-,-,-,-,-,-,-,-,-,-,-,-,-,-,-,-,-,19.73,105.16,-,-,-,-,-,-,-,-,-,-,-,-,-,-,0.19,1.01,-,-,-,-,-,-,-,-,-,-,-,-
Grains and staples,Mee rebus,"Thick, yellow egg noodles served in thick spicy gravy with hard-boiled eggs, tofu, vegetables, shallots, lime and chilli",Grains and staples,Noodle/Pasta-based dishes,99.84%,1 plate(s) = 619g,-,Lab Analysis,2025,Per 100g,Per Serving (619g),118,729,4.25,26.27,4.1,25.34,1.17,7.23,0.03,0.19,16.05,99.19,0.35,2.16,-,-,2.58,15.94,399,2466,79,488,37,229,0.53,3.28,74.55,460.73,-,-,0.96,5.93,1.35,8.34,Trace,Trace,-,-,Trace,Trace,0.25,1.55,0.1,0.62,Trace,Trace,Trace,Trace,Trace,Trace,-,-,-,-,-,-,-,-,-,-,-,-,-,-,-,-,-,-,-,-,-,-,-,-,-,-,-,-,-,-,-,-
Grains and staples,Mee siam,"Thin rice bee hoon with hard-boiled egg, tofu and lime, served in spicy, tangy asam-based soup",Grains and staples,Noodle/Pasta-based dishes,99.32%,1 plate(s) = 731g,-,Lab Analysis,2025,Per 100g,Per Serving (731g),119,864,3.18,23.09,4.2,30.49,1.54,11.18,0.01,0.07,17.1,124.15,1.05,7.62,-,-,4.25,30.86,517,3754,70,508,33,240,0.63,4.57,74.2,538.71,-,-,0.66,4.79,1.39,10.09,6,43.56,-,-,0.7,5.08,0.4,2.9,Trace,Trace,Trace,Trace,Trace,Trace,Trace,Trace,-,-,-,-,-,-,-,-,-,-,-,-,-,-,-,-,-,-,-,-,-,-,-,-,-,-,-,-,-,-,-,-
Grains and staples,Mee soto,Yellow noodles with shredded chicken in spicy soup,Grains and staples,Noodle/Pasta-based dishes,100%,1 bowl(s) = 622g,-,Lab Analysis,2025,Per 100g,Per Serving (622g),71,442,3.31,20.59,0.85,5.29,0.27,1.68,0.02,0.12,12.5,77.75,Trace,Trace,-,-,2.27,14.12,654,4068,88,547,14,87,0.31,1.93,81.65,507.86,-,-,0.19,1.18,0.28,1.74,Trace,Trace,-,-,Trace,Trace,Trace,Trace,Trace,Trace,Trace,Trace,Trace,Trace,Trace,Trace,-,-,-,-,-,-,-,-,-,-,-,-,-,-,-,-,-,-,-,-,-,-,-,-,-,-,-,-,-,-,-,-
Grains and staples,Mini Thai pork boat noodles (soup),Thai-style mini pork meatballs with kway teow soup and vegetables,Grains and staples,Noodle/Pasta-based dishes,100%,1 bowl(s) = 250g,-,Lab Analysis,2018,Per 100g,Per Serving (250g),75,188,4,10,2.19,5.48,1.1,2.75,0.01,0.03,9.8,24.5,2.1,5.25,-,-,0.6,1.5,493,1233,-,-,13,33,0.58,1.45,-,-,-,-,0.31,0.78,0.77,1.93,-,-,-,-,-,-,-,-,-,-,-,-,-,-,-,-,-,-,5.36,13.4,-,-,-,-,-,-,-,-,-,-,-,-,-,-,0.6,1.5,-,-,-,-,-,-,-,-,-,-,-,-
Grains and staples,Mini wok noodles (soup),"Seasoned egg noodles (mee pok) served with soup containing seafood, minced meat, vegetables, egg and tofu",Grains and staples,Noodle/Pasta-based dishes,99.40%,1 set(s) = 811g,-,Derived,2026,Per 100g,Per Serving (811g),105,846,6.29,50.71,4.45,35.87,1.83,14.75,Trace,Trace,9.92,79.97,0.38,3.06,-,-,1.37,11.04,382,3079,65,524,16,129,0.49,3.95,76.85,619.51,-,-,0.81,6.53,1.8,14.51,-,-,-,-,Trace,Trace,Trace,Trace,Trace,Trace,Trace,Trace,0.38,3.06,Trace,Trace,-,-,-,-,-,-,-,-,-,-,-,-,-,-,-,-,-,-,-,-,-,-,-,-,-,-,-,-,-,-,-,-
Grains and staples,Miso ramen,"Japanese-style egg noodles topped with preserved radish, fishcakes, sliced pork charsiew and seaweed in miso-based broth",Grains and staples,Noodle/Pasta-based dishes,100%,1 bowl(s) = 682g,-,Lab Analysis,2026,Per 100g,Per Serving (682g),116,791,6.4,43.65,4.8,32.74,1.7,11.59,0.01,0.07,11.67,79.59,0,0,-,-,1.1,7.5,423,2885,112,764,16,109,0.64,4.36,74.7,509.45,-,-,-,-,-,-,-,-,-,-,0,0,0,0,0,0,0,0,0,0,0,0,-,-,-,-,-,-,-,-,-,-,-,-,-,-,-,-,-,-,-,-,-,-,-,-,-,-,-,-,-,-,-,-
Grains and staples,Penang prawn noodles,Yellow noodles served with whole prawns in spicy prawn-based broth,Grains and staples,Noodle/Pasta-based dishes,100%,1 bowl(s) = 685g,-,Lab Analysis,2010,Per 100g,Per Serving (685g),77,527,4.8,32.88,1.3,8.91,0.55,3.77,-,-,10.3,70.56,1.1,7.54,-,-,0.8,5.48,313,2144,-,-,14,96,0.2,1.37,-,-,-,-,0.22,1.51,0.46,3.15,-,-,-,-,-,-,-,-,-,-,-,-,-,-,-,-,-,-,0,0,-,-,-,-,-,-,-,-,-,-,-,-,-,-,0,0,-,-,-,-,-,-,-,-,-,-,-,-
Grains and staples,Pesto pasta,Plain pasta with served pesto sauce,Grains and staples,Noodle/Pasta-based dishes,100%,1 plate(s) = 415g,-,Lab Analysis,2025,Per 100g,Per Serving (415g),196,813,5.07,21.04,11.05,45.86,2.36,9.79,0.04,0.17,19.1,79.27,Trace,Trace,-,-,3.4,14.11,275,1141,156,647,52,216,0.85,3.53,63.7,264.36,-,-,1.87,7.76,5.52,22.91,Trace,Trace,-,-,Trace,Trace,Trace,Trace,Trace,Trace,Trace,Trace,Trace,Trace,Trace,Trace,-,-,-,-,-,-,-,-,-,-,-,-,-,-,-,-,-,-,-,-,-,-,-,-,-,-,-,-,-,-,-,-
Grains and staples,Plain fried beehoon,"Rice noodles, with bean sprouts, fried",Grains and staples,Noodle/Pasta-based dishes,100%,1 plate(s) = 238g,-,Derived,2026,Per 100g,Per Serving (238g),144,343,2.36,5.62,2.56,6.09,0.99,2.36,0.01,0.02,27.81,66.19,0.5,1.19,-,-,1.76,4.19,435,1035,38,90,6,14,0.66,1.57,65.95,156.96,-,-,0.32,0.76,0.93,2.21,Trace,Trace,-,-,0.1,0.24,0.4,0.95,Trace,Trace,Trace,Trace,Trace,Trace,Trace,Trace,-,-,-,-,-,-,-,-,-,-,-,-,-,-,-,-,-,-,-,-,-,-,-,-,-,-,-,-,-,-,-,-
Grains and staples,Plain fried yellow noodles,Stir-fried yellow wheat noodles,Grains and staples,Noodle/Pasta-based dishes,100%,1 plate(s) = 240g,-,Lab Analysis,2010,Per 100g,Per Serving (240g),141,338,4.5,10.8,3.6,8.64,1.59,3.82,0.01,0.02,22.7,54.48,5.5,13.2,-,-,1.1,2.64,782,1877,-,-,14,34,0.8,1.92,-,-,-,-,0.53,1.27,1.44,3.46,-,-,-,-,-,-,-,-,-,-,-,-,-,-,-,-,-,-,0,0,-,-,-,-,-,-,-,-,-,-,-,-,-,-,0,0,-,-,-,-,-,-,-,-,-,-,-,-
Grains and staples,Pork chop spaghetti,Pork chop with tomato spaghetti,Grains and staples,Noodle/Pasta-based dishes,100%,1 plate(s) = 406g,-,Lab Analysis,2018,Per 100g,Per Serving (406g),113,459,8.44,34.27,4.4,17.86,1.84,7.47,0,0,9.82,39.87,2.16,8.77,-,-,0.88,3.57,312,1267,-,-,22,89,0.52,2.11,-,-,-,-,0.7,2.84,1.83,7.43,-,-,-,-,-,-,-,-,-,-,-,-,-,-,-,-,-,-,16.4,66.58,-,-,-,-,-,-,-,-,-,-,-,-,-,-,0,0,-,-,-,-,-,-,-,-,-,-,-,-
Grains and staples,Pork dumpling ban mian (soup),Hand made flat wheat noodles with pork dumplings in soup,Grains and staples,Noodle/Pasta-based dishes,100%,1 bowl(s) = 894g,-,Lab Analysis,2018,Per 100g,Per Serving (894g),71,635,3.5,31.29,2.01,17.97,0.87,7.78,0.02,0.18,9.79,87.52,0.99,8.85,-,-,0.3,2.68,315,2816,-,-,18,161,0.29,2.59,-,-,-,-,0.36,3.22,0.75,6.71,-,-,-,-,-,-,-,-,-,-,-,-,-,-,-,-,-,-,15.1,134.99,-,-,-,-,-,-,-,-,-,-,-,-,-,-,0,0,-,-,-,-,-,-,-,-,-,-,-,-
Grains and staples,Pork kidney meesua soup,"Thin rice noodles cooked with pork kidney and green vegetables, boiled",Grains and staples,Noodle/Pasta-based dishes,100%,1 bowl(s) = 578g,-,Lab Analysis,2010,Per 100g,Per Serving (578g),48,277,2.7,15.61,1.3,7.51,0.5,2.89,-,-,6.6,38.15,0.1,0.58,-,-,0.5,2.89,203,1173,-,-,6,35,0,0,-,-,-,-,0.3,1.73,0.4,2.31,-,-,-,-,-,-,-,-,-,-,-,-,-,-,-,-,-,-,7,40.46,-,-,-,-,-,-,-,-,-,-,-,-,-,-,0,0,-,-,-,-,-,-,-,-,-,-,-,-
Grains and staples,Pork ribs noodles,"Yellow noodles with 5 pieces of braised pork ribs, black mushroom and chye sim in soya gravy",Grains and staples,Noodle/Pasta-based dishes,94.93%,1 plate(s) = 631g,-,Lab Analysis,2025,Per 100g,Per Serving (631g),175,1048,11.85,70.98,8.25,49.42,2.81,16.83,0.02,0.12,13.25,79.37,7.4,44.33,-,-,1.16,6.95,395,2366,116,695,31,186,0.59,3.53,65.35,391.45,-,-,1.27,7.61,3.14,18.81,Trace,Trace,-,-,0.1,0.6,0.2,1.2,Trace,Trace,Trace,Trace,0.5,3,Trace,Trace,-,-,-,-,-,-,-,-,-,-,-,-,-,-,-,-,-,-,-,-,-,-,-,-,-,-,-,-,-,-,-,-
Grains and staples,Pork wanton in chilli vinaigrette noodles (dry),Noodles with pork dumplings in spicy vinegar sauce,Grains and staples,Noodle/Pasta-based dishes,100%,1 plate(s) = 511g,-,Lab Analysis,2023,Per 100g,Per Serving (511g),192,981,7.7,39.35,8.7,44.46,3.7,18.91,-,-,20.65,105.52,0,0,-,-,0.8,4.09,317,1620,-,-,-,-,-,-,-,-,-,-,-,-,-,-,-,-,-,-,-,-,-,-,-,-,-,-,-,-,-,-,-,-,-,-,-,-,-,-,-,-,-,-,-,-,-,-,-,-,-,-,-,-,-,-,-,-,-,-,-,-,-,-
Grains and staples,Prawn aglio olio,"Spaghetti drizzled with olive oil, served with prawn and chilli padi",Grains and staples,Noodle/Pasta-based dishes,83.07%,1 plate(s) = 481g,-,Derived,2026,Per 100g,Per Serving (481g),230,919,7.98,31.89,5.36,21.42,0.87,3.48,0.02,0.08,23.86,95.34,0.25,1,0,0,4.1,16.38,262,1047,234,935,20,80,0.6,2.4,62.68,250.45,-,-,1.49,5.95,2.51,10.03,40.78,162.94,113.03,451.63,Trace,Trace,Trace,Trace,0.21,0.84,Trace,Trace,0.08,0.32,Trace,Trace,0,0,0.27,1.08,0,0,1.37,5.47,0,0,0.02,0.08,0.09,0.36,0,0,0.27,1.08,0,0,0,0,0.67,2.68,-,-,89,356,12.39,49.51,0.41,1.64
Grains and staples,Prawn noodles (dry),"Yellow noodles served with whole prawns, lean pork and gravy",Grains and staples,Noodle/Pasta-based dishes,75.48%,1 bowl(s) = 396g,-,Lab Analysis,2025,Per 100g,Per Serving (396g),130,389,5.01,14.97,3.25,9.71,1.12,3.35,Trace,Trace,20.2,60.38,1.2,3.59,-,-,1.13,3.38,442,1321,89,266,18,54,0.4,1.2,70.2,209.83,-,-,0.56,1.67,1.17,3.5,Trace,Trace,-,-,0.2,0.6,0.2,0.6,Trace,Trace,Trace,Trace,0.8,2.39,Trace,Trace,-,-,-,-,-,-,-,-,-,-,-,-,-,-,-,-,-,-,-,-,-,-,-,-,-,-,-,-,-,-,-,-
Grains and staples,Prawn noodles (soup),"Yellow noodles served with whole prawns, lean pork, fishcake and vegetables in prawn-based soup",Grains and staples,Noodle/Pasta-based dishes,99.04%,1 bowl(s) = 732g,-,Lab Analysis,2025,Per 100g,Per Serving (732g),66,478,3.35,24.29,1.15,8.34,0.41,2.97,Trace,Trace,10.7,77.57,0.1,0.72,-,-,0.81,5.87,466,3378,61,442,35,254,0.36,2.61,83.3,603.9,-,-,0.2,1.45,0.41,2.97,Trace,Trace,-,-,Trace,Trace,Trace,Trace,Trace,Trace,Trace,Trace,0.1,0.72,Trace,Trace,-,-,-,-,-,-,-,-,-,-,-,-,-,-,-,-,-,-,-,-,-,-,-,-,-,-,-,-,-,-,-,-
Grains and staples,Red wine chicken meesua,"Meesua in red wine chicken soup, radish and vegetables",Grains and staples,Noodle/Pasta-based dishes,92%,1 bowl(s) = 669g,-,Lab Analysis,2010,Per 100g,Per Serving (669g),70,431,6.3,38.78,2.2,13.54,0.72,4.43,Trace,Trace,6.3,38.78,0.7,4.31,-,-,1.6,9.85,310,1908,-,-,17,105,1.23,7.57,-,-,-,-,0.53,3.26,0.95,5.85,-,-,-,-,-,-,-,-,-,-,-,-,-,-,-,-,-,-,7.1,43.7,-,-,-,-,-,-,-,-,-,-,-,-,-,-,Trace,Trace,-,-,-,-,-,-,-,-,-,-,-,-
Grains and staples,Satay beehoon,"Beehoon with cuttlefish and kangkong, served in satay sauce",Grains and staples,Noodle/Pasta-based dishes,100%,1 plate(s) = 492g,-,Lab Analysis,2026,Per 100g,Per Serving (492g),138,679,5.25,25.83,6.85,33.7,2.3,11.32,0,0,13.9,68.39,1.2,5.9,-,-,1.3,6.4,277,1363,92,453,24,118,1.21,5.95,71.8,353.26,-,-,-,-,-,-,-,-,-,-,0,0,1.2,5.9,0,0,0,0,0,0,0,0,-,-,-,-,-,-,-,-,-,-,-,-,-,-,-,-,-,-,-,-,-,-,-,-,-,-,-,-,-,-,-,-
Grains and staples,Seafood beehoon (soup),"Thick beehoon, cooked with prawn, with shell, squids, fish slices, seaweed, pork and green vegetablees, in soup",Grains and staples,Noodle/Pasta-based dishes,94.20%,1 bowl(s) = 863g,-,Lab Analysis,2026,Per 100g,Per Serving (863g),48,390,3.1,25.2,0.7,5.69,0.3,2.44,0,0,7.31,59.43,0,0,-,-,0.45,3.66,264,2146,68,553,17,138,0.44,3.58,87.6,712.14,-,-,-,-,-,-,-,-,-,-,0,0,0,0,0,0,0,0,0,0,0,0,-,-,-,-,-,-,-,-,-,-,-,-,-,-,-,-,-,-,-,-,-,-,-,-,-,-,-,-,-,-,-,-
Grains and staples,Seafood claypot noodles,"Egg noodles cooked with seafood and vegetables, served in a claypot",Grains and staples,Noodle/Pasta-based dishes,100%,1 bowl(s) = 555g,-,Lab Analysis,2010,Per 100g,Per Serving (555g),122,677,5.4,29.97,7.8,43.29,3.3,18.32,-,-,7.6,42.18,Trace,Trace,-,-,0.9,5,615,3413,-,-,33,183,0.3,1.67,-,-,-,-,0.9,5,3.3,18.32,-,-,-,-,-,-,-,-,-,-,-,-,-,-,-,-,-,-,56,310.8,-,-,-,-,-,-,-,-,-,-,-,-,-,-,Trace,Trace,-,-,-,-,-,-,-,-,-,-,-,-
Grains and staples,Seafood ee mee,"Egg noodles cooked with mixed seafood and vegetables, boiled",Grains and staples,Noodle/Pasta-based dishes,100%,1 plate(s) = 572g,-,Lab Analysis,2010,Per 100g,Per Serving (572g),126,721,7.15,40.9,4.49,25.68,1.38,7.89,-,-,13.65,78.08,1.03,5.89,-,-,0.83,4.75,389,2225,-,-,35,200,0.6,3.43,-,-,-,-,1.03,5.89,1.7,9.72,-,-,-,-,-,-,-,-,-,-,-,-,-,-,-,-,-,-,25.76,147.35,-,-,-,-,-,-,-,-,-,-,-,-,-,-,3.25,18.59,-,-,-,-,-,-,-,-,-,-,-,-
Grains and staples,Seafood hor fun,"Fried flat rice noodles with prawns, crabstick, sliced fish and vegetables, served in thick egg-based gravy",Grains and staples,Noodle/Pasta-based dishes,99.70%,1 plate(s) = 676g,-,Lab Analysis,2025,Per 100g,Per Serving (676g),87,586,2.47,16.65,2.8,18.87,1.09,7.35,0.01,0.07,12.85,86.61,0.75,5.05,-,-,0.61,4.11,309,2083,32,216,8,54,Trace,Trace,80.85,544.91,-,-,0.36,2.43,1.09,7.35,40.5,272.96,-,-,0.1,0.67,0.2,1.35,Trace,Trace,Trace,Trace,0.5,3.37,Trace,Trace,-,-,-,-,-,-,-,-,-,-,-,-,-,-,-,-,-,-,-,-,-,-,-,-,-,-,-,-,-,-,-,-
Grains and staples,Seafood tom yum ban mian (soup),"Thai-style, spicy and tangy soup, cooked with mixed seafood and hand made flat wheat noodles",Grains and staples,Noodle/Pasta-based dishes,100%,1 bowl(s) = 1057g,-,Lab Analysis,2018,Per 100g,Per Serving (1057g),58,613,3.19,33.72,1.29,13.64,0.36,3.81,0,0,8.49,89.74,1.29,13.64,-,-,0.7,7.4,420,4439,-,-,27,285,0.31,3.28,-,-,-,-,0.54,5.71,0.36,3.81,-,-,-,-,-,-,-,-,-,-,-,-,-,-,-,-,-,-,11.44,120.92,-,-,-,-,-,-,-,-,-,-,-,-,-,-,0,0,-,-,-,-,-,-,-,-,-,-,-,-
Grains and staples,Shoyu ramen,"Japanese-style egg noodles topped with sliced pork charsiew, fish cake and bamboo shoots in soy sauce-based broth",Grains and staples,Noodle/Pasta-based dishes,100%,1 bowl(s) = 659g,-,Lab Analysis,2018,Per 100g,Per Serving (659g),96,633,5.09,33.54,4.23,27.88,1.54,10.15,0.01,0.07,9.3,61.29,1,6.59,-,-,0.19,1.25,474,3124,-,-,38,250,0.38,2.5,-,-,-,-,0.81,5.34,1.86,12.26,-,-,-,-,-,-,-,-,-,-,-,-,-,-,-,-,-,-,8.3,54.7,-,-,-,-,-,-,-,-,-,-,-,-,-,-,0,0,-,-,-,-,-,-,-,-,-,-,-,-
Grains and staples,Shrimp dumpling noodles (dry),"Egg noodle with boiled shrimp dumplings, served dry with gravy",Grains and staples,Noodle/Pasta-based dishes,100%,1 bowl(s) = 399g,-,Lab Analysis,2023,Per 100g,Per Serving (399g),137,547,6.25,24.94,5.75,22.94,2.5,9.98,-,-,15.18,60.57,0,0,-,-,0.4,1.6,525,2095,-,-,-,-,-,-,-,-,-,-,-,-,-,-,-,-,-,-,-,-,-,-,-,-,-,-,-,-,-,-,-,-,-,-,-,-,-,-,-,-,-,-,-,-,-,-,-,-,-,-,-,-,-,-,-,-,-,-,-,-,-,-
Grains and staples,Shrimp dumpling noodles (soup),Egg noodle with boiled shrimp dumplings served in clear soup broth,Grains and staples,Noodle/Pasta-based dishes,100%,1 bowl(s) = 716g,-,Lab Analysis,2023,Per 100g,Per Serving (716g),62,444,3.7,26.49,0.9,6.44,0.4,2.86,-,-,9.66,69.17,0,0,-,-,0.2,1.43,257,1840,-,-,-,-,-,-,-,-,-,-,-,-,-,-,-,-,-,-,-,-,-,-,-,-,-,-,-,-,-,-,-,-,-,-,-,-,-,-,-,-,-,-,-,-,-,-,-,-,-,-,-,-,-,-,-,-,-,-,-,-,-,-
Grains and staples,Sliced fish beehoon soup (no milk),"Fresh sliced fish pieces, vegetables and thick beehoon in clear broth",Grains and staples,Noodle/Pasta-based dishes,100%,1 bowl(s) = 811g,-,Derived,2026,Per 100g,Per Serving (811g),48,389,2.59,21,0.82,6.65,0.22,1.78,-,-,9.62,78.02,0.63,5.11,-,-,0.77,6.24,299,2425,-,-,-,-,-,-,-,-,-,-,-,-,-,-,-,-,-,-,-,-,-,-,-,-,-,-,-,-,-,-,-,-,-,-,-,-,-,-,-,-,-,-,-,-,-,-,-,-,-,-,-,-,-,-,-,-,-,-,-,-,-,-
Grains and staples,Sliced fish beehoon soup (with milk),"Thick rice vermicelii, fresh sliced fish pieces and vegetables in creamy soup broth from the addition of evaporated milk",Grains and staples,Noodle/Pasta-based dishes,100%,1 bowl(s) = 600g,-,Derived,2026,Per 100g,Per Serving (600g),49,294,3.39,20.34,1.05,6.3,0.53,3.18,0.01,0.06,6.35,38.1,0.71,4.26,-,-,0.43,2.58,235,1410,76,456,17,102,0.42,2.52,76.42,458.52,-,-,-,-,-,-,-,-,-,-,0,0,0,0,0,0,0,0,0.33,1.98,0.33,1.98,-,-,-,-,-,-,-,-,-,-,-,-,-,-,-,-,-,-,-,-,-,-,-,-,-,-,-,-,-,-,-,-
Grains and staples,Sliced fish hor fun,"Flat hor fun noodles with thinly sliced fish and vegetables, together with egg sauce",Grains and staples,Noodle/Pasta-based dishes,100%,1 plate(s) = 707g,-,Lab Analysis,2023,Per 100g,Per Serving (707g),132,933,4.22,29.84,7.34,51.89,3.26,23.05,-,-,12.21,86.32,0,0,-,-,0.72,5.09,283,2001,-,-,-,-,-,-,-,-,-,-,-,-,-,-,-,-,-,-,-,-,-,-,-,-,-,-,-,-,-,-,-,-,-,-,-,-,-,-,-,-,-,-,-,-,-,-,-,-,-,-,-,-,-,-,-,-,-,-,-,-,-,-
Grains and staples,Soto ayam,"Soup containing shredded chicken, bean sprouts and rice cakes (ketupat)",Grains and staples,Noodle/Pasta-based dishes,100%,1 bowl(s) = 569g,-,Lab Analysis,2010,Per 100g,Per Serving (569g),38,216,3.4,19.35,1.4,7.97,0.5,2.85,-,-,3.1,17.64,1.1,6.26,-,-,1.4,7.97,425,2418,-,-,11,63,0.8,4.55,-,-,-,-,0.3,1.71,0.6,3.41,-,-,-,-,-,-,-,-,-,-,-,-,-,-,-,-,-,-,Trace,Trace,-,-,-,-,-,-,-,-,-,-,-,-,-,-,0,0,-,-,-,-,-,-,-,-,-,-,-,-
Grains and staples,Soya sauce chicken noodles (dry),"Dry thin wheat noodles with chicken, chye sim, soy sauce and chilli sauce",Grains and staples,Noodle/Pasta-based dishes,92%,1 plate(s) = 352g,-,Lab Analysis,2010,Per 100g,Per Serving (352g),137,444,7.93,25.68,5.94,19.24,1.65,5.34,-,-,12.17,39.41,3.06,9.91,-,-,0.69,2.23,210,680,-,-,38,123,1.09,3.53,-,-,-,-,1.18,3.82,1.99,6.44,-,-,-,-,-,-,-,-,-,-,-,-,-,-,-,-,-,-,92.8,300.52,-,-,-,-,-,-,-,-,-,-,-,-,-,-,13.3,43.07,-,-,-,-,-,-,-,-,-,-,-,-
Grains and staples,Stir fried beehoon with chicken and egg,"Thin rice noodles fried with chye sim, black mushroom, chicken and egg",Grains and staples,Noodle/Pasta-based dishes,100%,1 plate(s) = 284g,-,Lab Analysis,2010,Per 100g,Per Serving (284g),130,369,7.5,21.3,3.85,10.93,1.4,3.98,-,-,16.34,46.41,0.51,1.45,-,-,1.73,4.91,122,346,-,-,14,40,0.77,2.19,-,-,-,-,0.84,2.39,1.44,4.09,-,-,-,-,-,-,-,-,-,-,-,-,-,-,-,-,-,-,13.68,38.85,-,-,-,-,-,-,-,-,-,-,-,-,-,-,0.4,1.14,-,-,-,-,-,-,-,-,-,-,-,-
Grains and staples,Suan la fen,Chinese spicy-sour glass noodles in soup,Grains and staples,Noodle/Pasta-based dishes,100%,1 bowl(s) = 662g,-,Lab Analysis,2010,Per 100g,Per Serving (662g),66,437,1.4,9.27,2.18,14.43,0.82,5.43,0.01,0.07,10.3,68.19,0.7,4.63,-,-,2.4,15.89,338,2238,-,-,17,113,0.99,6.55,-,-,-,-,0.45,2.98,0.9,5.96,-,-,-,-,-,-,-,-,-,-,-,-,-,-,-,-,-,-,4.8,31.78,-,-,-,-,-,-,-,-,-,-,-,-,-,-,Trace,Trace,-,-,-,-,-,-,-,-,-,-,-,-
Grains and staples,Suan la mian,Chinese spicy-sour wheat noodles in soup,Grains and staples,Noodle/Pasta-based dishes,100%,1 bowl(s) = 720g,-,Lab Analysis,2018,Per 100g,Per Serving (720g),78,562,3,21.6,2.84,20.45,0.74,5.33,0,0,10,72,1.4,10.08,-,-,1.1,7.92,349,2513,-,-,20,144,0.6,4.32,-,-,-,-,0.9,6.48,1.2,8.64,-,-,-,-,-,-,-,-,-,-,-,-,-,-,-,-,-,-,18.75,135,-,-,-,-,-,-,-,-,-,-,-,-,-,-,0,0,-,-,-,-,-,-,-,-,-,-,-,-
Grains and staples,Thai seafood tom yum noodle (soup),Thai-style noodles cooked with mixed seafood in spicy and tangy  broth,Grains and staples,Noodle/Pasta-based dishes,100%,1 bowl(s) = 1057g,-,Lab Analysis,2018,Per 100g,Per Serving (1057g),58,613,3.2,33.82,1.29,13.64,0.37,3.91,0,0,8.5,89.85,1.3,13.74,-,-,0.7,7.4,420,4439,-,-,27,285,0.32,3.38,-,-,-,-,0.55,5.81,0.37,3.91,-,-,-,-,-,-,-,-,-,-,-,-,-,-,-,-,-,-,11.5,121.56,-,-,-,-,-,-,-,-,-,-,-,-,-,-,0,0,-,-,-,-,-,-,-,-,-,-,-,-
Grains and staples,Thick beehoon,Thick and chewy noodles made from rice flour,Grains and staples,Noodle/Pasta-based dishes,100%,1 bowl(s) = 200g,-,Derived,2026,Per 100g,Per Serving (200g),121,242,1.57,3.14,0.28,0.56,0.15,0.3,-,-,28,56,0.23,0.46,-,-,1.1,2.2,7,14,-,-,-,-,-,-,-,-,-,-,-,-,-,-,-,-,-,-,-,-,-,-,-,-,-,-,-,-,-,-,-,-,-,-,-,-,-,-,-,-,-,-,-,-,-,-,-,-,-,-,-,-,-,-,-,-,-,-,-,-,-,-
Grains and staples,Vegetable ban mian (soup),Hand made flat wheat noodles with vegetables in clear broth,Grains and staples,Noodle/Pasta-based dishes,100%,1 bowl(s) = 989g,-,Lab Analysis,2018,Per 100g,Per Serving (989g),54,534,2.6,25.71,1.3,12.86,0.54,5.34,0.01,0.1,7.9,78.13,0.8,7.91,-,-,0.6,5.93,244,2413,-,-,14,138,0.32,3.16,-,-,-,-,0.23,2.27,0.52,5.14,-,-,-,-,-,-,-,-,-,-,-,-,-,-,-,-,-,-,3.18,31.45,-,-,-,-,-,-,-,-,-,-,-,-,-,-,0,0,-,-,-,-,-,-,-,-,-,-,-,-
Grains and staples,Vongole pasta,Italian pasta with clams in white wine sauce,Grains and staples,Noodle/Pasta-based dishes,66%,1 plate(s) = 402g,-,Lab Analysis,2010,Per 100g,Per Serving (402g),88,233,3.5,9.29,2.4,6.37,1.02,2.71,0.05,0.13,13.1,34.76,1,2.65,-,-,1.7,4.51,318,844,-,-,41,109,0.73,1.94,-,-,-,-,0.6,1.59,0.73,1.94,-,-,-,-,-,-,-,-,-,-,-,-,-,-,-,-,-,-,14.3,37.94,-,-,-,-,-,-,-,-,-,-,-,-,-,-,Trace,Trace,-,-,-,-,-,-,-,-,-,-,-,-
Grains and staples,Wanton noodles (dry),"Egg noodles with 3 boiled minced pork wanton dumplings, sliced char siew, vegetables, topped with lard",Grains and staples,Noodle/Pasta-based dishes,100%,1 bowl(s) = 388g,-,Lab Analysis,2025,Per 100g,Per Serving (388g),161,625,8.69,33.72,5.5,21.34,1.84,7.14,Trace,Trace,19.1,74.11,2.35,9.12,-,-,Trace,Trace,403,1564,94,365,18,70,0.7,2.72,65.25,253.17,-,-,0.97,3.76,2.04,7.92,Trace,Trace,-,-,0.55,2.13,0.4,1.55,0.2,0.78,Trace,Trace,1.15,4.46,Trace,Trace,-,-,-,-,-,-,-,-,-,-,-,-,-,-,-,-,-,-,-,-,-,-,-,-,-,-,-,-,-,-,-,-
Grains and staples,Wanton noodles (soup),"3 minced pork wanton dumplings with noodles, sliced char siew and vegetables in soup",Grains and staples,Noodle/Pasta-based dishes,100%,1 bowl(s) = 678g,-,Lab Analysis,2025,Per 100g,Per Serving (678g),95,644,7.28,49.36,2,13.56,0.64,4.34,Trace,Trace,12,81.36,Trace,Trace,-,-,1.05,7.12,427,2895,154,1044,14,95,0.46,3.12,77.75,527.15,-,-,0.43,2.92,0.79,5.36,Trace,Trace,-,-,Trace,Trace,Trace,Trace,Trace,Trace,Trace,Trace,Trace,Trace,Trace,Trace,-,-,-,-,-,-,-,-,-,-,-,-,-,-,-,-,-,-,-,-,-,-,-,-,-,-,-,-,-,-,-,-
Grains and staples,White bee hoon,Singaporean dish of rice vermicelli in white sauce with seafood and vegetables,Grains and staples,Noodle/Pasta-based dishes,100%,1 plate(s) = 656g,-,Lab Analysis,2024,Per 100g,Per Serving (656g),98,643,3.15,20.66,4.05,26.57,1.54,10.1,-,-,12.15,79.7,0.54,3.54,-,-,0.51,3.35,303,1988,-,-,-,-,-,-,-,-,-,-,-,-,-,-,-,-,-,-,-,-,-,-,-,-,-,-,-,-,-,-,-,-,-,-,-,-,-,-,-,-,-,-,-,-,-,-,-,-,-,-,-,-,-,-,-,-,-,-,-,-,-,-
Grains and staples,Zha jiang mian,Chinese noodle dish topped with minced pork sauce made from soybean paste and sweet bean sauce,Grains and staples,Noodle/Pasta-based dishes,100%,1 bowl(s) = 462g,-,Lab Analysis,2010,Per 100g,Per Serving (462g),145,670,5.7,26.33,6.15,28.41,2.49,11.5,Trace,Trace,16.8,77.62,1,4.62,-,-,3.2,14.78,304,1404,-,-,17,79,0.76,3.51,-,-,-,-,1.18,5.45,2.48,11.46,-,-,-,-,-,-,-,-,-,-,-,-,-,-,-,-,-,-,Trace,Trace,-,-,-,-,-,-,-,-,-,-,-,-,-,-,0.3,1.39,-,-,-,-,-,-,-,-,-,-,-,-
Grains and staples,Braised duck noodles (dry),"Egg noodles with shredded braised duck meat, skin and green vegetables in black gravy",Grains and staples,Noodle/Pasta-based dishes,100%,1 plate(s) = 410g,-,Lab Analysis,2025,Per 100g,Per Serving (410g),120,492,5.13,21.03,2.85,11.69,0.77,3.16,Trace,Trace,18.45,75.65,0.35,1.43,-,-,1.11,4.55,546,2239,80,328,10,41,0.58,2.38,72.05,295.41,-,-,0.56,2.3,0.97,3.98,Trace,Trace,-,-,Trace,Trace,0.2,0.82,Trace,Trace,Trace,Trace,0.2,0.82,Trace,Trace,-,-,-,-,-,-,-,-,-,-,-,-,-,-,-,-,-,-,-,-,-,-,-,-,-,-,-,-,-,-,-,-
Grains and staples,Roasted duck noodles (dry),"Egg noodles with sliced roasted duck meat, skin and green vegetables in sauce",Grains and staples,Noodle/Pasta-based dishes,97.20%,1 plate(s) = 321g,-,Lab Analysis,2025,Per 100g,Per Serving (321g),152,474,8.6,26.83,6.4,19.97,2.02,6.3,0.03,0.09,14.9,46.49,0.3,0.94,-,-,1.43,4.46,521,1626,113,353,15,47,1.16,3.62,68.55,213.88,-,-,1.11,3.46,2.43,7.58,Trace,Trace,-,-,Trace,Trace,0.3,0.94,Trace,Trace,Trace,Trace,Trace,Trace,Trace,Trace,-,-,-,-,-,-,-,-,-,-,-,-,-,-,-,-,-,-,-,-,-,-,-,-,-,-,-,-,-,-,-,-
Grains and staples,Kway chap (noodle slices and soup together),Flat rice noodle sheets served in savoury broth with braised ingredients,Grains and staples,Noodle/Pasta-based dishes,100%,1 bowl(s) = 680g,-,Lab Analysis,2025,Per 100g,Per Serving (680g),74,503,1.13,7.68,0.7,4.76,0.19,1.29,Trace,Trace,15.85,107.78,1.05,7.14,-,-,Trace,Trace,341,2319,24,163,5,34,Trace,Trace,81.4,553.52,-,-,0.08,0.54,0.2,1.36,Trace,Trace,-,-,0.15,1.02,0.1,0.68,Trace,Trace,Trace,Trace,0.75,5.1,Trace,Trace,-,-,-,-,-,-,-,-,-,-,-,-,-,-,-,-,-,-,-,-,-,-,-,-,-,-,-,-,-,-,-,-
Grains and staples,Cooked brown rice beehoon,"Cooked rice noodle, light brown in colour, soft tender texture with mild nutty taste.",Grains and staples,Noodles and pasta,100%,1 bowl(s) = 200g,-,Borrowed,2025,Per 100g,Per Serving (200g),369,738,7.9,15.8,3.03,6.06,0.45,0.9,-,-,75.8,151.6,0,0,-,-,3.7,7.4,41,82,-,-,10,20,1.07,2.14,8.7,17.4,-,-,-,-,-,-,-,-,0,0,-,-,-,-,-,-,-,-,-,-,-,-,-,-,-,-,0,0,-,-,0.18,0.36,0.01,0.02,-,-,-,-,-,-,-,-,-,-,-,-,-,-,-,-,-,-,-,-
Grains and staples,Cooked egg noodles,"Cooked wheat noodle, yellow in colour, soft tender texture with rich egg taste.",Grains and staples,Noodles and pasta,100%,1 bowl(s) = 200g,-,Borrowed,2025,Per 100g,Per Serving (200g),138,276,4.54,9.08,2.07,4.14,0.42,0.84,Trace,Trace,25.16,50.32,0.4,0.8,-,-,1.2,2.4,5,10,38,76,12,24,0.6,1.2,67.73,135.46,-,-,0.55,1.1,0.58,1.16,0,0,29,58,0.07,0.14,0,0,0.3,0.6,0,0,0.04,0.08,0,0,-,-,6,12,6,12,1,2,0.03,0.06,0.02,0.04,0.05,0.1,7,14,0.09,0.18,0,0,4,8,0.25,0.5,0,0,76,152,23.9,47.8,0.65,1.3
Grains and staples,Cooked Japanese soba,"Cooked buckwheat noodle, grey-brown in colour, soft tender texture with nutty taste.",Grains and staples,Noodles and pasta,100%,1 bowl(s) = 200g,-,Borrowed,2025,Per 100g,Per Serving (200g),99,198,5.06,10.12,0.1,0.2,0.02,0.04,-,-,21.44,42.88,-,-,-,-,-,-,60,120,35,70,4,8,0.48,0.96,73.01,146.02,-,-,0.03,0.06,0.03,0.06,-,-,0,0,-,-,-,-,-,-,-,-,-,-,-,-,-,-,0,0,0,0,-,-,0.09,0.18,0.03,0.06,0.04,0.08,7,14,0,0,0,0,0,0,-,-,-,-,25,50,-,-,0.12,0.24
Grains and staples,"Mixed brown rice (20% brown, 80% white)",Blend of cooked brown and white rice in 20:80 ratio,Grains and staples,Rice,100%,1 bowl(s) = 200g,-,Derived,2026,Per 100g,Per Serving (200g),129,258,2.7,5.4,0.42,0.84,0,0,-,-,27.68,55.36,0.09,0.18,-,-,0.64,1.28,2,4,-,-,9,18,0.27,0.54,-,-,-,-,-,-,-,-,-,-,-,-,-,-,-,-,-,-,-,-,-,-,-,-,-,-,0,0,-,-,-,-,-,-,-,-,-,-,-,-,-,-,0,0,-,-,-,-,-,-,-,-,-,-,-,-
Grains and staples,"Mixed brown rice (50% brown, 50% white)",Blend of cooked brown and white rice in 50:50 ratio,Grains and staples,Rice,100%,1 bowl(s) = 200g,-,Derived,2026,Per 100g,Per Serving (200g),127,254,2.72,5.44,0.63,1.26,0,0,-,-,26.9,53.8,0.15,0.3,-,-,1,2,3,6,-,-,7,14,0.38,0.76,-,-,-,-,-,-,-,-,-,-,-,-,-,-,-,-,-,-,-,-,-,-,-,-,-,-,0,0,-,-,-,-,-,-,-,-,-,-,-,-,-,-,0,0,-,-,-,-,-,-,-,-,-,-,-,-
Grains and staples,"Black glutinous rice, uncooked","Uncooked grain, deep purple-black in colour, firm opaque texture with subtle sweet taste, commonly used to make burbur cha cha.",Grains and staples,Rice,100%,1 cup(s) = 174g,-,Borrowed,2025,Per 100g,Per Serving (174g),350,609,7.46,12.98,2.87,4.99,0.5,0.87,-,-,71.09,123.7,-,-,-,-,4.9,8.53,-,-,265,461,22,38,2.83,4.92,12.5,21.75,-,-,1.09,1.9,1.01,1.76,-,-,0,0,-,-,-,-,-,-,-,-,-,-,-,-,-,-,1,1.74,-,-,16,27.84,0.48,0.84,0.19,0.33,-,-,-,-,-,-,-,-,-,-,-,-,-,-,189,329,-,-,2.5,4.35
Grains and staples,Cooked white glutinous rice,"Cooked grain white glutinous rice, translucent white in colour, soft sticky texture with mild sweet taste.",Grains and staples,Rice,100%,1 bowl(s) = 200g,-,Borrowed,2025,Per 100g,Per Serving (200g),97,194,2.02,4.04,0.19,0.38,0.04,0.08,-,-,21.09,42.18,0.05,0.1,-,-,1,2,5,10,10,20,2,4,0.14,0.28,76.63,153.26,-,-,0.07,0.14,0.07,0.14,0,0,0,0,-,-,-,-,-,-,-,-,-,-,-,-,-,-,0,0,0,0,0,0,0.02,0.04,0.01,0.02,0.03,0.06,1,2,0,0,0,0,0,0,0.06,0.12,0,0,8,16,5.6,11.2,0.41,0.82
Grains and staples,Ayam panggang with rice,"Malay-style grilled chicken with spices and marinade, served with rice",Grains and staples,Rice-based dishes,86%,1 plate(s) = 750g,1 piece(s) = 189g,Lab Analysis,2026,Per 100g,Per Serving (750g),181,1167,10.96,70.69,7.2,46.44,2.91,18.77,Trace,Trace,18.16,117.13,1.95,12.58,-,-,0.54,3.48,309,1993,143,922,16,103,0.46,2.97,61.97,399.71,-,-,1.34,8.64,2.94,18.96,-,-,-,-,0.66,4.26,0.51,3.29,Trace,Trace,Trace,Trace,0.78,5.03,Trace,Trace,-,-,-,-,-,-,-,-,-,-,-,-,-,-,-,-,-,-,-,-,-,-,-,-,-,-,-,-,-,-,-,-
Grains and staples,Ayam penyet with rice,"Indonesian-style deep-fried smashed chicken served with rice, tofu and vegetables",Grains and staples,Rice-based dishes,90.52%,1 plate(s) = 517g,-,Lab Analysis,2025,Per 100g,Per Serving (517g),189,884,10.45,48.9,6.75,31.59,2.38,11.14,0.02,0.09,21.45,100.38,0.9,4.21,-,-,1.92,8.99,292,1367,117,548,30,140,0.61,2.85,60.15,281.5,-,-,1.27,5.94,2.53,11.84,Trace,Trace,-,-,Trace,Trace,0.1,0.47,0.8,3.74,Trace,Trace,Trace,Trace,Trace,Trace,-,-,-,-,-,-,-,-,-,-,-,-,-,-,-,-,-,-,-,-,-,-,-,-,-,-,-,-,-,-,-,-
Grains and staples,Beef rice bowl,"Steamed rice topped with sliced beef, stir-fried vegetables and sweet-savoury sauce",Grains and staples,Rice-based dishes,100%,1 bowl(s) = 373g,-,Lab Analysis,2025,Per 100g,Per Serving (373g),184,686,7.66,28.57,6.6,24.62,2.42,9.03,0.22,0.82,23.35,87.1,1.3,4.85,-,-,2.78,10.37,303,1130,126,470,13,48,0.56,2.09,61.2,228.28,-,-,0.63,2.35,2.83,10.56,Trace,Trace,-,-,0.6,2.24,0.6,2.24,Trace,Trace,Trace,Trace,Trace,Trace,Trace,Trace,-,-,-,-,-,-,-,-,-,-,-,-,-,-,-,-,-,-,-,-,-,-,-,-,-,-,-,-,-,-,-,-
Grains and staples,Braised duck rice set (with egg and tau kwa),"Sliced braised duck served with rice, hard-boiled egg, braised firm tofu, peanuts and cucumber",Grains and staples,Rice-based dishes,100%,1 set(s) = 398g,-,Lab Analysis,2025,Per 100g,Per Serving (398g),167,665,7.88,31.36,6.5,25.87,1.72,6.85,Trace,Trace,19.1,76.02,Trace,Trace,-,-,2.28,9.07,373,1485,91,362,34,135,0.87,3.46,65.2,259.5,-,-,1.72,6.85,2.3,9.15,10,39.8,-,-,Trace,Trace,Trace,Trace,Trace,Trace,Trace,Trace,Trace,Trace,Trace,Trace,-,-,-,-,-,-,-,-,-,-,-,-,-,-,-,-,-,-,-,-,-,-,-,-,-,-,-,-,-,-,-,-
Grains and staples,Bubur kanji,Malay-style fried peanut and ikan bilis porridge,Grains and staples,Rice-based dishes,100%,1 bowl(s) = 377g,-,Lab Analysis,2010,Per 100g,Per Serving (377g),92,347,3.44,12.97,4.26,16.06,0.98,3.69,-,-,9.84,37.1,0.16,0.6,-,-,0.51,1.92,76,287,-,-,25,94,Trace,Trace,-,-,-,-,1.35,5.09,1.74,6.56,-,-,-,-,-,-,-,-,-,-,-,-,-,-,-,-,-,-,Trace,Trace,-,-,-,-,-,-,-,-,-,-,-,-,-,-,-,-,-,-,-,-,-,-,-,-,-,-,-,-
Grains and staples,Century egg and pork porridge,Rice porridge with preserved century egg and minced pork,Grains and staples,Rice-based dishes,100%,1 bowl(s) = 489g,-,Lab Analysis,2025,Per 100g,Per Serving (489g),59,289,2.53,12.37,2.4,11.74,0.75,3.67,Trace,Trace,6.7,32.76,Trace,Trace,-,-,Trace,Trace,258,1262,55,269,9,44,0.38,1.86,87.6,428.36,-,-,0.33,1.61,1.02,4.99,Trace,Trace,-,-,Trace,Trace,Trace,Trace,Trace,Trace,Trace,Trace,Trace,Trace,Trace,Trace,-,-,-,-,-,-,-,-,-,-,-,-,-,-,-,-,-,-,-,-,-,-,-,-,-,-,-,-,-,-,-,-
Grains and staples,Char siew chee cheong fun,"Steamed rice noodle rolls filled with barbecued pork, served with sweet soy sauce and sesame seeds",Grains and staples,Rice-based dishes,100%,1 roll(s) = 228g,-,Lab Analysis,2025,Per 100g,Per Serving (228g),136,310,4.1,9.35,4.25,9.69,1.56,3.56,Trace,Trace,20.4,46.51,0.7,1.6,-,-,0.86,1.96,340,775,60,137,10,23,Trace,Trace,70.3,160.28,-,-,0.66,1.5,1.78,4.06,Trace,Trace,-,-,Trace,Trace,0.7,1.6,Trace,Trace,Trace,Trace,Trace,Trace,Trace,Trace,-,-,-,-,-,-,-,-,-,-,-,-,-,-,-,-,-,-,-,-,-,-,-,-,-,-,-,-,-,-,-,-
Grains and staples,Char siew rice,"Honey barbecued char siew served with rice, accompanied by cucumber",Grains and staples,Rice-based dishes,100%,1 plate(s) = 353g,-,Lab Analysis,2025,Per 100g,Per Serving (353g),176,621,8.82,31.13,3.5,12.36,1.19,4.2,Trace,Trace,27.1,95.66,0.6,2.12,-,-,2.39,8.44,236,833,134,473,5,18,0.46,1.62,59.15,208.8,-,-,0.58,2.05,1.44,5.08,Trace,Trace,-,-,Trace,Trace,0.6,2.12,Trace,Trace,Trace,Trace,Trace,Trace,Trace,Trace,-,-,-,-,-,-,-,-,-,-,-,-,-,-,-,-,-,-,-,-,-,-,-,-,-,-,-,-,-,-,-,-
Grains and staples,Chee cheong fun (plain),Plain rice sheet rolls served with sweet sauce and sesame oil,Grains and staples,Rice-based dishes,100%,1 roll(s) = 262g,-,Lab Analysis,2025,Per 100g,Per Serving (262g),131,343,1.64,4.3,1.9,4.98,0.67,1.76,Trace,Trace,26.85,70.35,4.5,11.79,-,-,1.91,5,339,888,Trace,Trace,5,13,Trace,Trace,68.65,179.86,-,-,0.34,0.89,0.71,1.86,Trace,Trace,-,-,0.4,1.05,0.3,0.79,Trace,Trace,Trace,Trace,3.85,10.09,Trace,Trace,-,-,-,-,-,-,-,-,-,-,-,-,-,-,-,-,-,-,-,-,-,-,-,-,-,-,-,-,-,-,-,-
Grains and staples,Chicken katsu curry omurice,"Japanese-style fried rice with breaded chicken cutlet and curry sauce, wrapped in egg omelette",Grains and staples,Rice-based dishes,100%,1 plate(s) = 646g,-,Lab Analysis,2018,Per 100g,Per Serving (646g),174,1124,8.6,55.56,9.95,64.28,4.36,28.17,0.02,0.13,12.5,80.75,1.2,7.75,-,-,0.69,4.46,395,2552,-,-,24,155,1.02,6.59,-,-,-,-,1.41,9.11,4.15,26.81,-,-,-,-,-,-,-,-,-,-,-,-,-,-,-,-,-,-,23.83,153.94,-,-,-,-,-,-,-,-,-,-,-,-,-,-,0.4,2.58,-,-,-,-,-,-,-,-,-,-,-,-
Grains and staples,Chicken katsu curry rice,Japanese-style curry with deep-fried breaded chicken cutlet and rice,Grains and staples,Rice-based dishes,100%,1 plate(s) = 614g,-,Lab Analysis,2025,Per 100g,Per Serving (614g),177,1087,7.16,43.96,6.85,42.06,2.36,14.49,0.03,0.18,21.8,133.85,0.55,3.38,-,-,1.52,9.33,248,1523,140,860,10,61,0.34,2.09,63.25,388.35,-,-,-,-,-,-,-,-,-,-,Trace,Trace,Trace,Trace,0.1,0.61,Trace,Trace,0.45,2.76,Trace,Trace,-,-,-,-,-,-,-,-,-,-,-,-,-,-,-,-,-,-,-,-,-,-,-,-,-,-,-,-,-,-,-,-
Grains and staples,Chicken katsu don,Fried chicken cutlet with egg on top of rice,Grains and staples,Rice-based dishes,100%,1 bowl(s) = 626g,-,Lab Analysis,2018,Per 100g,Per Serving (626g),147,920,6.59,41.25,6.51,40.75,1.77,11.08,0,0,15.6,97.66,0.89,5.57,-,-,0.89,5.57,358,2241,-,-,16,100,0.61,3.82,-,-,-,-,2.46,15.4,2.27,14.21,-,-,-,-,-,-,-,-,-,-,-,-,-,-,-,-,-,-,15.09,94.46,-,-,-,-,-,-,-,-,-,-,-,-,-,-,0,0,-,-,-,-,-,-,-,-,-,-,-,-
Grains and staples,Chicken porridge,Chicken boiled with porridge,Grains and staples,Rice-based dishes,100%,1 bowl(s) = 556g,-,Lab Analysis,2025,Per 100g,Per Serving (556g),56,311,2.8,15.57,1.85,10.29,0.62,3.45,Trace,Trace,7,38.92,Trace,Trace,-,-,Trace,Trace,258,1434,32,178,4,22,Trace,Trace,87.45,486.22,-,-,0.32,1.78,0.7,3.89,Trace,Trace,-,-,Trace,Trace,Trace,Trace,Trace,Trace,Trace,Trace,Trace,Trace,Trace,Trace,-,-,-,-,-,-,-,-,-,-,-,-,-,-,-,-,-,-,-,-,-,-,-,-,-,-,-,-,-,-,-,-
Grains and staples,Claypot chicken rice,"Rice with chicken and Chinese sausages, cooked in claypot",Grains and staples,Rice-based dishes,97.97%,1 bowl(s) = 543g,-,Lab Analysis,2025,Per 100g,Per Serving (543g),183,974,12.35,65.7,5.25,27.93,1.57,8.35,0.01,0.05,21.5,114.38,0.2,1.06,-,-,3.69,19.63,465,2474,145,771,250,1330,0.79,4.2,59.6,317.06,-,-,0.94,5,1.91,10.16,Trace,Trace,-,-,Trace,Trace,0.2,1.06,Trace,Trace,Trace,Trace,Trace,Trace,Trace,Trace,-,-,-,-,-,-,-,-,-,-,-,-,-,-,-,-,-,-,-,-,-,-,-,-,-,-,-,-,-,-,-,-
Grains and staples,Claypot frog porridge,Rice porridge served with stir-fried frog legs in soy sauce and ginger,Grains and staples,Rice-based dishes,100%,1 bowl(s) = 660g,-,Lab Analysis,2023,Per 100g,Per Serving (660g),84,554,5.43,35.84,3.79,25.01,1.71,11.29,-,-,6.89,45.47,0.35,2.31,-,-,0.82,5.41,378,2495,-,-,-,-,-,-,-,-,-,-,-,-,-,-,-,-,-,-,-,-,-,-,-,-,-,-,-,-,-,-,-,-,-,-,-,-,-,-,-,-,-,-,-,-,-,-,-,-,-,-,-,-,-,-,-,-,-,-,-,-,-,-
Grains and staples,Claypot porridge (plain),Plain rice porridge in claypot,Grains and staples,Rice-based dishes,100%,1 bowl(s) = 660g,-,Lab Analysis,2023,Per 100g,Per Serving (660g),58,383,1.06,7,2.25,14.85,1.05,6.93,-,-,8.25,54.45,0,0,-,-,0.33,2.18,212,1399,-,-,-,-,-,-,-,-,-,-,-,-,-,-,-,-,-,-,-,-,-,-,-,-,-,-,-,-,-,-,-,-,-,-,-,-,-,-,-,-,-,-,-,-,-,-,-,-,-,-,-,-,-,-,-,-,-,-,-,-,-,-
Grains and staples,Cuttlefish porridge,Rice porridge cooked with sliced cuttlefish,Grains and staples,Rice-based dishes,100%,1 bowl(s) = 660g,-,Lab Analysis,2010,Per 100g,Per Serving (660g),83,548,1.7,11.22,0.9,5.94,0.4,2.64,-,-,17.2,113.52,0,0,-,-,0.4,2.64,191,1261,-,-,39,257,0.1,0.66,-,-,-,-,0.11,0.73,0.27,1.78,-,-,-,-,-,-,-,-,-,-,-,-,-,-,-,-,-,-,4,26.4,-,-,-,-,-,-,-,-,-,-,-,-,-,-,Trace,Trace,-,-,-,-,-,-,-,-,-,-,-,-
Grains and staples,Duck porridge,"Porridge with boiled boneless duck meat, garnished with fried onion and soya sauce",Grains and staples,Rice-based dishes,100%,1 bowl(s) = 660g,-,Lab Analysis,2010,Per 100g,Per Serving (660g),104,686,9.9,65.34,3,19.8,1.1,7.26,-,-,9.3,61.38,0,0,-,-,0.8,5.28,222,1465,-,-,7,46,2.7,17.82,-,-,-,-,0.5,3.3,1.3,8.58,-,-,-,-,-,-,-,-,-,-,-,-,-,-,-,-,-,-,9,59.4,-,-,-,-,-,-,-,-,-,-,-,-,-,-,0,0,-,-,-,-,-,-,-,-,-,-,-,-
Grains and staples,"Economic rice (1 vegetable, 1 fish)",Mixed rice dish containing white rice with one vegetable dish and one fish dish,Grains and staples,Rice-based dishes,99.64%,1 plate(s) = 497g,-,Derived,2026,Per 100g,Per Serving (497g),123,609,5.47,27.09,4.78,23.67,1.83,9.06,0.03,0.15,14.2,70.32,0.53,2.62,-,-,1.41,6.98,258,1278,116,574,33,163,0.77,3.81,46.72,231.36,-,-,0.64,3.17,1.56,7.73,71.37,353.43,-,-,0.16,0.79,0.33,1.63,Trace,Trace,Trace,Trace,0.02,0.1,Trace,Trace,-,-,0,0,-,-,-,-,-,-,-,-,-,-,-,-,-,-,0,0,-,-,-,-,-,-,-,-,-,-,-,-
Grains and staples,"Economic rice (1 vegetable, 1 fried meat)",Mixed rice dish containing white rice with one vegetable dish and one fried meat dish,Grains and staples,Rice-based dishes,100%,1 plate(s) = 515g,-,Derived,2026,Per 100g,Per Serving (515g),156,803,6.88,35.43,7.22,37.18,2.64,13.6,0.04,0.21,15.52,79.93,1.41,7.26,-,-,1.44,7.42,243,1251,134,690,29,149,0.91,4.69,42.58,219.29,-,-,0.98,5.05,2.63,13.54,2.33,12,-,-,0.41,2.11,0.54,2.78,Trace,Trace,Trace,Trace,0.46,2.37,Trace,Trace,-,-,0,0,-,-,-,-,-,-,-,-,-,-,-,-,-,-,0,0,-,-,-,-,-,-,-,-,-,-,-,-
Grains and staples,"Economic rice (1 vegetable, 1 meat)",Mixed rice dish containing white rice with one vegetable dish and one meat dish,Grains and staples,Rice-based dishes,100%,1 plate(s) = 553g,-,Derived,2026,Per 100g,Per Serving (553g),126,697,6.24,34.51,4.97,27.48,1.75,9.68,0.03,0.17,13.63,75.37,0.91,5.03,-,-,1.43,7.91,263,1454,111,614,25,138,0.66,3.65,49.25,272.35,-,-,0.72,3.98,1.72,9.51,Trace,Trace,-,-,0.27,1.49,0.43,2.38,Trace,Trace,Trace,Trace,0.19,1.05,Trace,Trace,-,-,0,0,-,-,-,-,-,-,-,-,-,-,-,-,-,-,0,0,-,-,-,-,-,-,-,-,-,-,-,-
Grains and staples,"Economic rice (1 vegetable, 2 fried meats)",Mixed rice dish containing white rice with one vegetable dish and two fried meat dishes,Grains and staples,Rice-based dishes,100%,1 plate(s) = 640g,-,Derived,2026,Per 100g,Per Serving (640g),182,1165,9.46,60.54,9.47,60.61,3.41,21.82,0.05,0.32,14.46,92.54,1.95,12.48,-,-,1.46,9.34,285,1824,155,992,28,179,1.12,7.17,43.85,280.64,-,-,1.34,8.58,3.55,22.72,3.74,23.94,-,-,0.55,3.52,0.68,4.35,Trace,Trace,Trace,Trace,0.72,4.61,Trace,Trace,-,-,0,0,-,-,-,-,-,-,-,-,-,-,-,-,-,-,0,0,-,-,-,-,-,-,-,-,-,-,-,-
Grains and staples,"Economic rice (1 vegetable, 2 meats (1 fried))","Mixed rice dish containing white rice with one vegetable dish, one meat dish and one fried meat dish",Grains and staples,Rice-based dishes,100%,1 plate(s) = 678g,-,Derived,2026,Per 100g,Per Serving (678g),156,1058,8.79,59.6,7.51,50.92,2.64,17.9,0.04,0.27,12.98,88,1.52,10.31,-,-,1.44,9.76,299,2027,135,915,25,170,0.9,6.1,49.22,333.71,-,-,1.1,7.46,2.76,18.71,1.77,12,-,-,0.43,2.92,0.58,3.93,Trace,Trace,Trace,Trace,0.49,3.32,Trace,Trace,-,-,0,0,-,-,-,-,-,-,-,-,-,-,-,-,-,-,0,0,-,-,-,-,-,-,-,-,-,-,-,-
Grains and staples,"Economic rice (1 vegetable, 2 meats)",Mixed rice dish containing white rice with one vegetable dish and two meat dishes,Grains and staples,Rice-based dishes,100%,1 plate(s) = 716g,-,Derived,2026,Per 100g,Per Serving (716g),133,952,8.19,58.64,5.76,41.24,1.95,13.96,0.03,0.21,11.65,83.41,1.13,8.09,-,-,1.43,10.24,312,2234,117,838,22,158,0.71,5.08,54.02,386.78,-,-,0.9,6.44,2.05,14.68,Trace,Trace,-,-,0.33,2.36,0.5,3.58,Trace,Trace,Trace,Trace,0.28,2,Trace,Trace,-,-,0,0,-,-,-,-,-,-,-,-,-,-,-,-,-,-,0,0,-,-,-,-,-,-,-,-,-,-,-,-
Grains and staples,Economic rice (2 meats (1 fried)),Mixed rice dish containing white rice with one fried meat dish and one meat dish,Grains and staples,Rice-based dishes,100%,1 plate(s) = 488g,-,Derived,2026,Per 100g,Per Serving (488g),180,878,11.2,54.66,7.75,37.82,2.57,12.54,0.03,0.15,15.78,77.01,1.71,8.34,-,-,1.03,5.03,278,1357,107,522,14,68,0.88,4.29,36.01,175.73,-,-,1.21,5.9,2.94,14.35,2.45,11.96,-,-,0.46,2.24,0.57,2.78,Trace,Trace,Trace,Trace,0.65,3.17,Trace,Trace,-,-,0,0,-,-,-,-,-,-,-,-,-,-,-,-,-,-,0,0,-,-,-,-,-,-,-,-,-,-,-,-
Grains and staples,Economic rice (2 meats),Mixed rice dish containing white rice with two meat dishes,Grains and staples,Rice-based dishes,100%,1 plate(s) = 526g,-,Derived,2026,Per 100g,Per Serving (526g),146,768,10.21,53.7,5.34,28.09,1.63,8.57,0.02,0.11,13.78,72.48,1.16,6.1,-,-,1.04,5.47,297,1562,84,442,11,58,0.62,3.26,43.5,228.81,-,-,0.92,4.84,1.96,10.31,Trace,Trace,-,-,0.32,1.68,0.46,2.42,Trace,Trace,Trace,Trace,0.36,1.89,Trace,Trace,-,-,0,0,-,-,-,-,-,-,-,-,-,-,-,-,-,-,0,0,-,-,-,-,-,-,-,-,-,-,-,-
Grains and staples,Economic rice (2 vegetables),Mixed rice dish containing white rice with two vegetable dishes,Grains and staples,Rice-based dishes,100%,1 plate(s) = 580g,-,Derived,2026,Per 100g,Per Serving (580g),108,626,2.63,15.25,4.62,26.8,1.85,10.73,0.04,0.23,13.5,78.3,0.69,4,-,-,1.78,10.32,232,1346,135,783,38,220,0.7,4.06,54.48,315.98,-,-,0.55,3.19,1.51,8.76,Trace,Trace,-,-,0.24,1.39,0.41,2.38,Trace,Trace,Trace,Trace,0.04,0.23,Trace,Trace,-,-,0,0,-,-,-,-,-,-,-,-,-,-,-,-,-,-,0,0,-,-,-,-,-,-,-,-,-,-,-,-
Grains and staples,"Economic rice (2 vegetables, 1 fish)",Mixed rice dish containing white rice with two vegetable dishes and one fish dish,Grains and staples,Rice-based dishes,99.74%,1 plate(s) = 687g,-,Derived,2026,Per 100g,Per Serving (687g),116,795,4.67,32,5.37,36.8,2.11,14.46,0.04,0.27,11.86,81.27,0.67,4.59,-,-,1.71,11.72,285,1953,141,966,38,260,0.83,5.69,56.82,389.34,-,-,0.69,4.73,1.77,12.13,51.58,353.43,-,-,0.22,1.51,0.42,2.88,Trace,Trace,Trace,Trace,0.03,0.21,Trace,Trace,-,-,0,0,-,-,-,-,-,-,-,-,-,-,-,-,-,-,0,0,-,-,-,-,-,-,-,-,-,-,-,-
Grains and staples,"Economic rice (2 vegetables, 1 fried meat)",Mixed rice dish containing white rice with two vegetable dishesand one fried meat dish,Grains and staples,Rice-based dishes,100%,1 plate(s) = 705g,-,Derived,2026,Per 100g,Per Serving (705g),140,987,5.73,40.4,7.13,50.27,2.69,18.96,0.04,0.28,12.89,90.87,1.31,9.24,-,-,1.73,12.2,273,1925,154,1086,35,247,0.92,6.49,53.52,377.32,-,-,0.95,6.7,2.54,17.91,1.7,11.99,-,-,0.4,2.82,0.56,3.95,Trace,Trace,Trace,Trace,0.35,2.47,Trace,Trace,-,-,0,0,-,-,-,-,-,-,-,-,-,-,-,-,-,-,0,0,-,-,-,-,-,-,-,-,-,-,-,-
Grains and staples,"Economic rice (2 vegetables, 1 meat)",Mixed rice dish containing white rice with two vegetable dishes and one meat dish,Grains and staples,Rice-based dishes,100%,1 plate(s) = 743g,-,Derived,2026,Per 100g,Per Serving (743g),118,877,5.31,39.45,5.46,40.57,2.02,15.01,0.04,0.3,11.62,86.34,0.94,6.98,-,-,1.7,12.63,286,2125,135,1003,32,238,0.74,5.5,57.92,430.35,-,-,0.75,5.57,1.87,13.89,Trace,Trace,-,-,0.3,2.23,0.48,3.57,Trace,Trace,Trace,Trace,0.16,1.19,Trace,Trace,-,-,0,0,-,-,-,-,-,-,-,-,-,-,-,-,-,-,0,0,-,-,-,-,-,-,-,-,-,-,-,-
Grains and staples,"Economic rice (2 vegetables, 2 meats)",Mixed rice dish containing white rice with two vegetable dishes and two meat dish,Grains and staples,Rice-based dishes,100%,1 plate(s) = 906g,-,Derived,2026,Per 100g,Per Serving (906g),125,1133,7.02,63.6,6,54.36,2.13,19.3,0.04,0.36,10.42,94.41,1.11,10.06,-,-,1.65,14.95,321,2908,135,1223,28,254,0.76,6.89,60.13,544.78,-,-,0.88,7.97,2.11,19.12,Trace,Trace,-,-,0.33,2.99,0.53,4.8,Trace,Trace,Trace,Trace,0.23,2.08,Trace,Trace,-,-,0,0,-,-,-,-,-,-,-,-,-,-,-,-,-,-,0,0,-,-,-,-,-,-,-,-,-,-,-,-
Grains and staples,Economic rice (3 meats (1 fried)),Mixed rice dish containing white rice with two meat dishes and one fried meat dish,Grains and staples,Rice-based dishes,100%,1 plate(s) = 651g,-,Derived,2026,Per 100g,Per Serving (651g),174,1133,12.11,78.84,7.92,51.56,2.58,16.8,0.03,0.2,13.06,85.02,1.74,11.33,-,-,1.13,7.36,328,2135,114,742,13,85,0.88,5.73,44.56,290.09,-,-,1.27,8.27,3,19.53,1.84,11.98,-,-,0.47,3.06,0.61,3.97,Trace,Trace,Trace,Trace,0.63,4.1,Trace,Trace,-,-,0,0,-,-,-,-,-,-,-,-,-,-,-,-,-,-,0,0,-,-,-,-,-,-,-,-,-,-,-,-
Grains and staples,Economic rice (3 meats (2 fried)),Mixed rice dish containing white rice with two fried meat dishes and one meat dish,Grains and staples,Rice-based dishes,100%,1 plate(s) = 613g,-,Derived,2026,Per 100g,Per Serving (613g),202,1238,13.01,79.75,10,61.3,3.39,20.78,0.04,0.25,14.61,89.56,2.21,13.55,-,-,1.13,6.93,315,1931,134,821,16,98,1.1,6.74,38.67,237.05,-,-,1.53,9.38,3.84,23.54,3.91,23.97,-,-,0.6,3.68,0.71,4.35,Trace,Trace,Trace,Trace,0.88,5.39,Trace,Trace,-,-,0,0,-,-,-,-,-,-,-,-,-,-,-,-,-,-,0,0,-,-,-,-,-,-,-,-,-,-,-,-
Grains and staples,Economic rice (3 meats),Mixed rice dish containing white rice with three meat dishes,Grains and staples,Rice-based dishes,100%,1 plate(s) = 689g,-,Derived,2026,Per 100g,Per Serving (689g),148,1020,11.31,77.93,6.08,41.89,1.87,12.88,0.03,0.21,11.68,80.48,1.32,9.09,-,-,1.13,7.79,340,2343,97,668,11,76,0.68,4.69,49.81,343.19,-,-,1.05,7.23,2.25,15.5,Trace,Trace,-,-,0.36,2.48,0.53,3.65,Trace,Trace,Trace,Trace,0.41,2.82,Trace,Trace,-,-,0,0,-,-,-,-,-,-,-,-,-,-,-,-,-,-,0,0,-,-,-,-,-,-,-,-,-,-,-,-
Grains and staples,"Economic rice (3 vegetables, 1 fried meat)",Mixed rice dish containing white rice with three vegetable dishes and one fried meat dish,Grains and staples,Rice-based dishes,100%,1 plate(s) = 895g,-,Derived,2026,Per 100g,Per Serving (895g),131,1172,5.06,45.29,7.09,63.46,2.72,24.34,0.05,0.45,11.38,101.85,1.25,11.19,-,-,1.89,16.92,290,2596,165,1477,39,349,0.93,8.32,59.81,535.3,-,-,0.92,8.23,2.49,22.29,1.34,11.99,-,-,0.39,3.49,0.58,5.19,Trace,Trace,Trace,Trace,0.29,2.6,Trace,Trace,-,-,0,0,-,-,-,-,-,-,-,-,-,-,-,-,-,-,0,0,-,-,-,-,-,-,-,-,-,-,-,-
Grains and staples,Economic rice (3 vegetables),Mixed rice dish containing white rice with three vegetable dishes,Grains and staples,Rice-based dishes,100%,1 plate(s) = 770g,-,Derived,2026,Per 100g,Per Serving (770g),105,809,2.62,20.17,5.19,39.96,2.09,16.09,0.04,0.31,11.6,89.32,0.78,6.01,-,-,1.95,15.02,262,2017,152,1170,41,316,0.76,5.85,61.55,473.93,-,-,0.62,4.77,1.7,13.09,Trace,Trace,-,-,0.27,2.08,0.47,3.62,Trace,Trace,Trace,Trace,0.04,0.31,Trace,Trace,-,-,0,0,-,-,-,-,-,-,-,-,-,-,-,-,-,-,0,0,-,-,-,-,-,-,-,-,-,-,-,-
Grains and staples,"Economic rice (3 vegetables, 1 meat)",Mixed rice dish containing white rice with three vegetable dishes and one meat dish,Grains and staples,Rice-based dishes,100%,1 plate(s) = 933g,-,Derived,2026,Per 100g,Per Serving (933g),114,1064,4.76,44.41,5.76,53.74,2.19,20.43,0.04,0.37,10.43,97.31,0.96,8.96,-,-,1.86,17.35,300,2799,150,1400,36,336,0.78,7.28,63.06,588.35,-,-,0.77,7.18,1.96,18.29,Trace,Trace,-,-,0.31,2.89,0.51,4.76,Trace,Trace,Trace,Trace,0.14,1.31,Trace,Trace,-,-,0,0,-,-,-,-,-,-,-,-,-,-,-,-,-,-,0,0,-,-,-,-,-,-,-,-,-,-,-,-
Grains and staples,Egg fried rice,Stir-fried egg fried rice with spring onions and seasonings,Grains and staples,Rice-based dishes,100%,1 plate(s) = 303g,-,Lab Analysis,2023,Per 100g,Per Serving (303g),217,658,6.95,21.06,8.71,26.39,3.66,11.09,-,-,27.64,83.75,0,0,-,-,0.51,1.55,323,979,-,-,-,-,-,-,-,-,-,-,-,-,-,-,-,-,-,-,-,-,-,-,-,-,-,-,-,-,-,-,-,-,-,-,-,-,-,-,-,-,-,-,-,-,-,-,-,-,-,-,-,-,-,-,-,-,-,-,-,-,-,-
Grains and staples,Egg fried rice with chicken chop,Egg fried rice served with grilled or fried boneless chicken,Grains and staples,Rice-based dishes,100%,1 plate(s) = 477g,-,Derived,2026,Per 100g,Per Serving (477g),213,1016,12.65,60.34,9.76,46.56,3.74,17.84,0,0,18.58,88.63,0,0,-,-,0.58,2.77,340,1622,94,448,4,19,0.3,1.43,21.36,101.89,-,-,-,-,-,-,-,-,-,-,0,0,0,0,0,0,0,0,0,0,0,0,-,-,-,-,-,-,-,-,-,-,-,-,-,-,-,-,-,-,-,-,-,-,-,-,-,-,-,-,-,-,-,-
Grains and staples,Egg fried rice with pork chop,Egg fried rice served with grilled or fried boneless pork,Grains and staples,Rice-based dishes,100%,1 plate(s) = 431g,-,Derived,2026,Per 100g,Per Serving (431g),200,862,12.04,51.89,7.84,33.79,3.3,14.22,-,-,20.39,87.88,0,0,-,-,0.5,2.16,393,1694,-,-,-,-,-,-,-,-,-,-,-,-,-,-,-,-,-,-,-,-,-,-,-,-,-,-,-,-,-,-,-,-,-,-,-,-,-,-,-,-,-,-,-,-,-,-,-,-,-,-,-,-,-,-,-,-,-,-,-,-,-,-
Grains and staples,Fried carrot cake (black),"Carrot cake with egg and dark sweet sauce, mashed and fried",Grains and staples,Rice-based dishes,100%,1 plate(s) = 331g,-,Lab Analysis,2025,Per 100g,Per Serving (331g),183,606,3.8,12.58,8.1,26.81,2.72,9,0.02,0.07,23.55,77.95,5.25,17.38,-,-,2.8,9.27,542,1794,59,195,37,122,0.99,3.28,62.6,207.21,-,-,1.23,4.07,3.6,11.92,12.5,41.38,-,-,1.1,3.64,0.6,1.99,Trace,Trace,Trace,Trace,3.55,11.75,Trace,Trace,-,-,-,-,-,-,-,-,-,-,-,-,-,-,-,-,-,-,-,-,-,-,-,-,-,-,-,-,-,-,-,-
Grains and staples,Fried carrot cake (white),Carrot rice cake stir-fried with egg and preserved radish,Grains and staples,Rice-based dishes,100%,1 plate(s) = 321g,-,Lab Analysis,2025,Per 100g,Per Serving (321g),149,478,3.48,11.17,7.2,23.11,2.27,7.29,0.02,0.06,17.5,56.18,0.2,0.64,-,-,2.18,7,490,1573,45,144,16,51,0.63,2.02,69.45,222.93,-,-,0.99,3.18,2.93,9.41,11,35.31,-,-,0.2,0.64,Trace,Trace,Trace,Trace,Trace,Trace,Trace,Trace,Trace,Trace,-,-,-,-,-,-,-,-,-,-,-,-,-,-,-,-,-,-,-,-,-,-,-,-,-,-,-,-,-,-,-,-
Grains and staples,Fried fish and beef bento,Japanese-style fried fish and stir-fried beef with rice,Grains and staples,Rice-based dishes,100%,1 set(s) = 339g,-,Derived,2026,Per 100g,Per Serving (339g),188,637,8.08,27.39,7.14,24.2,2.87,9.73,0.15,0.51,22.36,75.8,0.7,2.37,-,-,0.9,3.05,170,576,60,203,14,47,0.46,1.56,21.03,71.29,-,-,0.68,2.31,2.91,9.86,Trace,Trace,-,-,0.25,0.85,0.21,0.71,0.21,0.71,Trace,Trace,Trace,Trace,Trace,Trace,-,-,0,0,-,-,-,-,-,-,-,-,-,-,-,-,-,-,0,0,-,-,-,-,-,-,-,-,-,-,-,-
Grains and staples,Fried fish porridge,Deep-fried sliced fish pieces with rice porridge,Grains and staples,Rice-based dishes,100%,1 bowl(s) = 660g,-,Lab Analysis,2018,Per 100g,Per Serving (660g),69,455,4.49,29.63,2.3,15.18,1.04,6.86,0.01,0.07,7.5,49.5,1,6.6,-,-,0.49,3.23,342,2257,-,-,11,73,0.18,1.19,-,-,-,-,0.32,2.11,0.92,6.07,-,-,-,-,-,-,-,-,-,-,-,-,-,-,-,-,-,-,1.58,10.43,-,-,-,-,-,-,-,-,-,-,-,-,-,-,0,0,-,-,-,-,-,-,-,-,-,-,-,-
Grains and staples,Glutinous rice in lotus leaf,"Glutinous rice stuffed with lap cheong slices and diced char siew, wrapped with lotus leaves, steamed",Grains and staples,Rice-based dishes,97.22%,1 scoop(s) (serving spoon) = 317g,-,Lab Analysis,2025,Per 100g,Per Serving (317g),188,579,8.03,24.75,6.15,18.95,2.01,6.19,0.02,0.06,24.95,76.89,3.45,10.63,-,-,0.85,2.62,468,1442,72,222,9,28,0.69,2.13,59.4,183.06,-,-,1,3.08,2.27,7,Trace,Trace,-,-,0.3,0.92,0.2,0.62,Trace,Trace,Trace,Trace,3,9.25,Trace,Trace,-,-,-,-,-,-,-,-,-,-,-,-,-,-,-,-,-,-,-,-,-,-,-,-,-,-,-,-,-,-,-,-
Grains and staples,Kee chang,"Glutinous rice wrapped in leaves, steamed",Grains and staples,Rice-based dishes,100%,1 whole = 96g,-,Lab Analysis,2010,Per 100g,Per Serving (96g),171,164,2.8,2.69,0.4,0.38,Trace,Trace,-,-,38.95,37.39,7.66,7.35,-,-,0.3,0.29,172,165,-,-,6,6,0.4,0.38,-,-,-,-,Trace,Trace,Trace,Trace,-,-,-,-,-,-,-,-,-,-,-,-,-,-,-,-,-,-,0,0,-,-,-,-,-,-,-,-,-,-,-,-,-,-,0,0,-,-,-,-,-,-,-,-,-,-,-,-
Grains and staples,Ketupat,Malay-style rice dumpling,Grains and staples,Rice-based dishes,100%,1 whole = 95g,-,Lab Analysis,2010,Per 100g,Per Serving (95g),92,87,2.3,2.19,0,0,0,0,-,-,20.8,19.76,-,-,-,-,1,0.95,4,4,-,-,4,4,0.2,0.19,-,-,-,-,0,0,0,0,-,-,-,-,-,-,-,-,-,-,-,-,-,-,-,-,-,-,Trace,Trace,-,-,-,-,-,-,-,-,-,-,-,-,-,-,-,-,-,-,-,-,-,-,-,-,-,-,-,-
Grains and staples,Korean beef bulgogi (with rice),"Marinated grilled beef in sweet-savoury sauce, served with rice",Grains and staples,Rice-based dishes,100%,1 set(s) = 561g,-,Derived,2026,Per 100g,Per Serving (561g),189,1060,7.31,41.01,10.55,59.19,4.3,24.12,0.58,3.25,16.26,91.22,2.24,12.57,-,-,1.98,11.11,351,1969,151,847,20,112,Trace,Trace,62.66,351.52,-,-,0.69,3.87,4.98,27.94,-,-,-,-,Trace,Trace,1.13,6.34,1.12,6.28,Trace,Trace,Trace,Trace,Trace,Trace,-,-,-,-,-,-,-,-,-,-,-,-,-,-,-,-,-,-,-,-,-,-,-,-,-,-,-,-,-,-,-,-
Grains and staples,Korean gimbap (chicken),Seaweed rice rolls filled with seasoned chicken and vegetables,Grains and staples,Rice-based dishes,100%,1 roll(s) = 275g,-,Lab Analysis,2018,Per 100g,Per Serving (275g),128,352,6.6,18.15,3.31,9.1,0.92,2.53,0.01,0.03,18,49.5,3,8.25,-,-,1.6,4.4,463,1273,-,-,22,61,0.76,2.09,-,-,-,-,1.05,2.89,1.33,3.66,-,-,-,-,-,-,-,-,-,-,-,-,-,-,-,-,-,-,66.8,183.7,-,-,-,-,-,-,-,-,-,-,-,-,-,-,0,0,-,-,-,-,-,-,-,-,-,-,-,-
Grains and staples,Korean spicy chicken (with rice),Korean-style spicy marinated chicken served with white rice,Grains and staples,Rice-based dishes,100%,1 set(s) = 564g,-,Derived,2026,Per 100g,Per Serving (564g),157,885,10.7,60.35,5.27,29.72,1.78,10.04,Trace,Trace,16.13,90.97,2.74,15.45,-,-,1.33,7.5,232,1308,131,739,13,73,0.69,3.89,33.32,187.92,-,-,1.29,7.28,2.05,11.56,-,-,-,-,0.62,3.5,0.56,3.16,0.59,3.33,Trace,Trace,0.94,5.3,Trace,Trace,-,-,0,0,-,-,-,-,-,-,-,-,-,-,-,-,-,-,0,0,-,-,-,-,-,-,-,-,-,-,-,-
Grains and staples,Lemon rice,"South Indian dish with rice, lemon juice, peanuts, and spices like mustard seeds and curry leaves",Grains and staples,Rice-based dishes,100%,1 bowl(s) = 200g,-,Lab Analysis,2024,Per 100g,Per Serving (200g),138,276,2.95,5.9,4.71,9.42,1.4,2.8,-,-,20.82,41.64,0,0,-,-,1.48,2.96,484,968,-,-,-,-,-,-,-,-,-,-,-,-,-,-,-,-,-,-,-,-,-,-,-,-,-,-,-,-,-,-,-,-,-,-,-,-,-,-,-,-,-,-,-,-,-,-,-,-,-,-,-,-,-,-,-,-,-,-,-,-,-,-
Grains and staples,Lontong goreng,Compressed rice cake fried with minced meat and chilli,Grains and staples,Rice-based dishes,100%,1 scoop(s) (serving spoon) = 100g,-,Lab Analysis,2010,Per 100g,Per Serving (100g),149,149,7.25,7.25,8.09,8.09,3.41,3.41,-,-,11.85,11.85,3.32,3.32,-,-,1.52,1.52,352,352,-,-,65,65,2.68,2.68,-,-,-,-,0.82,0.82,3.5,3.5,-,-,-,-,-,-,-,-,-,-,-,-,-,-,-,-,-,-,61.32,61.32,-,-,-,-,-,-,-,-,-,-,-,-,-,-,Trace,Trace,-,-,-,-,-,-,-,-,-,-,-,-
Grains and staples,Lor mai kai (chicken),"Glutinous rice steamed with chicken, black mushroom and chinese sausage",Grains and staples,Rice-based dishes,100%,1 plate(s) = 233g,-,Lab Analysis,2026,Per 100g,Per Serving (233g),195,454,8.25,19.22,7.55,17.59,2.6,6.06,0,0,23.51,54.78,0.4,0.93,-,-,0.95,2.21,485,1130,77,179,9,21,0.66,1.54,58.2,135.61,-,-,-,-,-,-,-,-,-,-,0,0,0,0,0,0,0.4,0.93,0,0,0,0,-,-,-,-,-,-,-,-,-,-,-,-,-,-,-,-,-,-,-,-,-,-,-,-,-,-,-,-,-,-,-,-
Grains and staples,Lor mai kai (pork),"Glutinous rice steamed with pork, black mushroom and chinese sausage",Grains and staples,Rice-based dishes,100%,1 scoop(s) (serving spoon) = 100g,-,Lab Analysis,2010,Per 100g,Per Serving (100g),232,232,11,11,10.55,10.55,3.28,3.28,-,-,23.15,23.15,3.68,3.68,-,-,1.5,1.5,522,522,-,-,53,53,0.95,0.95,-,-,-,-,2.83,2.83,3.98,3.98,-,-,-,-,-,-,-,-,-,-,-,-,-,-,-,-,-,-,8.7,8.7,-,-,-,-,-,-,-,-,-,-,-,-,-,-,0,0,-,-,-,-,-,-,-,-,-,-,-,-
Grains and staples,Minced pork porridge,"Rice porridge with minced pork, garnished with spring onion and fried dough fritter",Grains and staples,Rice-based dishes,100%,1 bowl(s) = 593g,-,Lab Analysis,2025,Per 100g,Per Serving (593g),60,356,2.4,14.23,2.1,12.45,0.68,4.03,0.01,0.06,8,47.44,Trace,Trace,-,-,Trace,Trace,266,1577,28,166,4,24,Trace,Trace,86.9,515.32,-,-,0.33,1.96,0.77,4.57,Trace,Trace,-,-,Trace,Trace,Trace,Trace,Trace,Trace,Trace,Trace,Trace,Trace,Trace,Trace,-,-,-,-,-,-,-,-,-,-,-,-,-,-,-,-,-,-,-,-,-,-,-,-,-,-,-,-,-,-,-,-
Grains and staples,Mushroom risotto,"Creamy Italian rice dish cooked with mushrooms, white wine and parmesan cheese",Grains and staples,Rice-based dishes,100%,1 plate(s) = 419g,-,Lab Analysis,2018,Per 100g,Per Serving (419g),185,775,4.6,19.27,11.78,49.36,6.35,26.61,0.01,0.04,15.2,63.69,0.9,3.77,-,-,0.9,3.77,307,1286,-,-,87,365,0.56,2.35,-,-,-,-,1.74,7.29,3.67,15.38,-,-,-,-,-,-,-,-,-,-,-,-,-,-,-,-,-,-,54.65,228.98,-,-,-,-,-,-,-,-,-,-,-,-,-,-,0,0,-,-,-,-,-,-,-,-,-,-,-,-
Grains and staples,Nasi briyani (chicken),"Rice cooked with ghee and spices, served with curry chicken",Grains and staples,Rice-based dishes,93.54%,1 plate(s) = 759g,-,Lab Analysis,2025,Per 100g,Per Serving (759g),155,1100,7.13,50.62,6.9,48.99,2.45,17.39,0.11,0.78,15.9,112.89,0.5,3.55,-,-,2.07,14.7,392,2783,143,1015,24,170,0.64,4.54,68.6,487.04,-,-,0.96,6.82,2.63,18.67,Trace,Trace,-,-,Trace,Trace,0.5,3.55,Trace,Trace,Trace,Trace,Trace,Trace,Trace,Trace,-,-,-,-,-,-,-,-,-,-,-,-,-,-,-,-,-,-,-,-,-,-,-,-,-,-,-,-,-,-,-,-
Grains and staples,Nasi briyani (fish or prawn),"Rice cooked with ghee and spices, served with choice of prawn or fish",Grains and staples,Rice-based dishes,100%,1 plate(s) = 587g,-,Lab Analysis,2023,Per 100g,Per Serving (587g),147,863,6.61,38.8,5.55,32.58,2.7,15.85,-,-,17.54,102.96,0.58,3.4,-,-,1.16,6.81,417,2448,-,-,-,-,-,-,-,-,-,-,-,-,-,-,-,-,-,-,-,-,-,-,-,-,-,-,-,-,-,-,-,-,-,-,-,-,-,-,-,-,-,-,-,-,-,-,-,-,-,-,-,-,-,-,-,-,-,-,-,-,-,-
Grains and staples,Nasi briyani (mutton),"Rice cooked with ghee and spices, served with spicy mutton",Grains and staples,Rice-based dishes,92.40%,1 plate(s) = 724g,-,Lab Analysis,2025,Per 100g,Per Serving (724g),181,1211,6.72,44.96,8.3,55.53,3.27,21.88,0.27,1.81,19.8,132.46,0.65,4.35,-,-,2.25,15.05,460,3077,149,997,27,181,0.88,5.89,63.4,424.13,-,-,0.86,5.75,3.01,20.14,Trace,Trace,-,-,Trace,Trace,0.5,3.34,0.15,1,Trace,Trace,Trace,Trace,Trace,Trace,-,-,-,-,-,-,-,-,-,-,-,-,-,-,-,-,-,-,-,-,-,-,-,-,-,-,-,-,-,-,-,-
Grains and staples,Nasi briyani (vegetable),"Rice cooked with fried carrot, french bean, pea,corn, onion, tomato, cinnamon, cardimon, star anise and ghee",Grains and staples,Rice-based dishes,100%,1 plate(s) = 518g,-,Lab Analysis,2023,Per 100g,Per Serving (518g),129,668,3.86,19.99,4.15,21.5,1.98,10.26,-,-,19.14,99.15,0.51,2.64,-,-,1.42,7.36,339,1756,-,-,-,-,-,-,-,-,-,-,-,-,-,-,-,-,-,-,-,-,-,-,-,-,-,-,-,-,-,-,-,-,-,-,-,-,-,-,-,-,-,-,-,-,-,-,-,-,-,-,-,-,-,-,-,-,-,-,-,-,-,-
Grains and staples,Nasi goreng,"Malay-style stir-fried rice with eggs, mixed vegetables, tomato sauce and cucumber",Grains and staples,Rice-based dishes,100%,1 plate(s) = 485g,-,Lab Analysis,2025,Per 100g,Per Serving (485g),156,757,4.91,23.81,6.9,33.47,2.55,12.37,0.03,0.15,18.45,89.48,Trace,Trace,-,-,1.39,6.74,442,2144,92,446,23,112,0.87,4.22,68.15,330.53,-,-,0.84,4.07,2.74,13.29,12,58.2,-,-,Trace,Trace,Trace,Trace,Trace,Trace,Trace,Trace,Trace,Trace,Trace,Trace,-,-,-,-,-,-,-,-,-,-,-,-,-,-,-,-,-,-,-,-,-,-,-,-,-,-,-,-,-,-,-,-
Grains and staples,Nasi kunyit,Malay-style glutinous rice cooked in coconut milk and tumeric,Grains and staples,Rice-based dishes,100%,1 scoop(s) (serving spoon) = 100g,-,Lab Analysis,2010,Per 100g,Per Serving (100g),151,151,3,3,1.32,1.32,0.69,0.69,-,-,31.69,31.69,0.29,0.29,-,-,0.14,0.14,235,235,-,-,67,67,0.35,0.35,-,-,-,-,0.16,0.16,0.39,0.39,-,-,-,-,-,-,-,-,-,-,-,-,-,-,-,-,-,-,33.23,33.23,-,-,-,-,-,-,-,-,-,-,-,-,-,-,Trace,Trace,-,-,-,-,-,-,-,-,-,-,-,-
Grains and staples,Nasi lemak (chicken cutlet set),"Coconut rice with fried chicken cutlet, fried egg, ikan bilis and peanuts, served with sambal",Grains and staples,Rice-based dishes,100%,1 plate(s) = 399g,-,Derived,2026,Per 100g,Per Serving (399g),231,922,10,39.9,11.22,44.77,3.89,15.52,0.03,0.12,22.43,89.5,1.97,7.86,-,-,1.91,7.62,443,1768,165,658,36,144,0.79,3.15,54.64,218.01,-,-,1.88,7.5,3.84,15.32,31.39,125.25,-,-,0.09,0.36,0.1,0.4,Trace,Trace,Trace,Trace,1.77,7.06,Trace,Trace,-,-,-,-,-,-,-,-,-,-,-,-,-,-,-,-,-,-,-,-,-,-,-,-,-,-,-,-,-,-,-,-
Grains and staples,Nasi lemak (chicken wing and chicken cutlet set),"Coconut rice with fried chicken wing, fried chicken cutlet, fried egg, ikan bilis and peanuts, served with sambal",Grains and staples,Rice-based dishes,94.15%,1 plate(s) = 496g,-,Derived,2026,Per 100g,Per Serving (496g),237,1107,11.77,54.96,12.09,56.46,4.07,19.01,0.03,0.14,20.19,94.28,1.68,7.85,-,-,1.82,8.5,421,1966,168,785,35,163,0.81,3.78,54.27,253.43,-,-,2.09,9.76,4.21,19.66,28.56,133.37,-,-,0.08,0.37,0.09,0.42,Trace,Trace,Trace,Trace,1.51,7.05,Trace,Trace,-,-,-,-,-,-,-,-,-,-,-,-,-,-,-,-,-,-,-,-,-,-,-,-,-,-,-,-,-,-,-,-
Grains and staples,Nasi lemak (chicken wing set),"Coconut rice with fried chicken wing, fried egg, ikan bilis and peanuts, served with sambal",Grains and staples,Rice-based dishes,92.93%,1 plate(s) = 410g,-,Derived,2026,Per 100g,Per Serving (410g),218,831,9.58,36.5,9.81,37.38,3.47,13.22,0.02,0.08,22.84,87.02,2.06,7.85,-,-,1.97,7.51,415,1581,141,537,40,152,0.75,2.86,56.15,213.94,-,-,1.65,6.29,3.25,12.38,25.42,96.85,-,-,0.1,0.38,0.11,0.42,Trace,Trace,Trace,Trace,1.86,7.09,Trace,Trace,-,-,-,-,-,-,-,-,-,-,-,-,-,-,-,-,-,-,-,-,-,-,-,-,-,-,-,-,-,-,-,-
Grains and staples,"Nasi lemak (egg, ikan bilis, peanut set)","Coconut rice with egg, ikan bilis and peanuts, served with sambal",Grains and staples,Rice-based dishes,100%,1 plate(s) = 313g,-,Derived,2026,Per 100g,Per Serving (313g),206,645,6.85,21.44,8.2,25.67,3.11,9.73,0.01,0.03,26.27,82.23,2.51,7.86,-,-,2.11,6.6,442,1383,131,410,42,131,0.71,2.22,57.02,178.47,-,-,1.29,4.04,2.57,8.04,28.33,88.67,-,-,0.12,0.38,0.13,0.41,Trace,Trace,Trace,Trace,2.26,7.07,Trace,Trace,-,-,-,-,-,-,-,-,-,-,-,-,-,-,-,-,-,-,-,-,-,-,-,-,-,-,-,-,-,-,-,-
Grains and staples,Nasi lemak (fish set),"Coconut rice with fish, fried egg, ikan bilis and peanuts, served with sambal",Grains and staples,Rice-based dishes,95.99%,1 plate(s) = 349g,-,Derived,2026,Per 100g,Per Serving (349g),211,707,8.53,28.58,8.72,29.21,3.29,11.02,0.02,0.07,24.55,82.24,2.34,7.84,-,-,1.97,6.6,460,1541,138,462,56,188,0.73,2.45,56.45,189.11,-,-,1.38,4.62,2.75,9.21,85.74,287.23,-,-,0.11,0.37,0.12,0.4,Trace,Trace,Trace,Trace,2.11,7.07,Trace,Trace,-,-,-,-,-,-,-,-,-,-,-,-,-,-,-,-,-,-,-,-,-,-,-,-,-,-,-,-,-,-,-,-
Grains and staples,Nasi lemak (rice only),Long grain rice cooked with coconut milk,Grains and staples,Rice-based dishes,100%,1 plate(s) = 214g,-,Lab Analysis,2025,Per 100g,Per Serving (214g),171,366,3.36,7.19,3.35,7.17,1.97,4.22,Trace,Trace,31.85,68.16,Trace,Trace,-,-,1.32,2.82,367,785,77,165,7,15,Trace,Trace,60.2,128.83,-,-,0.26,0.56,0.61,1.31,Trace,Trace,-,-,Trace,Trace,Trace,Trace,Trace,Trace,Trace,Trace,Trace,Trace,Trace,Trace,-,-,-,-,-,-,-,-,-,-,-,-,-,-,-,-,-,-,-,-,-,-,-,-,-,-,-,-,-,-,-,-
Grains and staples,Nasi minyak,Fragrant Malay-style rice cooked with ghee or butter,Grains and staples,Rice-based dishes,100%,1 plate(s) = 245g,-,Lab Analysis,2010,Per 100g,Per Serving (245g),188,461,2.9,7.11,4.1,10.04,-,-,-,-,35,85.75,-,-,-,-,0.9,2.21,103,252,-,-,8,20,0.1,0.25,-,-,-,-,-,-,-,-,-,-,-,-,-,-,-,-,-,-,-,-,-,-,-,-,-,-,49,120.05,-,-,-,-,-,-,-,-,-,-,-,-,-,-,0,0,-,-,-,-,-,-,-,-,-,-,-,-
Grains and staples,Nasi padang (assam pedas),Malay-style spicy sour fish curry served with rice,Grains and staples,Rice-based dishes,100%,1 plate(s) = 671g,-,Lab Analysis,2023,Per 100g,Per Serving (671g),165,1107,8.85,59.38,7.31,49.05,2.57,17.24,-,-,16.74,112.33,0.8,5.37,-,-,2.06,13.82,349,2342,-,-,-,-,-,-,-,-,-,-,-,-,-,-,-,-,-,-,-,-,-,-,-,-,-,-,-,-,-,-,-,-,-,-,-,-,-,-,-,-,-,-,-,-,-,-,-,-,-,-,-,-,-,-,-,-,-,-,-,-,-,-
Grains and staples,Nasi padang (beef set),Malay-style spiced beef served with rice,Grains and staples,Rice-based dishes,100%,1 plate(s) = 544g,-,Lab Analysis,2023,Per 100g,Per Serving (544g),189,1028,11.79,64.14,8.13,44.23,3.22,17.52,-,-,17.88,97.27,1.1,5.98,-,-,2.24,12.19,280,1523,-,-,-,-,-,-,-,-,-,-,-,-,-,-,-,-,-,-,-,-,-,-,-,-,-,-,-,-,-,-,-,-,-,-,-,-,-,-,-,-,-,-,-,-,-,-,-,-,-,-,-,-,-,-,-,-,-,-,-,-,-,-
Grains and staples,Nasi padang (chicken set),Malay-style spiced chicken served with rice,Grains and staples,Rice-based dishes,100%,1 plate(s) = 797g,-,Lab Analysis,2023,Per 100g,Per Serving (797g),181,1443,13.64,108.71,8.6,68.54,3.04,24.23,-,-,13.06,104.09,1.35,10.76,-,-,1.73,13.79,330,2630,-,-,-,-,-,-,-,-,-,-,-,-,-,-,-,-,-,-,-,-,-,-,-,-,-,-,-,-,-,-,-,-,-,-,-,-,-,-,-,-,-,-,-,-,-,-,-,-,-,-,-,-,-,-,-,-,-,-,-,-,-,-
Grains and staples,Nasi padang (sambal goreng),"Malay-style spicy stir-fried tempeh, long beans and tofu served with rice",Grains and staples,Rice-based dishes,100%,1 plate(s) = 469g,-,Lab Analysis,2023,Per 100g,Per Serving (469g),175,821,6.37,29.88,7.57,35.5,2.39,11.21,-,-,21.85,102.48,1.28,6,-,-,3.13,14.68,240,1126,-,-,-,-,-,-,-,-,-,-,-,-,-,-,-,-,-,-,-,-,-,-,-,-,-,-,-,-,-,-,-,-,-,-,-,-,-,-,-,-,-,-,-,-,-,-,-,-,-,-,-,-,-,-,-,-,-,-,-,-,-,-
Grains and staples,Nasi pattaya,"Malay-style fried rice with chilli, mutton, prawn, pea, cucumber and mixed vegetable, wrapped in egg omelette",Grains and staples,Rice-based dishes,100%,1 plate(s) = 383g,-,Lab Analysis,2010,Per 100g,Per Serving (383g),210,804,6.9,26.43,11,42.13,4.32,16.55,-,-,20.9,80.05,2.1,8.04,-,-,1.1,4.21,636,2436,-,-,29,111,1.2,4.6,-,-,-,-,1.43,5.48,4.76,18.23,-,-,-,-,-,-,-,-,-,-,-,-,-,-,-,-,-,-,48,183.84,-,-,-,-,-,-,-,-,-,-,-,-,-,-,0.1,0.38,-,-,-,-,-,-,-,-,-,-,-,-
Grains and staples,Nasi rawon,Indonesian-style chicken/beef rendang with rice,Grains and staples,Rice-based dishes,100%,1 plate(s) = 426g,-,Lab Analysis,2010,Per 100g,Per Serving (426g),169,720,6.3,26.84,6.9,29.39,2.99,12.74,-,-,20.5,87.33,1.6,6.82,-,-,1.8,7.67,264,1125,-,-,19,81,0.8,3.41,-,-,-,-,0.86,3.66,2.76,11.76,-,-,-,-,-,-,-,-,-,-,-,-,-,-,-,-,-,-,21,89.46,-,-,-,-,-,-,-,-,-,-,-,-,-,-,0,0,-,-,-,-,-,-,-,-,-,-,-,-
Grains and staples,Nasi tomato,Malay-style rice cooked with tomato sauce and evaporated milk,Grains and staples,Rice-based dishes,100%,1 plate(s) = 267g,-,Lab Analysis,2010,Per 100g,Per Serving (267g),185,494,4.13,11.03,4.87,13,2.01,5.37,-,-,31.22,83.36,5.63,15.03,-,-,1.3,3.47,396,1057,-,-,67,179,0.47,1.25,-,-,-,-,0.63,1.68,2.01,5.37,-,-,-,-,-,-,-,-,-,-,-,-,-,-,-,-,-,-,83.6,223.21,-,-,-,-,-,-,-,-,-,-,-,-,-,-,Trace,Trace,-,-,-,-,-,-,-,-,-,-,-,-
Grains and staples,Peanut and pork porridge,Rice porridge boiled with braised peanut and minced pork,Grains and staples,Rice-based dishes,100%,1 bowl(s) = 710g,-,Lab Analysis,2026,Per 100g,Per Serving (710g),74,525,3.05,21.66,3.2,22.72,1,7.1,0,0,8.21,58.29,0.3,2.13,-,-,0.5,3.55,225,1598,36,256,6,43,0.44,3.12,84.3,598.53,-,-,-,-,-,-,-,-,-,-,0,0,0.2,1.42,0,0,0,0,0,0,0.1,0.71,-,-,-,-,-,-,-,-,-,-,-,-,-,-,-,-,-,-,-,-,-,-,-,-,-,-,-,-,-,-,-,-
Grains and staples,Plain fried rice,Rice stir fried with mixed vegetables and basic seasonings,Grains and staples,Rice-based dishes,100%,1 plate(s) = 300g,-,Lab Analysis,2010,Per 100g,Per Serving (300g),162,486,5.88,17.64,6.59,19.77,2.69,8.07,-,-,19.73,59.19,2.38,7.14,-,-,1.42,4.26,599,1797,-,-,40,120,1.4,4.2,-,-,-,-,0.84,2.52,2.77,8.31,-,-,-,-,-,-,-,-,-,-,-,-,-,-,-,-,-,-,48.07,144.21,-,-,-,-,-,-,-,-,-,-,-,-,-,-,Trace,Trace,-,-,-,-,-,-,-,-,-,-,-,-
Grains and staples,Pork katsu curry omurice,"Japanese-style fried rice with pork katsu and curry sauce, wrapped in egg omelette",Grains and staples,Rice-based dishes,100%,1 plate(s) = 611g,-,Lab Analysis,2018,Per 100g,Per Serving (611g),188,1149,8.19,50.04,11.47,70.08,4.96,30.31,0.06,0.37,12.89,78.76,1.19,7.27,-,-,0.7,4.28,357,2181,-,-,27,165,0.82,5.01,-,-,-,-,1.6,9.78,4.85,29.63,-,-,-,-,-,-,-,-,-,-,-,-,-,-,-,-,-,-,33.87,206.95,-,-,-,-,-,-,-,-,-,-,-,-,-,-,0,0,-,-,-,-,-,-,-,-,-,-,-,-
Grains and staples,Pork katsu curry rice,Japanese curry with pork katsu don,Grains and staples,Rice-based dishes,100%,1 plate(s) = 762g,-,Derived,2026,Per 100g,Per Serving (762g),141,1074,6.18,47.09,5.81,44.27,2.45,18.67,0.01,0.08,15.93,121.39,1.34,10.21,-,-,0.85,6.48,298,2271,32,244,14,107,0.56,4.27,17.29,131.75,-,-,0.94,7.16,2.28,17.37,Trace,Trace,-,-,0.11,0.84,0.11,0.84,0.02,0.15,Trace,Trace,0.38,2.9,Trace,Trace,-,-,9.64,73.46,-,-,-,-,-,-,-,-,-,-,-,-,-,-,0,0,-,-,-,-,-,-,-,-,-,-,-,-
Grains and staples,Pork katsu don,"Rice bowl topped with pork cutlet, egg and onions in sweet-savoury sauce",Grains and staples,Rice-based dishes,100%,1 bowl(s) = 599g,-,Lab Analysis,2018,Per 100g,Per Serving (599g),152,910,7.39,44.27,5.98,35.82,2.46,14.74,0,0,17.19,102.97,0.9,5.39,-,-,0.6,3.59,256,1533,-,-,13,78,0.58,3.47,-,-,-,-,1.05,6.29,2.47,14.8,-,-,-,-,-,-,-,-,-,-,-,-,-,-,-,-,-,-,12.3,73.68,-,-,-,-,-,-,-,-,-,-,-,-,-,-,0,0,-,-,-,-,-,-,-,-,-,-,-,-
Grains and staples,Prawn chee cheong fun,Rice noodle rolls filled with prawns,Grains and staples,Rice-based dishes,100%,1 roll(s) = 118g,-,Lab Analysis,2023,Per 100g,Per Serving (118g),116,137,2.87,3.39,3.8,4.48,1.67,1.97,-,-,17.5,20.65,2.16,2.55,-,-,0.77,0.91,356,420,-,-,-,-,-,-,-,-,-,-,-,-,-,-,-,-,-,-,-,-,-,-,-,-,-,-,-,-,-,-,-,-,-,-,-,-,-,-,-,-,-,-,-,-,-,-,-,-,-,-,-,-,-,-,-,-,-,-,-,-,-,-
Grains and staples,Pumpkin rice,Rice cooked with pumpkin pieces,Grains and staples,Rice-based dishes,100%,1 bowl(s) = 238g,-,Lab Analysis,2023,Per 100g,Per Serving (238g),173,412,3.56,8.47,1.75,4.17,0.58,1.38,-,-,36.25,86.27,0.85,2.02,-,-,1.28,3.05,329,783,-,-,-,-,-,-,-,-,-,-,-,-,-,-,-,-,-,-,-,-,-,-,-,-,-,-,-,-,-,-,-,-,-,-,-,-,-,-,-,-,-,-,-,-,-,-,-,-,-,-,-,-,-,-,-,-,-,-,-,-,-,-
Grains and staples,Putu mayam,Thin rice noodles with grated coconut and red sugar,Grains and staples,Rice-based dishes,100%,1 plate(s) = 104g,-,Lab Analysis,2010,Per 100g,Per Serving (104g),188,196,2.2,2.29,3.4,3.54,2.9,3.02,-,-,37.1,38.58,6.5,6.76,-,-,2.8,2.91,290,302,-,-,7,7,0.9,0.94,-,-,-,-,0.1,0.1,0.3,0.31,-,-,-,-,-,-,-,-,-,-,-,-,-,-,-,-,-,-,0,0,-,-,-,-,-,-,-,-,-,-,-,-,-,-,Trace,Trace,-,-,-,-,-,-,-,-,-,-,-,-
Grains and staples,Roasted chicken rice,"Fragrant rice served with roasted chicken, accompanied by cucumber",Grains and staples,Rice-based dishes,99.45%,1 plate(s) = 363g,-,Lab Analysis,2025,Per 100g,Per Serving (363g),178,643,8.22,29.67,5.8,20.94,1.93,6.97,0.01,0.04,23.3,84.11,0.2,0.72,-,-,Trace,Trace,294,1061,125,451,9,32,Trace,Trace,61.65,222.56,-,-,1.11,4.01,2.16,7.8,Trace,Trace,-,-,Trace,Trace,0.2,0.72,Trace,Trace,Trace,Trace,Trace,Trace,Trace,Trace,-,-,-,-,-,-,-,-,-,-,-,-,-,-,-,-,-,-,-,-,-,-,-,-,-,-,-,-,-,-,-,-
Grains and staples,Roasted duck rice,"Roasted duck served with rice, accompanied by cucumber and chilli sauce",Grains and staples,Rice-based dishes,98.05%,1 plate(s) = 411g,-,Lab Analysis,2025,Per 100g,Per Serving (411g),171,689,8.22,33.13,5.15,20.75,1.43,5.76,0.02,0.08,22.85,92.08,Trace,Trace,-,-,0.69,2.78,159,641,99,399,37,149,0.88,3.55,62.9,253.48,-,-,1.07,4.31,1.96,7.9,Trace,Trace,-,-,Trace,Trace,Trace,Trace,Trace,Trace,Trace,Trace,Trace,Trace,Trace,Trace,-,-,-,-,-,-,-,-,-,-,-,-,-,-,-,-,-,-,-,-,-,-,-,-,-,-,-,-,-,-,-,-
Grains and staples,Roasted pork rice,"Roasted pork served with rice, accompanied by cucumber",Grains and staples,Rice-based dishes,100%,1 plate(s) = 363g,-,Lab Analysis,2025,Per 100g,Per Serving (363g),202,733,7.82,28.39,6.6,23.96,2.16,7.84,0.01,0.04,27.8,100.91,Trace,Trace,-,-,0.78,2.83,238,864,120,436,5,18,Trace,Trace,57,206.91,-,-,1.14,4.14,2.61,9.47,Trace,Trace,-,-,Trace,Trace,Trace,Trace,Trace,Trace,Trace,Trace,Trace,Trace,Trace,Trace,-,-,-,-,-,-,-,-,-,-,-,-,-,-,-,-,-,-,-,-,-,-,-,-,-,-,-,-,-,-,-,-
Grains and staples,Saba fish rice set,"Grilled mackerel fish served with rice, lime and kimchi",Grains and staples,Rice-based dishes,94.86%,1 set(s) = 486g,-,Lab Analysis,2025,Per 100g,Per Serving (486g),221,1019,9.63,44.4,8.3,38.26,2.07,9.54,0.06,0.28,26.9,124.01,Trace,Trace,-,-,3.01,13.88,184,848,143,659,27,124,0.52,2.4,54.35,250.56,-,-,1.87,8.62,2.41,11.11,962,4435.01,-,-,Trace,Trace,Trace,Trace,Trace,Trace,Trace,Trace,Trace,Trace,Trace,Trace,-,-,-,-,-,-,-,-,-,-,-,-,-,-,-,-,-,-,-,-,-,-,-,-,-,-,-,-,-,-,-,-
Grains and staples,Salmon don (pan-fried),"Japanese rice bowl topped with pan-fried salmon, egg and seaweed",Grains and staples,Rice-based dishes,100%,1 bowl(s) = 360g,-,Lab Analysis,2025,Per 100g,Per Serving (360g),175,630,7.04,25.34,3.6,12.96,0.86,3.1,0.01,0.04,28.6,102.96,0.2,0.72,-,-,2.74,9.86,195,702,108,389,14,50,Trace,Trace,60.05,216.18,-,-,0.94,3.38,1.51,5.44,157.5,567,-,-,Trace,Trace,Trace,Trace,0.2,0.72,Trace,Trace,Trace,Trace,Trace,Trace,-,-,-,-,-,-,-,-,-,-,-,-,-,-,-,-,-,-,-,-,-,-,-,-,-,-,-,-,-,-,-,-
Grains and staples,Salmon don (raw),Raw salmon slices served on top of rice,Grains and staples,Rice-based dishes,100%,1 bowl(s) = 264g,-,Derived,2026,Per 100g,Per Serving (264g),149,393,6.98,18.43,3.46,9.13,0.74,1.95,-,-,21.36,56.39,0.04,0.11,-,-,0.3,0.79,15,40,88,232,10,26,0.23,0.61,15.73,41.53,-,-,0.94,2.48,0.91,2.4,0.48,1.27,13.33,35.19,-,-,-,-,-,-,-,-,-,-,-,-,-,-,14.06,37.12,14.06,37.12,0,0,0.05,0.13,0.04,0.11,0.16,0.42,0,0,0.78,2.06,0.95,2.51,106.91,282.24,0.86,2.27,0.12,0.32,58,153,5.82,15.36,0.09,0.24
Grains and staples,Salmon maki,Sushi roll with fresh salmon and rice wrapped in nori seaweed,Grains and staples,Rice-based dishes,100%,1 piece(s) = 30g,-,Lab Analysis,2023,Per 100g,Per Serving (30g),163,49,7.38,2.21,2.2,0.66,0.31,0.09,-,-,28.77,8.63,3.19,0.96,-,-,1.13,0.34,363,109,-,-,-,-,-,-,-,-,-,-,-,-,-,-,-,-,-,-,-,-,-,-,-,-,-,-,-,-,-,-,-,-,-,-,-,-,-,-,-,-,-,-,-,-,-,-,-,-,-,-,-,-,-,-,-,-,-,-,-,-,-,-
Grains and staples,Salmon nigiri,Sushi rice topped with fresh salmon,Grains and staples,Rice-based dishes,100%,1 piece(s) = 37g,-,Lab Analysis,2025,Per 100g,Per Serving (37g),188,70,7.6,2.81,5.3,1.96,0.7,0.26,0.02,0.01,27.4,10.14,0.65,0.24,-,-,2.52,0.93,219,81,137,51,4,1,Trace,Trace,58.95,21.81,-,-,1.62,0.6,2.39,0.88,297,109.89,-,-,0.2,0.07,0.5,0.19,0.1,0.04,Trace,Trace,Trace,Trace,Trace,Trace,-,-,-,-,-,-,-,-,-,-,-,-,-,-,-,-,-,-,-,-,-,-,-,-,-,-,-,-,-,-,-,-
Grains and staples,Salmon nigiri (mentaiko),Sushi rice topped with salmon and mentaiko (spicy cod roe),Grains and staples,Rice-based dishes,100%,1 piece(s) = 31g,-,Lab Analysis,2025,Per 100g,Per Serving (31g),222,69,8.19,2.54,9.55,2.96,1.35,0.42,0.03,0.01,25.75,7.98,3.4,1.05,-,-,1.54,0.48,389,121,139,43,6,2,Trace,Trace,55.1,17.08,-,-,3.71,1.15,3.68,1.14,347,107.57,-,-,0.9,0.28,1.7,0.53,0.35,0.11,Trace,Trace,0.5,0.16,Trace,Trace,-,-,-,-,-,-,-,-,-,-,-,-,-,-,-,-,-,-,-,-,-,-,-,-,-,-,-,-,-,-,-,-
Grains and staples,Sayur lodeh with lontong,"Vegetables and dried beancurd in spicy coconut based gravy, served with rice cake and hard boiled egg",Grains and staples,Rice-based dishes,100%,1 bowl(s) = 553g,-,Derived,2026,Per 100g,Per Serving (553g),83,459,2.83,15.65,4.15,22.95,2.09,11.56,Trace,Trace,8.75,48.39,1.49,8.24,-,-,1.51,8.35,265,1465,89,492,25,138,0.43,2.38,83.24,460.32,-,-,0.64,3.54,1,5.53,Trace,Trace,-,-,0.29,1.6,0.64,3.54,Trace,Trace,Trace,Trace,0.6,3.32,Trace,Trace,-,-,-,-,-,-,-,-,-,-,-,-,-,-,-,-,-,-,-,-,-,-,-,-,-,-,-,-,-,-,-,-
Grains and staples,Seafood mui fan,"Rice with prawn, pork, chye sim and squid in egg gravy",Grains and staples,Rice-based dishes,100%,1 plate(s) = 480g,-,Lab Analysis,2010,Per 100g,Per Serving (480g),90,432,4.1,19.68,2,9.6,0.9,4.32,-,-,14,67.2,-,-,-,-,0.5,2.4,208,998,-,-,21,101,0.8,3.84,-,-,-,-,0.3,1.44,0.7,3.36,-,-,-,-,-,-,-,-,-,-,-,-,-,-,-,-,-,-,Trace,Trace,-,-,-,-,-,-,-,-,-,-,-,-,-,-,-,-,-,-,-,-,-,-,-,-,-,-,-,-
Grains and staples,Seafood paella,Spanish rice dish with mixed seafood and saffron,Grains and staples,Rice-based dishes,100%,1 plate(s) = 617g,-,Lab Analysis,2010,Per 100g,Per Serving (617g),111,685,6.1,37.64,3.85,23.75,0.95,5.86,0.01,0.06,13,80.21,Trace,Trace,-,-,2.8,17.28,424,2616,-,-,27,167,2.18,13.45,-,-,-,-,1.03,6.36,1.86,11.48,-,-,-,-,-,-,-,-,-,-,-,-,-,-,-,-,-,-,8.2,50.59,-,-,-,-,-,-,-,-,-,-,-,-,-,-,Trace,Trace,-,-,-,-,-,-,-,-,-,-,-,-
Grains and staples,Sliced fish porridge,Porridge with sliced fish and vegetables,Grains and staples,Rice-based dishes,100%,1 bowl(s) = 692g,-,Lab Analysis,2025,Per 100g,Per Serving (692g),46,318,2.63,18.2,0.8,5.54,0.24,1.66,Trace,Trace,7.15,49.48,Trace,Trace,-,-,Trace,Trace,269,1861,51,353,6,42,Trace,Trace,88.55,612.77,-,-,0.1,0.69,0.28,1.94,16,110.72,-,-,Trace,Trace,Trace,Trace,Trace,Trace,Trace,Trace,Trace,Trace,Trace,Trace,-,-,-,-,-,-,-,-,-,-,-,-,-,-,-,-,-,-,-,-,-,-,-,-,-,-,-,-,-,-,-,-
Grains and staples,Soya sauce chicken rice,Rice served with braised chicken in soy sauce,Grains and staples,Rice-based dishes,100%,1 plate(s) = 310g,-,Lab Analysis,2023,Per 100g,Per Serving (310g),152,471,8.01,24.83,2.24,6.94,0.74,2.29,-,-,25.49,79.02,1.09,3.38,-,-,1.57,4.87,195,605,-,-,-,-,-,-,-,-,-,-,-,-,-,-,-,-,-,-,-,-,-,-,-,-,-,-,-,-,-,-,-,-,-,-,-,-,-,-,-,-,-,-,-,-,-,-,-,-,-,-,-,-,-,-,-,-,-,-,-,-,-,-
Grains and staples,Spicy salmon maki,Sushi roll with spicy raw salmon and rice in nori seaweed,Grains and staples,Rice-based dishes,100%,1 roll(s) = 213g,-,Lab Analysis,2023,Per 100g,Per Serving (213g),204,435,4.6,9.8,7.98,17,1.4,2.98,-,-,30.12,64.16,5.16,10.99,-,-,2.45,5.22,432,920,-,-,-,-,-,-,-,-,-,-,-,-,-,-,-,-,-,-,-,-,-,-,-,-,-,-,-,-,-,-,-,-,-,-,-,-,-,-,-,-,-,-,-,-,-,-,-,-,-,-,-,-,-,-,-,-,-,-,-,-,-,-
Grains and staples,Steamed chicken rice,"Poached chicken meat cooked with ginger slices, green onions, garlic cloves, served with fragrant rice, accompanied by cucumber and chilli",Grains and staples,Rice-based dishes,93.35%,1 plate(s) = 346g,-,Lab Analysis,2025,Per 100g,Per Serving (346g),151,488,5.95,19.22,3.6,11.63,1.34,4.33,0.01,0.03,23.45,75.74,Trace,Trace,-,-,1.57,5.07,380,1227,92,297,5,16,Trace,Trace,65,209.94,-,-,0.61,1.97,1.41,4.55,Trace,Trace,-,-,Trace,Trace,Trace,Trace,Trace,Trace,Trace,Trace,Trace,Trace,Trace,Trace,-,-,-,-,-,-,-,-,-,-,-,-,-,-,-,-,-,-,-,-,-,-,-,-,-,-,-,-,-,-,-,-
Grains and staples,Taiwanese braised pork rice,Taiwanese slow-cooked pork belly with soy sauce and spices over rice,Grains and staples,Rice-based dishes,100%,1 bowl(s) = 372g,-,Derived,2026,Per 100g,Per Serving (372g),191,711,9.45,35.15,8.68,32.29,2.88,10.71,Trace,Trace,18.94,70.46,1.58,5.88,-,-,0.52,1.93,195,725,10,37,10,37,0.37,1.38,6.76,25.15,-,-,0.28,1.04,0.51,1.9,13.3,49.48,-,-,Trace,Trace,Trace,Trace,Trace,Trace,Trace,Trace,Trace,Trace,Trace,Trace,-,-,0,0,-,-,-,-,-,-,-,-,-,-,-,-,-,-,0,0,-,-,-,-,-,-,-,-,-,-,-,-
Grains and staples,Teochew porridge (plain),Plain rice porridge with higher water content and clear broth,Grains and staples,Rice-based dishes,100%,1 bowl(s) = 660g,-,Lab Analysis,2010,Per 100g,Per Serving (660g),38,251,1.2,7.92,0.3,1.98,0,0,-,-,7.7,50.82,0,0,-,-,0.4,2.64,70,462,-,-,2,13,0.2,1.32,-,-,-,-,0,0,0,0,-,-,-,-,-,-,-,-,-,-,-,-,-,-,-,-,-,-,5,33,-,-,-,-,-,-,-,-,-,-,-,-,-,-,0,0,-,-,-,-,-,-,-,-,-,-,-,-
Grains and staples,Teochew porridge (sweet potato),Sweet potato rice porridge with higher water content and clear broth,Grains and staples,Rice-based dishes,100%,1 bowl(s) = 565g,-,Lab Analysis,2025,Per 100g,Per Serving (565g),18,102,0.79,4.46,0.2,1.13,0.02,0.11,Trace,Trace,3.25,18.36,0.15,0.85,-,-,Trace,Trace,Trace,Trace,23,130,3,17,Trace,Trace,95.75,540.99,-,-,0.02,0.11,0.01,0.06,Trace,Trace,-,-,Trace,Trace,Trace,Trace,0.1,0.57,Trace,Trace,0.1,0.57,Trace,Trace,-,-,-,-,-,-,-,-,-,-,-,-,-,-,-,-,-,-,-,-,-,-,-,-,-,-,-,-,-,-,-,-
Grains and staples,Teriyaki chicken don,"Japanese rice bowl topped with grilled boneless chicken chop, egg and onion",Grains and staples,Rice-based dishes,100%,1 bowl(s) = 417g,-,Lab Analysis,2023,Per 100g,Per Serving (417g),168,701,7.69,32.07,3.69,15.39,0.96,4,-,-,25.45,106.13,2.08,8.67,-,-,1.54,6.42,229,955,-,-,-,-,-,-,-,-,-,-,-,-,-,-,-,-,-,-,-,-,-,-,-,-,-,-,-,-,-,-,-,-,-,-,-,-,-,-,-,-,-,-,-,-,-,-,-,-,-,-,-,-,-,-,-,-,-,-,-,-,-,-
Grains and staples,Thai basil beef rice (with egg),"Stir-fried beef with basil, chilli, fried egg and white rice",Grains and staples,Rice-based dishes,100%,1 plate(s) = 386g,-,Derived,2026,Per 100g,Per Serving (386g),143,552,8.22,31.73,4.8,18.53,1.85,7.14,Trace,Trace,16.17,62.42,0.5,1.93,-,-,0.86,3.32,247,953,14,54,17,66,0.85,3.28,6.41,24.74,-,-,0.63,2.43,1.84,7.1,8.01,30.92,-,-,Trace,Trace,Trace,Trace,Trace,Trace,Trace,Trace,Trace,Trace,Trace,Trace,-,-,0,0,-,-,-,-,-,-,-,-,-,-,-,-,-,-,0.37,1.43,-,-,-,-,-,-,-,-,-,-,-,-
Grains and staples,Thai basil pork rice (no egg),"Stir-fried pork with Thai holy basil, chilli and white rice",Grains and staples,Rice-based dishes,100%,1 plate(s) = 331g,-,Derived,2026,Per 100g,Per Serving (331g),145,480,6.76,22.38,4.48,14.83,1.71,5.66,0,0,18.97,62.79,1.45,4.8,-,-,0.78,2.58,227,751,-,-,15,50,0.71,2.35,-,-,-,-,0.77,2.55,1.84,6.09,-,-,-,-,-,-,-,-,-,-,-,-,-,-,-,-,-,-,0,0,-,-,-,-,-,-,-,-,-,-,-,-,-,-,0,0,-,-,-,-,-,-,-,-,-,-,-,-
Grains and staples,Thai basil pork rice (with egg),"Stir-fried pork with basil, chilli, fried egg and white rice",Grains and staples,Rice-based dishes,100%,1 plate(s) = 376g,-,Derived,2026,Per 100g,Per Serving (376g),155,583,7.71,28.99,5.92,22.26,2.14,8.05,Trace,Trace,17.23,64.78,1.29,4.85,-,-,0.83,3.12,228,857,14,53,20,75,0.84,3.16,6.58,24.74,-,-,0.97,3.65,2.36,8.87,8.22,30.91,-,-,Trace,Trace,Trace,Trace,Trace,Trace,Trace,Trace,Trace,Trace,Trace,Trace,-,-,0,0,-,-,-,-,-,-,-,-,-,-,-,-,-,-,0,0,-,-,-,-,-,-,-,-,-,-,-,-
Grains and staples,Thai olive fried rice,Preserved Chinese olives stir fried with rice,Grains and staples,Rice-based dishes,100%,1 plate(s) = 412g,-,Lab Analysis,2010,Per 100g,Per Serving (412g),186,766,4,16.48,6.07,25.01,2.18,8.98,0.06,0.25,28.8,118.66,Trace,Trace,-,-,3.3,13.6,335,1380,-,-,15,62,0.82,3.38,-,-,-,-,1.35,5.56,2.48,10.22,-,-,-,-,-,-,-,-,-,-,-,-,-,-,-,-,-,-,13.1,53.97,-,-,-,-,-,-,-,-,-,-,-,-,-,-,Trace,Trace,-,-,-,-,-,-,-,-,-,-,-,-
Grains and staples,Thunder tea rice,"Rice with a variety of vegetables, nuts and seeds, served with green herbal soup",Grains and staples,Rice-based dishes,100%,1 bowl(s) = 431g,-,Lab Analysis,2026,Per 100g,Per Serving (431g),142,612,5.9,25.43,6.1,26.29,2.1,9.05,0,0,15.85,68.31,0.4,1.72,-,-,1.75,7.54,301,1297,157,677,50,216,1.11,4.78,69,297.39,-,-,-,-,-,-,-,-,-,-,0,0,0.2,0.86,0.2,0.86,0,0,0,0,0,0,-,-,-,-,-,-,-,-,-,-,-,-,-,-,-,-,-,-,-,-,-,-,-,-,-,-,-,-,-,-,-,-
Grains and staples,Unagi don,"Japanese rice topped with grilled eel and pickled radish, served with sweet soya sauce",Grains and staples,Rice-based dishes,100%,1 bowl(s) = 344g,-,Lab Analysis,2010,Per 100g,Per Serving (344g),182,626,6.88,23.67,5.36,18.44,1.78,6.12,-,-,26.53,91.26,1.8,6.19,-,-,1.48,5.09,269,925,-,-,44,151,0.21,0.72,-,-,-,-,0.19,0.65,2.85,9.8,-,-,-,-,-,-,-,-,-,-,-,-,-,-,-,-,-,-,345.5,1188.52,-,-,-,-,-,-,-,-,-,-,-,-,-,-,0.6,2.06,-,-,-,-,-,-,-,-,-,-,-,-
Grains and staples,Vegetarian brown rice porridge,"Porridge made of brown rice with tapioca, gingko, peanut, tofu & red dates",Grains and staples,Rice-based dishes,100%,1 bowl(s) = 660g,-,Lab Analysis,2010,Per 100g,Per Serving (660g),45,297,1.65,10.89,0.83,5.48,0.19,1.25,-,-,7.75,51.15,0,0,-,-,0.94,6.2,232,1531,-,-,6,40,0.19,1.25,-,-,-,-,0.27,1.78,0.25,1.65,-,-,-,-,-,-,-,-,-,-,-,-,-,-,-,-,-,-,0,0,-,-,-,-,-,-,-,-,-,-,-,-,-,-,0,0,-,-,-,-,-,-,-,-,-,-,-,-
Grains and staples,Yam rice,Rice with yam and dried shrimp,Grains and staples,Rice-based dishes,100%,1 bowl(s) = 250g,-,Lab Analysis,2010,Per 100g,Per Serving (250g),147,368,3.3,8.25,1.6,4,0.6,1.5,-,-,29.6,74,-,-,-,-,0.8,2,410,1025,-,-,12,30,0.3,0.75,-,-,-,-,0.2,0.5,0.6,1.5,-,-,-,-,-,-,-,-,-,-,-,-,-,-,-,-,-,-,Trace,Trace,-,-,-,-,-,-,-,-,-,-,-,-,-,-,-,-,-,-,-,-,-,-,-,-,-,-,-,-
Grains and staples,Yang chow fried rice,"Chinese-style fried rice with char siu pork, shrimp, eggs, peas and carrots",Grains and staples,Rice-based dishes,100%,1 plate(s) = 379g,-,Lab Analysis,2023,Per 100g,Per Serving (379g),198,750,7.4,28.05,7.43,28.16,3.36,12.73,-,-,25.29,95.85,0,0,-,-,0.36,1.36,354,1342,-,-,-,-,-,-,-,-,-,-,-,-,-,-,-,-,-,-,-,-,-,-,-,-,-,-,-,-,-,-,-,-,-,-,-,-,-,-,-,-,-,-,-,-,-,-,-,-,-,-,-,-,-,-,-,-,-,-,-,-,-,-
Grains and staples,You tiao chee cheong fun,"Steamed rice noodle rolls wrapped around Chinese fried dough fritters, served with sweet soy sauce and sesame seeds",Grains and staples,Rice-based dishes,100%,1 roll(s) = 67g,-,Lab Analysis,2023,Per 100g,Per Serving (67g),214,143,3.36,2.25,11,7.37,5.2,3.48,-,-,25.44,17.04,2.54,1.7,-,-,0.89,0.6,541,362,-,-,-,-,-,-,-,-,-,-,-,-,-,-,-,-,-,-,-,-,-,-,-,-,-,-,-,-,-,-,-,-,-,-,-,-,-,-,-,-,-,-,-,-,-,-,-,-,-,-,-,-,-,-,-,-,-,-,-,-,-,-
Grains and staples,Steamed chicken rice (rice only),"Fragrant rice cooked with ginger and garlic, from steamed chicken rice",Grains and staples,Rice-based dishes,100%,1 plate(s) = 220g,-,Lab Analysis,2025,Per 100g,Per Serving (220g),176,387,3.41,7.5,3.55,7.81,1.46,3.21,Trace,Trace,32.55,71.61,0.4,0.88,-,-,1.47,3.23,385,847,52,114,4,9,Trace,Trace,58.9,129.58,-,-,0.44,0.97,1.3,2.86,Trace,Trace,-,-,Trace,Trace,0.4,0.88,Trace,Trace,Trace,Trace,Trace,Trace,Trace,Trace,-,-,-,-,-,-,-,-,-,-,-,-,-,-,-,-,-,-,-,-,-,-,-,-,-,-,-,-,-,-,-,-
Grains and staples,Braised duck rice set (rice only),"Steamed white rice, from braised duck rice set (with egg and tau kwa)",Grains and staples,Rice-based dishes,100%,1 plate(s) = 256g,-,Lab Analysis,2025,Per 100g,Per Serving (256g),162,415,2.89,7.4,3.5,8.96,1.27,3.25,Trace,Trace,29.65,75.9,0.2,0.51,-,-,1.99,5.09,374,957,83,212,8,20,Trace,Trace,62.75,160.64,-,-,0.61,1.56,1.37,3.51,Trace,Trace,-,-,Trace,Trace,0.2,0.51,Trace,Trace,Trace,Trace,Trace,Trace,Trace,Trace,-,-,-,-,-,-,-,-,-,-,-,-,-,-,-,-,-,-,-,-,-,-,-,-,-,-,-,-,-,-,-,-
Grains and staples,Tuna nigiri,Sushi rice topped with fresh tuna,Grains and staples,Rice-based dishes,100%,1 piece(s) = 30g,-,Lab Analysis,2025,Per 100g,Per Serving (30g),152,46,10.45,3.14,0.95,0.29,0.22,0.07,Trace,Trace,25.4,7.62,Trace,Trace,-,-,2.98,0.89,313,94,164,49,4,1,Trace,Trace,62.1,18.63,-,-,0.16,0.05,0.19,0.06,84,25.2,-,-,Trace,Trace,Trace,Trace,Trace,Trace,Trace,Trace,Trace,Trace,Trace,Trace,-,-,-,-,-,-,-,-,-,-,-,-,-,-,-,-,-,-,-,-,-,-,-,-,-,-,-,-,-,-,-,-
Grains and staples,Lontong,"Compressed rice cakes wrapped in banana leaves, served sliced",Grains and staples,Rice-based dishes,100%,1 bowl(s) = 154g,-,Lab Analysis,2025,Per 100g,Per Serving (154g),84,129,1.6,2.46,1.05,1.62,0.63,0.97,Trace,Trace,17.05,26.26,1.35,2.08,-,-,1.31,2.02,225,347,75,116,12,18,Trace,Trace,79.45,122.35,-,-,0.1,0.15,0.16,0.25,Trace,Trace,-,-,0.25,0.39,0.5,0.77,Trace,Trace,Trace,Trace,0.6,0.92,Trace,Trace,-,-,-,-,-,-,-,-,-,-,-,-,-,-,-,-,-,-,-,-,-,-,-,-,-,-,-,-,-,-,-,-
Grains and staples,Vegetarian kway teow,"Stir-fried broad, flat rice noodles with mock meat",Grains and staples,Noodle/Pasta-based dishes,99.40%,1 plate(s) = 410g,-,Lab Analysis,2026,Per 100g,Per Serving (410g),153,624,3.05,12.43,6.15,25.06,2.7,11,0,0,21.3,86.81,0.2,0.82,-,-,1.55,6.32,340,1386,75,306,31,126,0.73,2.98,66.8,272.24,-,-,-,-,-,-,-,-,-,-,0,0,0.2,0.82,0,0,0,0,0,0,0,0,-,-,-,-,-,-,-,-,-,-,-,-,-,-,-,-,-,-,-,-,-,-,-,-,-,-,-,-,-,-,-,-
Meat and alternatives,Vegetarian beehoon with mock meat,"Thin rice noodles fried with green onion and beansprouts, served with vegetarian (mock) meat",Meat and alternatives,Alternative meat-based dishes,100%,1 plate(s) = 295g,-,Derived,2026,Per 100g,Per Serving (295g),151,445,6.37,18.79,2.86,8.44,1.06,3.13,Trace,Trace,25.08,73.99,0.5,1.48,-,-,2.74,8.08,478,1410,31,91,7,21,0.87,2.57,64.35,189.83,-,-,0.47,1.39,1,2.95,Trace,Trace,-,-,Trace,Trace,0.5,1.48,Trace,Trace,Trace,Trace,Trace,Trace,Trace,Trace,-,-,-,-,-,-,-,-,-,-,-,-,-,-,-,-,-,-,-,-,-,-,-,-,-,-,-,-,-,-,-,-
Meat and alternatives,Vegetarian char siew pau,"Vegetarian char siew pow, made of rice pastry, filled with gluten and black mushroom",Meat and alternatives,Alternative meat-based dishes,100%,1 whole = 49g,-,Lab Analysis,2010,Per 100g,Per Serving (49g),250,123,10.94,5.36,5.46,2.68,2.26,1.11,-,-,39.26,19.24,13.3,6.52,-,-,2.21,1.08,419,205,-,-,27,13,0.58,0.28,-,-,-,-,0.79,0.39,2.17,1.06,-,-,-,-,-,-,-,-,-,-,-,-,-,-,-,-,-,-,Trace,Trace,-,-,-,-,-,-,-,-,-,-,-,-,-,-,0,0,-,-,-,-,-,-,-,-,-,-,-,-
Meat and alternatives,Vegetarian chicken rice,"Singaporean meat-free version with mock chicken, flavoured rice",Meat and alternatives,Alternative meat-based dishes,99.83%,1 plate(s) = 290g,-,Derived,2026,Per 100g,Per Serving (290g),138,400,5.72,16.56,3.01,8.71,0.65,1.88,0,0,21.27,61.58,0.67,1.94,-,-,0.87,2.52,90,261,6,17,8,23,0.16,0.46,3.83,11.09,-,-,Trace,Trace,Trace,Trace,0,0,0,0,0.03,0.09,0.03,0.09,Trace,Trace,0,0,Trace,Trace,0,0,0.03,0.09,1.92,5.56,0,0,1.81,5.24,Trace,Trace,Trace,Trace,Trace,Trace,0.28,0.81,0,0,0.67,1.94,0,0,Trace,Trace,0.66,1.91,1,3,0.01,0.03,0.01,0.03
Meat and alternatives,Vegetarian laksa,Spicy coconut milk-based noodle soup with tofu and vegetables,Meat and alternatives,Alternative meat-based dishes,100%,1 bowl(s) = 746g,-,Lab Analysis,2024,Per 100g,Per Serving (746g),101,753,2.14,15.96,5.49,40.96,3.66,27.3,-,-,10.73,80.05,1.94,14.47,-,-,0.76,5.67,351,2618,-,-,-,-,-,-,-,-,-,-,-,-,-,-,-,-,-,-,-,-,-,-,-,-,-,-,-,-,-,-,-,-,-,-,-,-,-,-,-,-,-,-,-,-,-,-,-,-,-,-,-,-,-,-,-,-,-,-,-,-,-,-
Meat and alternatives,Fried mock fish,Deep-fried mashed gluten and soya bean wrapped inside seaweed and dried beancurd sheet,Meat and alternatives,Alternative meats,100%,1 scoop(s) (serving spoon) = 100g,-,Lab Analysis,2010,Per 100g,Per Serving (100g),314,314,21.1,21.1,24.3,24.3,8.7,8.7,0,0,2.5,2.5,0,0,-,-,2.6,2.6,617,617,-,-,90,90,2.9,2.9,-,-,-,-,5.8,5.8,8.8,8.8,-,-,-,-,-,-,-,-,-,-,-,-,-,-,-,-,-,-,0,0,-,-,-,-,-,-,-,-,-,-,-,-,-,-,0,0,-,-,-,-,-,-,-,-,-,-,-,-
Meat and alternatives,Mock char siew,Deep-fried gluten and soybean flour with red colouring,Meat and alternatives,Alternative meats,100%,1 scoop(s) (serving spoon) = 100g,-,Lab Analysis,2010,Per 100g,Per Serving (100g),164,164,19.2,19.2,6,6,2.6,2.6,0,0,8.4,8.4,0,0,-,-,1.4,1.4,606,606,-,-,15,15,1.4,1.4,-,-,-,-,0.7,0.7,2.4,2.4,-,-,-,-,-,-,-,-,-,-,-,-,-,-,-,-,-,-,0,0,-,-,-,-,-,-,-,-,-,-,-,-,-,-,0,0,-,-,-,-,-,-,-,-,-,-,-,-
Meat and alternatives,Mock chicken,Deep-fried gluten and soybean fibres,Meat and alternatives,Alternative meats,100%,1 piece(s) = 100g,-,Lab Analysis,2024,Per 100g,Per Serving (100g),204,204,16.67,16.67,12.29,12.29,2.86,2.86,-,-,6.51,6.51,2,2,-,-,2.28,2.28,389,389,-,-,-,-,-,-,-,-,-,-,-,-,-,-,-,-,-,-,-,-,-,-,-,-,-,-,-,-,-,-,-,-,-,-,-,-,-,-,-,-,-,-,-,-,-,-,-,-,-,-,-,-,-,-,-,-,-,-,-,-,-,-
Meat and alternatives,Mock meat (Vegetarian beehoon),"Plant-based protein substitute resembling meat, used in vegetarian dishes",Meat and alternatives,Alternative meat-based dishes,100%,1 portion(s) = 66g,-,Lab Analysis,2025,Per 100g,Per Serving (66g),205,135,20.2,13.33,7.6,5.02,2.74,1.81,0.02,0.01,13.9,9.17,0.5,0.33,-,-,5.85,3.86,535,353,28,18,17,11,1.67,1.1,56.7,37.42,-,-,1.36,0.9,2.61,1.72,Trace,Trace,-,-,Trace,Trace,0.5,0.33,Trace,Trace,Trace,Trace,Trace,Trace,Trace,Trace,-,-,-,-,-,-,-,-,-,-,-,-,-,-,-,-,-,-,-,-,-,-,-,-,-,-,-,-,-,-,-,-
Meat and alternatives,"Beef ribeye steak, raw","Raw, uncooked red meat from the rib portion of beef cattle, without bone, displaying a deep red colour with marbling. Lean muscle meat with internal and external fat attached.",Meat and alternatives,Beef,100%,1 whole = 165g,-,Borrowed,2025,Per 100g,Per Serving (165g),211,348,21.6,35.64,13.9,22.94,5.74,9.47,0.66,1.09,0,0,0,0,0,0,0,0,51,84,338,558,6,10,2.03,3.35,63.9,105.44,3.45,5.69,0.5,0.83,6.31,10.41,22.33,36.84,58,95.7,0,0,0,0,0,0,0,0,0,0,0,0,0,0,9,14.85,9,14.85,10,16.5,0.04,0.07,0.19,0.31,0.17,0.28,19,31.35,0.9,1.49,1,1.65,130.8,215.82,1.28,2.11,-,-,203,335,5.7,9.41,3.26,5.38
Meat and alternatives,"Beef ribeye steak, raw, lean","Raw, uncooked red meat from the rib portion of beef cattle, without bone, displaying a deep red colour with marbling. Lean muscle meat only, with all possible internal and external separable fat removed.",Meat and alternatives,Beef,100%,1 whole = 165g,-,Borrowed,2025,Per 100g,Per Serving (165g),121,200,23.8,39.27,2.8,4.62,1.05,1.73,0.11,0.18,0,0,0,0,0,0,0,0,57,94,380,627,6,10,2.2,3.63,72.9,120.29,3.81,6.29,0.29,0.48,1.12,1.85,22.69,37.44,58,95.7,0,0,0,0,0,0,0,0,0,0,0,0,0,0,2,3.3,2,3.3,10,16.5,0.05,0.08,0.22,0.36,0.14,0.23,21,34.65,0.4,0.66,1,1.65,152,250.8,1.34,2.21,-,-,230,379,7,11.55,3.8,6.27
Meat and alternatives,"Beef sirloin steak, raw","Raw, uncooked red meat from the rear sirloin portion of beef cattle, with bone, displaying a deep red colour with moderate marbling. Lean muscle meat with internal and external fat attached.",Meat and alternatives,Beef,99%,1 whole = 255g,-,Borrowed,2025,Per 100g,Per Serving (255g),222,560,21.4,54.02,15.3,38.62,6.33,15.98,0.74,1.87,0,0,0,0,0,0,0,0,50,126,330,833,6,15,2,5.05,62.1,156.77,3.42,8.63,0.47,1.19,6.98,17.62,16.61,41.93,58,146.42,0,0,0,0,0,0,0,0,0,0,0,0,0,0,11,27.77,11,27.77,11,27.77,0.04,0.1,0.18,0.45,0.21,0.53,18,45.44,1.3,3.28,1,2.52,126.8,320.11,1.28,3.23,-,-,198,500,7.7,19.44,3.16,7.98
Meat and alternatives,"Beef sirloin steak, raw, lean","Raw, uncooked red meat from the rear sirloin portion of beef cattle, with bone, displaying a deep red colour with moderate marbling. Lean muscle meat only, with all possible internal and external separable fat removed.",Meat and alternatives,Beef,99%,1 whole = 255g,-,Borrowed,2025,Per 100g,Per Serving (255g),115,290,24.1,60.84,1.9,4.8,0.71,1.79,0.07,0.18,0,0,0,0,0,0,0,0,57,144,380,959,6,15,2.2,5.55,72.8,183.78,3.86,9.74,0.19,0.48,0.76,1.92,15.41,38.9,58,146.42,0,0,0,0,0,0,0,0,0,0,0,0,0,0,2,5.05,2,5.05,10,25.25,0.05,0.13,0.22,0.56,0.18,0.45,21,53.01,0.8,2.02,1,2.52,152,383.72,1.34,3.38,-,-,230,581,10,25.25,3.8,9.59
Meat and alternatives,Grilled beef fillet,"Red meat from the tenderloin portion of beef cattle, without bone, grilled until cooked through, with slightly charred exterior. Lean muscle meat with internal and external fat attached.",Meat and alternatives,Beef,100%,1 whole = 80g,-,Borrowed,2025,Per 100g,Per Serving (80g),203,162,30.8,24.64,8.8,7.04,3.1,2.48,0.33,0.26,0,0,0,0,0,0,0,0,48,38,337,270,9,7,2.12,1.7,56.1,44.88,4.93,3.94,0.64,0.51,4.12,3.3,43.67,34.94,70,56,0,0,0,0,0,0,0,0,0,0,0,0,0,0,3,2.4,3,2.4,12,9.6,0.03,0.02,0.01,0.01,0.15,0.12,24,19.2,2.9,2.32,0,0,27.6,22.08,1.1,0.88,-,-,259,207,14,11.2,7.37,5.9
Meat and alternatives,"Grilled beef fillet, lean","Red meat from the tenderloin portion of beef cattle, without bone, grilled until cooked through, with slightly charred exterior.Lean muscle meat only, with all possible internal and external separable fat removed.",Meat and alternatives,Beef,100%,1 whole = 80g,-,Borrowed,2025,Per 100g,Per Serving (80g),178,142,31.9,25.52,5.5,4.4,1.8,1.44,0.15,0.12,0,0,0,0,0,0,0,0,49,39,350,280,10,8,2.2,1.76,58.1,46.48,5.1,4.08,0.6,0.48,2.49,1.99,46.75,37.4,70,56,0,0,0,0,0,0,0,0,0,0,0,0,0,0,2,1.6,2,1.6,12,9.6,0.03,0.02,0,0,0.13,0.1,25,20,3,2.4,0,0,28,22.4,1.04,0.83,-,-,270,216,15,12,7.8,6.24
Meat and alternatives,Grilled beef ribeye steak,"Red meat from the rib portion of beef cattle, with bone, grilled until cooked through, with a slightly charred exterior. Lean muscle meat with internal and external fat attached.",Meat and alternatives,Beef,98%,1 whole = 115g,-,Borrowed,2025,Per 100g,Per Serving (115g),228,257,29.4,33.13,12.3,13.86,4.53,5.11,0.55,0.62,0,0,0,0,0,0,0,0,46,52,321,362,9,10,2.01,2.27,54,60.86,4.7,5.3,0.6,0.68,5.88,6.63,32.12,36.2,69,77.76,0,0,0,0,0,0,0,0,0,0,0,0,0,0,5,5.64,5,5.64,12,13.52,0.03,0.03,0.01,0.01,0.18,0.2,23,25.92,1.5,1.69,0,0,27.2,30.65,1.18,1.33,-,-,244,275,12.7,14.31,6.81,7.67
Meat and alternatives,"Grilled beef ribeye steak, lean","Red meat from the rib portion of beef cattle, with bone, grilled until cooked through, with a slightly charred exterior. Lean muscle meat only, with all possible internal and external separable fat removed.",Meat and alternatives,Beef,98%,1 whole = 115g,-,Borrowed,2025,Per 100g,Per Serving (115g),169,190,31.9,35.95,4.5,5.07,1.46,1.65,0.12,0.14,0,0,0,0,0,0,0,0,49,55,350,394,10,11,2.2,2.48,58.8,66.27,5.1,5.75,0.48,0.54,2.02,2.28,37.91,42.72,70,78.89,0,0,0,0,0,0,0,0,0,0,0,0,0,0,2,2.25,2,2.25,12,13.52,0.03,0.03,0,0,0.14,0.16,25,28.18,1.4,1.58,0,0,28,31.56,1.04,1.17,-,-,270,304,15,16.91,7.8,8.79
Meat and alternatives,Grilled beef round steak,"Red meat from the rear leg round portion of beef cattle, with bone, grilled until cooked through, with a slightly charred exterior. Lean muscle meat with internal and external fat attached.",Meat and alternatives,Beef,99%,1 whole = 265g,-,Borrowed,2025,Per 100g,Per Serving (265g),167,438,31,81.33,4.6,12.07,1.69,4.43,0.21,0.55,0,0,0,0,0,0,0,0,42,110,341,895,6,16,3.19,8.37,64.9,170.27,4.96,13.01,0.27,0.71,2.13,5.59,39.35,103.23,74,194.14,0,0,0,0,0,0,0,0,0,0,0,0,0,0,3,7.87,3,7.87,12,31.48,0.03,0.08,0.08,0.21,0.1,0.26,24,62.96,1,2.62,0,0,28,73.46,0.37,0.97,-,-,281,737,19,49.85,7.87,20.65
Meat and alternatives,Grilled beef sirloin steak,"Red meat from the rear sirloin portion of beef cattle, with bone, grilled until cooked through, with a slightly charred exterior. Lean muscle meat with internal and external fat attached.",Meat and alternatives,Beef,99%,1 whole = 165g,-,Borrowed,2025,Per 100g,Per Serving (165g),241,394,27.3,44.59,14.7,24.01,5.51,9,0.69,1.13,0,0,0,0,0,0,0,0,45,74,310,506,9,15,1.94,3.17,55.1,90.01,4.37,7.14,0.58,0.95,7.08,11.57,25.53,41.7,69,112.71,0,0,0,0,0,0,0,0,0,0,0,0,0,0,6,9.8,6,9.8,12,19.6,0.02,0.03,0.02,0.03,0.22,0.36,22,35.94,1.5,2.45,0,0,27.2,44.43,1.24,2.03,-,-,234,382,9.5,15.52,6.44,10.52
Meat and alternatives,Grilled veal shoulder steak,"Tender, pale red meat from the shoulder portion of young calf, with bone, grilled until cooked through, with a slightly charred exterior. Lean muscle meat with internal and external fat attached.",Meat and alternatives,Beef,88%,1 whole = 60g,-,Borrowed,2025,Per 100g,Per Serving (60g),199,105,25.72,13.58,10.57,5.58,3.72,1.96,Trace,Trace,0.15,0.08,0,0,-,-,0,0,111,59,235,124,24,13,1.59,0.84,62.96,33.24,-,-,0.56,0.3,4.78,2.52,1,0.53,78,41.18,-,-,-,-,-,-,-,-,-,-,-,-,-,-,0,0,0,0,0,0,0.1,0.05,0.45,0.24,0.41,0.22,6,3.17,3.44,1.82,0,0,54,28.51,0.7,0.37,1.4,0.74,242,128,17.4,9.19,4.71,2.49
Meat and alternatives,"Grilled veal shoulder steak, lean","Tender, pale red meat from the shoulder portion of young calf, with bone, grilled until cooked through, with a slightly charred exterior. Lean muscle meat only, with all separable fat removed.",Meat and alternatives,Beef,88%,1 whole = 60g,-,Borrowed,2025,Per 100g,Per Serving (60g),159,84,27.33,14.43,5.53,2.92,2.09,1.1,Trace,Trace,0,0,0,0,-,-,0,0,113,60,245,129,21,11,1.65,0.87,66.44,35.08,-,-,0.32,0.17,2.68,1.42,1,0.53,77,40.66,-,-,-,-,-,-,-,-,-,-,-,-,-,-,0,0,0,0,0,0,0.11,0.06,0.48,0.25,0.44,0.23,7,3.7,3.66,1.93,0,0,40,21.12,0.7,0.37,1.3,0.69,253,134,18.4,9.72,5.07,2.68
Meat and alternatives,Beef ball soup (no noodles),Beef broth cooked with boiled beef ball and spring onion,Meat and alternatives,Beef-based dishes,100%,1 bowl(s) = 592g,-,Lab Analysis,2010,Per 100g,Per Serving (592g),31,184,3.25,19.24,1.53,9.06,0.77,4.56,-,-,0.94,5.56,Trace,Trace,-,-,0.25,1.48,427,2528,-,-,5,30,0.25,1.48,-,-,-,-,0.06,0.36,0.63,3.73,-,-,-,-,-,-,-,-,-,-,-,-,-,-,-,-,-,-,4,23.68,-,-,-,-,-,-,-,-,-,-,-,-,-,-,Trace,Trace,-,-,-,-,-,-,-,-,-,-,-,-
Meat and alternatives,Beef rawon,"Shin beef cooked with buah keluak, nuts, sugar, sweet dark soya sauce, shallots simmered",Meat and alternatives,Beef-based dishes,100%,1 bowl(s) = 293g,-,Lab Analysis,2010,Per 100g,Per Serving (293g),91,267,7.56,22.15,5.94,17.4,2.54,7.44,-,-,1.92,5.63,1.75,5.13,-,-,1.49,4.37,535,1568,-,-,46,135,1.53,4.48,-,-,-,-,0.6,1.76,2.54,7.44,-,-,-,-,-,-,-,-,-,-,-,-,-,-,-,-,-,-,8.73,25.58,-,-,-,-,-,-,-,-,-,-,-,-,-,-,Trace,Trace,-,-,-,-,-,-,-,-,-,-,-,-
Meat and alternatives,Beef rendang,"Malay-style spicy, rich and creamy beef stew made by simmering beef with coconut milk and spices",Meat and alternatives,Beef-based dishes,100%,1 scoop(s) (serving spoon) = 100g,-,Lab Analysis,2010,Per 100g,Per Serving (100g),223,223,25.5,25.5,12.9,12.9,6.2,6.2,0,0,1.4,1.4,0.8,0.8,-,-,2.8,2.8,501,501,-,-,25,25,3.1,3.1,-,-,-,-,1.2,1.2,4.9,4.9,-,-,-,-,-,-,-,-,-,-,-,-,-,-,-,-,-,-,71,71,-,-,-,-,-,-,-,-,-,-,-,-,-,-,Trace,Trace,-,-,-,-,-,-,-,-,-,-,-,-
Meat and alternatives,Beef satay,Grilled marinated beef skewers,Meat and alternatives,Beef-based dishes,100%,1 stick(s) = 12g,-,Lab Analysis,2026,Per 100g,Per Serving (12g),223,27,24.88,2.99,4.69,0.56,2.13,0.26,0.06,0.01,20.36,2.44,20.3,2.44,-,-,3.29,0.39,516,62,361,43,26,3,2.79,0.33,44.64,5.36,-,-,0.48,0.06,2.02,0.24,-,-,-,-,Trace,Trace,Trace,Trace,Trace,Trace,Trace,Trace,20.3,2.44,Trace,Trace,-,-,-,-,-,-,-,-,-,-,-,-,-,-,-,-,-,-,-,-,-,-,-,-,-,-,-,-,-,-,-,-
Meat and alternatives,Beef satay with sauce,Grilled marinated beef skewers with peanut satay sauce,Meat and alternatives,Beef-based dishes,100%,1 stick(s) = 21g,-,Derived,2026,Per 100g,Per Serving (21g),213,45,16.55,3.48,6.95,1.46,2.3,0.48,0.03,0.01,21.2,4.45,13.84,2.91,-,-,4.55,0.96,451,95,277,58,24,5,1.9,0.4,51.7,10.86,-,-,1.57,0.33,2.6,0.55,Trace,Trace,-,-,Trace,Trace,2.74,0.58,Trace,Trace,Trace,Trace,11.03,2.32,Trace,Trace,-,-,-,-,-,-,-,-,-,-,-,-,-,-,-,-,-,-,-,-,-,-,-,-,-,-,-,-,-,-,-,-
Meat and alternatives,Beef steak,Cut of beef (tenderloin/ribeye/sirloin/striploin) grilled or pan-seared to preferred doneness,Meat and alternatives,Beef-based dishes,100%,1 whole = 157g,-,Lab Analysis,2025,Per 100g,Per Serving (157g),236,371,26.15,41.06,14.6,22.92,4.98,7.82,0.67,1.05,Trace,Trace,Trace,Trace,-,-,Trace,Trace,97,152,335,526,8,13,2.35,3.69,58.1,91.22,-,-,0.41,0.64,5.79,9.09,12,18.84,-,-,Trace,Trace,Trace,Trace,Trace,Trace,Trace,Trace,Trace,Trace,Trace,Trace,-,-,-,-,-,-,-,-,-,-,-,-,-,-,-,-,-,-,-,-,-,-,-,-,-,-,-,-,-,-,-,-
Meat and alternatives,Beef teppanyaki,"Beef meat, boneless with bean sprout, green onion and dark sauce, cooked on hotplate",Meat and alternatives,Beef-based dishes,100%,1 scoop(s) (serving spoon) = 100g,-,Lab Analysis,2010,Per 100g,Per Serving (100g),129,129,12.8,12.8,8.6,8.6,3.9,3.9,-,-,0.1,0.1,Trace,Trace,-,-,1.9,1.9,1034,1034,-,-,18,18,1.2,1.2,-,-,-,-,0.5,0.5,3.7,3.7,-,-,-,-,-,-,-,-,-,-,-,-,-,-,-,-,-,-,33,33,-,-,-,-,-,-,-,-,-,-,-,-,-,-,2,2,-,-,-,-,-,-,-,-,-,-,-,-
Meat and alternatives,Beef with black bean sauce,Stir-fried beef with black bean sauce,Meat and alternatives,Beef-based dishes,100%,1 scoop(s) (serving spoon) = 100g,-,Lab Analysis,2010,Per 100g,Per Serving (100g),205,205,21.39,21.39,11.2,11.2,4.35,4.35,0,0,3.99,3.99,2.21,2.21,-,-,0.38,0.38,784,784,-,-,10,10,2.34,2.34,-,-,-,-,1.38,1.38,4.67,4.67,-,-,-,-,-,-,-,-,-,-,-,-,-,-,-,-,-,-,5.44,5.44,-,-,-,-,-,-,-,-,-,-,-,-,-,-,12.85,12.85,-,-,-,-,-,-,-,-,-,-,-,-
Meat and alternatives,Black pepper steak,"Grilled beef steak, served with black pepper sauce on the side",Meat and alternatives,Beef-based dishes,100%,1 plate(s) = 475g,-,Lab Analysis,2010,Per 100g,Per Serving (475g),179,850,10.31,48.97,10.86,51.58,5.37,25.51,0.03,0.14,10.33,49.07,1.94,9.22,-,-,1.67,7.93,181,860,-,-,21,100,1.51,7.17,-,-,-,-,1.29,6.13,4.09,19.43,-,-,-,-,-,-,-,-,-,-,-,-,-,-,-,-,-,-,51.32,243.77,-,-,-,-,-,-,-,-,-,-,-,-,-,-,8.03,38.14,-,-,-,-,-,-,-,-,-,-,-,-
Meat and alternatives,Braised beef stomach,Chinese-style beef tripe in brown sauce and spices,Meat and alternatives,Beef-based dishes,100%,1 scoop(s) (serving spoon) = 100g,-,Lab Analysis,2010,Per 100g,Per Serving (100g),192,192,17.3,17.3,12.1,12.1,4.32,4.32,-,-,3.7,3.7,1.4,1.4,-,-,2.6,2.6,497,497,-,-,17,17,1.2,1.2,-,-,-,-,0.65,0.65,-,-,-,-,-,-,-,-,-,-,-,-,-,-,-,-,-,-,-,-,27,27,-,-,-,-,-,-,-,-,-,-,-,-,-,-,0.1,0.1,-,-,-,-,-,-,-,-,-,-,-,-
Meat and alternatives,Daging masak kicap,Beef pieces simmered in mixture of soy sauce and sweet soy sauce,Meat and alternatives,Beef-based dishes,100%,1 scoop(s) (serving spoon) = 100g,-,Lab Analysis,2010,Per 100g,Per Serving (100g),95,95,7.88,7.88,5.36,5.36,1.33,1.33,-,-,3.78,3.78,3.34,3.34,-,-,1.86,1.86,384,384,-,-,68,68,3.45,3.45,-,-,-,-,2.11,2.11,1.68,1.68,-,-,-,-,-,-,-,-,-,-,-,-,-,-,-,-,-,-,108.18,108.18,-,-,-,-,-,-,-,-,-,-,-,-,-,-,Trace,Trace,-,-,-,-,-,-,-,-,-,-,-,-
Meat and alternatives,Daging rempah,"Lamb patty, cooked with coconut milk, garlic, ginger and onion",Meat and alternatives,Beef-based dishes,100%,1 scoop(s) (serving spoon) = 100g,-,Lab Analysis,2010,Per 100g,Per Serving (100g),241,241,17.9,17.9,17.3,17.3,9.7,9.7,-,-,3.5,3.5,3.2,3.2,-,-,2.1,2.1,462,462,-,-,24,24,2.5,2.5,-,-,-,-,1.01,1.01,5.81,5.81,-,-,-,-,-,-,-,-,-,-,-,-,-,-,-,-,-,-,55,55,-,-,-,-,-,-,-,-,-,-,-,-,-,-,0.3,0.3,-,-,-,-,-,-,-,-,-,-,-,-
Meat and alternatives,Paru goreng,Malay-style deep-fried beef lungs with spices,Meat and alternatives,Beef-based dishes,100%,1 scoop(s) (serving spoon) = 100g,-,Lab Analysis,2010,Per 100g,Per Serving (100g),246,246,26.5,26.5,15.5,15.5,4.1,4.1,-,-,Trace,Trace,Trace,Trace,-,-,Trace,Trace,527,527,-,-,22,22,21.6,21.6,-,-,-,-,1.3,1.3,6.3,6.3,-,-,-,-,-,-,-,-,-,-,-,-,-,-,-,-,-,-,26,26,-,-,-,-,-,-,-,-,-,-,-,-,-,-,Trace,Trace,-,-,-,-,-,-,-,-,-,-,-,-
Meat and alternatives,Stir fried beef with onions,Stir fried beef slices with onions,Meat and alternatives,Beef-based dishes,100%,1 scoop(s) (serving spoon) = 104g,-,Lab Analysis,2025,Per 100g,Per Serving (104g),103,107,11.5,11.96,3.55,3.69,1.23,1.28,0.04,0.04,6.2,6.45,2,2.08,-,-,2.43,2.53,447,465,230,239,10,10,1.25,1.3,77,80.08,-,-,0.35,0.36,1.26,1.31,Trace,Trace,-,-,0.8,0.83,0.95,0.99,Trace,Trace,Trace,Trace,0.25,0.26,Trace,Trace,-,-,-,-,-,-,-,-,-,-,-,-,-,-,-,-,-,-,-,-,-,-,-,-,-,-,-,-,-,-,-,-
Meat and alternatives,Thai basil beef (meat only),Stir-fried beef with basil and chilli,Meat and alternatives,Beef-based dishes,100%,1 plate(s) = 141g,-,Lab Analysis,2018,Per 100g,Per Serving (141g),135,190,13.97,19.7,7.51,10.59,3.39,4.78,-,-,2.9,4.09,1.27,1.79,-,-,1.41,1.99,600,846,-,-,16,23,1.46,2.06,-,-,-,-,0.95,1.34,3.09,4.36,-,-,-,-,-,-,-,-,-,-,-,-,-,-,-,-,-,-,0,0,-,-,-,-,-,-,-,-,-,-,-,-,-,-,0.99,1.4,-,-,-,-,-,-,-,-,-,-,-,-
Meat and alternatives,Japanese stir fried beef slices,"Sliced beef stir-fried with sweet-savoury sauce, from beef rice bowl",Meat and alternatives,Beef-based dishes,100%,1 portion(s) = 78g,-,Lab Analysis,2025,Per 100g,Per Serving (78g),237,185,20.5,15.99,15,11.7,5.61,4.38,0.64,0.5,5,3.9,2,1.56,-,-,1.88,1.47,452,353,188,147,16,12,1.42,1.11,57.85,45.12,-,-,0.99,0.77,6.21,4.84,Trace,Trace,-,-,1.1,0.86,0.9,0.7,Trace,Trace,Trace,Trace,Trace,Trace,Trace,Trace,-,-,-,-,-,-,-,-,-,-,-,-,-,-,-,-,-,-,-,-,-,-,-,-,-,-,-,-,-,-,-,-
Meat and alternatives,Korean beef bulgogi (meat only),Marinated grilled beef in sweet-savoury sauce,Meat and alternatives,Beef-based dishes,100%,1 set(s) = 190g,-,Derived,2026,Per 100g,Per Serving (190g),320,608,15.73,29.89,24.36,46.28,9.74,18.51,1.55,2.95,9.55,18.15,8.03,15.26,-,-,Trace,Trace,493,937,168,319,8,15,0.63,1.2,49.1,93.29,-,-,1.27,2.41,11.8,22.42,-,-,-,-,0.98,1.86,1.17,2.22,Trace,Trace,Trace,Trace,5.88,11.17,Trace,Trace,-,-,-,-,-,-,-,-,-,-,-,-,-,-,-,-,-,-,-,-,-,-,-,-,-,-,-,-,-,-,-,-
Meat and alternatives,Grilled lamb chump chop,"Tender red meat from the rear chump portion of lamb, without bone, grilled until cooked through, with a slightly charred exterior. Lean muscle meat with internal and external fat attached.",Meat and alternatives,Mutton,100%,1 whole = 85g,-,Borrowed,2025,Per 100g,Per Serving (85g),299,254,30,25.5,20,17,8.4,7.14,-,-,0,0,0,0,0,0,0,0,57,48,280,238,10,9,2.55,2.17,51.5,43.78,4.81,4.09,1.48,1.26,7.7,6.55,75.86,64.48,89,75.65,0,0,0,0,0,0,0,0,0,0,0,0,0,0,15,12.75,15,12.75,0,0,0.13,0.11,0.32,0.27,0.08,0.07,14,11.9,3,2.55,0,0,60.8,51.68,0.51,0.43,-,-,235,200,23.2,19.72,4.71,4
Meat and alternatives,Grilled lamb midloin chop,"Tender red meat from the loin portion of lamb, with bone, grilled until cooked through, with a slightly charred exterior. Lean muscle meat with internal and external fat attached.",Meat and alternatives,Mutton,81%,1 whole = 65g,-,Borrowed,2025,Per 100g,Per Serving (65g),276,145,26.8,14.11,18.9,9.95,8.06,4.24,-,-,0,0,0,0,0,0,0,0,64,34,281,148,10,5,2.33,1.23,54.5,28.69,4.29,2.26,1.28,0.67,7.14,3.76,76.47,40.26,88,46.33,0,0,0,0,0,0,0,0,0,0,0,0,0,0,15,7.9,15,7.9,0,0,0.11,0.06,0.22,0.12,0.09,0.05,14,7.37,1.6,0.84,0,0,60.8,32.01,0.49,0.26,-,-,221,116,17.9,9.42,3.49,1.84
Meat and alternatives,Grilled lamb ribloin cutlet,"Tender red meat from the rib and loin portion, with bone, grilled until cooked through, with a slightly charred exterior. Lean muscle meat with internal and external fat attached.",Meat and alternatives,Mutton,76%,1 whole = 50g,-,Borrowed,2025,Per 100g,Per Serving (50g),278,106,27.2,10.34,18.9,7.18,-,-,1.25,0.48,0,0,0,0,0,0,0,0,57,22,272,103,9,3,2.16,0.82,53.4,20.29,4.35,1.65,-,-,-,-,71.36,27.12,91,34.58,0,0,0,0,0,0,0,0,0,0,0,0,0,0,16,6.08,16,6.08,0,0,0.15,0.06,0.28,0.11,0.08,0.03,14,5.32,1.5,0.57,0,0,60.8,23.1,0.51,0.19,-,-,204,78,17.7,6.73,3.54,1.35
Meat and alternatives,Lamb chop,"Pan-fried lamb chop, trimmed",Meat and alternatives,Mutton,85.67%,1 plate(s) = 400g,-,Derived,2026,Per 100g,Per Serving (400g),286,980,28.16,96.5,19.33,66.24,5.81,19.91,0.37,1.27,0,0,0,0,0,0,0,0,59,202,278,953,10,34,2.37,8.12,53.01,181.65,4.51,15.45,0.98,3.36,5.25,17.99,74.72,256.05,89.28,305.94,0,0,0,0,0,0,0,0,0,0,0,0,0,0,15.3,52.43,15.3,52.43,0,0,0.13,0.45,0.28,0.96,0.08,0.27,14,47.98,2.12,7.26,0,0,60.8,208.35,0.5,1.71,-,-,221,757,19.9,68.19,3.98,13.64
Meat and alternatives,Cooked mutton,"Mature sheep meat from various portions, cooked until tender, offering a firm texture with robust, gamey taste, without bone.",Meat and alternatives,Mutton,100%,1 slice(s) = 24g,-,Borrowed,2025,Per 100g,Per Serving (24g),644,155,10.7,2.57,67.9,16.3,28.4,6.82,5.22,1.25,0,0,0,0,0,0,0,0,64,15,310,74,8,2,3.4,0.82,20,4.8,1.71,0.41,2.92,0.7,28.16,6.76,0,0,77,18.48,0,0,0,0,0,0,0,0,0,0,0,0,0,0,6,1.44,6,1.44,0,0,0.04,0.01,0.12,0.03,0.3,0.07,0,0,1.3,0.31,0,0,64,15.36,0.89,0.21,-,-,270,65,0,0,5.9,1.42
Meat and alternatives,"Grilled lamb chump chop, lean","Tender red meat from the rear chump portion of lamb, without bone, grilled until cooked through, with a slightly charred exterior. Lean muscle meat only, with all separable fat removed.",Meat and alternatives,Mutton,100%,1 whole = 85g,-,Borrowed,2025,Per 100g,Per Serving (85g),229,195,34.1,28.99,10.2,8.67,3.62,3.08,0.38,0.32,0,0,0,0,0,0,0,0,65,55,330,281,11,9,3.1,2.64,57.7,49.05,5.46,4.64,1.23,1.05,4.11,3.49,98.11,83.39,93,79.05,0,0,0,0,0,0,0,0,0,0,0,0,0,0,8,6.8,8,6.8,0,0,0.17,0.14,0.41,0.35,0.08,0.07,17,14.45,3,2.55,0,0,60,51,0.3,0.26,-,-,280,238,30,25.5,5.8,4.93
Meat and alternatives,"Grilled lamb midloin chop, lean","Tender red meat from the loin portion of lamb, with bone, grilled until cooked through, with a slightly charred exterior. Lean muscle meat only, with all possible internal and external separable fat removed.",Meat and alternatives,Mutton,81%,1 whole = 65g,-,Borrowed,2025,Per 100g,Per Serving (65g),201,106,29.8,15.69,9.1,4.79,3.35,1.76,0.47,0.25,0,0,0,0,0,0,0,0,74,39,330,174,11,6,2.8,1.47,61.4,32.33,4.77,2.51,1,0.53,3.52,1.85,98.11,51.65,92,48.44,0,0,0,0,0,0,0,0,0,0,0,0,0,0,8,4.21,8,4.21,0,0,0.14,0.07,0.28,0.15,0.09,0.05,17,8.95,1.2,0.63,0,0,60,31.59,0.3,0.16,-,-,260,137,23,12.11,4.2,2.21
Meat and alternatives,"Grilled lamb ribloin cutlet, lean","Tender red meat from the rib and loin portion, with bone, grilled until cooked through, with a slightly charred exterior. Lean muscle meat only, with all separable fat removed.",Meat and alternatives,Mutton,76%,1 whole = 50g,-,Borrowed,2025,Per 100g,Per Serving (50g),200,76,30.5,11.59,8.6,3.27,3.16,1.2,0.44,0.17,0,0,0,0,0,0,0,0,66,25,320,122,10,4,2.6,0.99,60.4,22.95,4.88,1.85,0.94,0.36,3.33,1.27,92.72,35.23,96,36.48,0,0,0,0,0,0,0,0,0,0,0,0,0,0,8,3.04,8,3.04,0,0,0.2,0.08,0.36,0.14,0.08,0.03,17,6.46,1,0.38,0,0,60,22.8,0.3,0.11,-,-,240,91,23,8.74,4.3,1.63
Meat and alternatives,"Lamb chump chop, raw","Raw, uncooked red meat from the rear chump portion of lamb, with bone, displaying a deep red colour with marbled texture. Lean muscle meat with internal and external fat attached.",Meat and alternatives,Mutton,87%,1 whole = 85g,-,Borrowed,2025,Per 100g,Per Serving (85g),234,173,19.6,14.49,17.5,12.94,7.43,5.49,1.45,1.07,0,0,0,0,0,0,0,0,54,40,286,211,6,4,2.43,1.8,62.2,46,3.14,2.32,1.03,0.76,6.57,4.86,22.12,16.36,64,47.33,0,0,0,0,0,0,0,0,0,0,0,0,0,0,15,11.09,15,11.09,0,0,0.12,0.09,0.21,0.16,0.12,0.09,14,10.35,1.7,1.26,0,0,97.2,71.88,0.85,0.63,-,-,277,205,15,11.09,2.84,2.1
Meat and alternatives,"Lamb chump chop, raw, lean","Raw, uncooked red meat from the rear chump portion of lamb, with bone, displaying a deep red colour with marbled texture. Lean muscle meat only, with all separable fat removed.",Meat and alternatives,Mutton,87%,1 whole = 85g,-,Borrowed,2025,Per 100g,Per Serving (85g),130,96,22.5,16.64,4.3,3.18,1.4,1.04,0.17,0.13,0,0,0,0,0,0,0,0,65,48,350,259,6,4,3.1,2.29,72.6,53.69,3.6,2.66,0.49,0.36,1.88,1.39,29.42,21.76,65,48.07,0,0,0,0,0,0,0,0,0,0,0,0,0,0,9,6.66,9,6.66,0,0,0.16,0.12,0.26,0.19,0.12,0.09,17,12.57,1.3,0.96,0,0,120,88.74,0.6,0.44,-,-,350,259,20,14.79,3.6,2.66
Meat and alternatives,"Lamb midloin chop, raw","Raw, uncooked red meat from the loin portion of lamb, with bone, displaying a deep red colour with tender texture and moderate marbling. Lean muscle meat with internal and external fat attached.",Meat and alternatives,Mutton,84%,1 whole = 95g,-,Borrowed,2025,Per 100g,Per Serving (95g),305,243,22,17.56,24.4,19.47,10.61,8.47,2.09,1.67,0,0,0,0,0,0,0,0,53,42,242,193,7,6,1.35,1.08,54.4,43.41,3.53,2.82,1.26,1.01,8.98,7.17,21.71,17.32,69,55.06,0,0,0,0,0,0,0,0,0,0,0,0,0,0,18,14.36,18,14.36,0,0,0.08,0.06,0.15,0.12,0.16,0.13,12,9.58,1.4,1.12,0,0,86,68.63,1.07,0.85,-,-,172,137,6.3,5.03,1.97,1.57
Meat and alternatives,"Lamb shank, raw","Raw, uncooked red meat from the lower leg portion of lamb, with bone, displaying a deep red colour with dense texture. Lean muscle meat with internal and external fat attached.",Meat and alternatives,Mutton,88%,1 whole = 295g,-,Borrowed,2025,Per 100g,Per Serving (295g),188,488,21.7,56.33,11.2,29.08,5,12.98,1.01,2.62,0,0,0,0,0,0,0,0,95,247,306,794,13,34,1.65,4.28,65.4,169.78,3.47,9.01,0.52,1.35,4.04,10.49,0,0,69,179.12,0,0,0,0,0,0,0,0,0,0,0,0,0,0,6,15.58,6,15.58,0,0,0.04,0.1,0.2,0.52,0.1,0.26,14,36.34,1.2,3.12,0,0,104.4,271.02,0.64,1.66,-,-,209,543,16.6,43.09,4.83,12.54
Meat and alternatives,"Lamb shank, raw, lean","Raw, uncooked red meat from the lower leg portion of lamb, with bone, displaying a deep red colour with dense texture. Lean muscle meat only, with all possible internal and external separable fat removed.",Meat and alternatives,Mutton,88%,1 whole = 295g,-,Borrowed,2025,Per 100g,Per Serving (295g),114,296,23.9,62.04,1.9,4.93,0.82,2.13,0.13,0.34,0,0,0,0,0,0,0,0,110,286,350,909,15,39,1.9,4.93,72.4,187.95,3.82,9.92,0.08,0.21,0.66,1.71,0,0,71,184.32,0,0,0,0,0,0,0,0,0,0,0,0,0,0,0,0,0,0,0,0,0.05,0.13,0.22,0.57,0.1,0.26,17,44.13,0.8,2.08,0,0,120,311.52,0.45,1.17,-,-,240,623,20,51.92,5.7,14.8
Meat and alternatives,Chinese mutton soup,"Chinese-style soup made with mutton, with bones, dried beancurd, black fungus and water",Meat and alternatives,Mutton-based dishes,100%,1 bowl(s) = 450g,-,Lab Analysis,2010,Per 100g,Per Serving (450g),73,329,6.8,30.6,5.1,22.95,2.5,11.25,-,-,0,0,0,0,-,-,0,0,274,1233,-,-,11,50,Trace,Trace,-,-,-,-,0.4,1.8,2,9,-,-,-,-,-,-,-,-,-,-,-,-,-,-,-,-,-,-,19,85.5,-,-,-,-,-,-,-,-,-,-,-,-,-,-,0,0,-,-,-,-,-,-,-,-,-,-,-,-
Meat and alternatives,Kambing goreng,Malay-style fried mutton simmered in coconut milk,Meat and alternatives,Mutton-based dishes,100%,1 scoop(s) (serving spoon) = 100g,-,Lab Analysis,2010,Per 100g,Per Serving (100g),273,273,34,34,14.68,14.68,6.8,6.8,-,-,1.1,1.1,0,0,-,-,2.83,2.83,256,256,-,-,36,36,2.78,2.78,-,-,-,-,1.2,1.2,6,6,-,-,-,-,-,-,-,-,-,-,-,-,-,-,-,-,-,-,9.2,9.2,-,-,-,-,-,-,-,-,-,-,-,-,-,-,0,0,-,-,-,-,-,-,-,-,-,-,-,-
Meat and alternatives,Kambing soup,Mutton soup with spice,Meat and alternatives,Mutton-based dishes,100%,1 bowl(s) = 463g,-,Lab Analysis,2010,Per 100g,Per Serving (463g),75,347,6.98,32.32,3.58,16.58,1.6,7.41,-,-,3.68,17.04,2.43,11.25,-,-,0.76,3.52,470,2176,-,-,24,111,1.18,5.46,-,-,-,-,0.32,1.48,1.56,7.22,-,-,-,-,-,-,-,-,-,-,-,-,-,-,-,-,-,-,20.2,93.53,-,-,-,-,-,-,-,-,-,-,-,-,-,-,-,-,-,-,-,-,-,-,-,-,-,-,-,-
Meat and alternatives,Keema,Indian-style minced meat fried with peas and yoghurt,Meat and alternatives,Mutton-based dishes,100%,1 scoop(s) (serving spoon) = 100g,-,Lab Analysis,2010,Per 100g,Per Serving (100g),152,152,14.5,14.5,9.23,9.23,3.9,3.9,-,-,2.75,2.75,1.69,1.69,-,-,2.25,2.25,478,478,-,-,63,63,4.29,4.29,-,-,-,-,1.3,1.3,3.6,3.6,-,-,-,-,-,-,-,-,-,-,-,-,-,-,-,-,-,-,64.6,64.6,-,-,-,-,-,-,-,-,-,-,-,-,-,-,1,1,-,-,-,-,-,-,-,-,-,-,-,-
Meat and alternatives,Lamb pirattal,"Indian-style stir-fried lamb pieces, pre-marinated with sauteed ginger, garlic and green chilli",Meat and alternatives,Mutton-based dishes,100%,1 scoop(s) (serving spoon) = 100g,-,Lab Analysis,2010,Per 100g,Per Serving (100g),156,156,16.1,16.1,7.6,7.6,3.2,3.2,-,-,5.9,5.9,2.5,2.5,-,-,2.9,2.9,1212,1212,-,-,15,15,2.1,2.1,-,-,-,-,0.65,0.65,-,-,-,-,-,-,-,-,-,-,-,-,-,-,-,-,-,-,-,-,92,92,-,-,-,-,-,-,-,-,-,-,-,-,-,-,0.5,0.5,-,-,-,-,-,-,-,-,-,-,-,-
Meat and alternatives,Mutton curry,"Mutton, with yoghurt, asafoetida, ginger, garlic, almond and spice",Meat and alternatives,Mutton-based dishes,100%,1 scoop(s) (serving spoon) = 302g,-,Lab Analysis,2023,Per 100g,Per Serving (302g),185,559,13.21,39.89,13.88,41.92,6.54,19.75,-,-,1.81,5.47,0.97,2.93,-,-,1.47,4.44,458,1383,-,-,-,-,-,-,-,-,-,-,-,-,-,-,-,-,-,-,-,-,-,-,-,-,-,-,-,-,-,-,-,-,-,-,-,-,-,-,-,-,-,-,-,-,-,-,-,-,-,-,-,-,-,-,-,-,-,-,-,-,-,-
Meat and alternatives,Mutton curry (dry),"Mutton meat, with shallots, curry powder, garlic, ginger, spices, coconut milk",Meat and alternatives,Mutton-based dishes,100%,1 scoop(s) (serving spoon) = 100g,-,Lab Analysis,2010,Per 100g,Per Serving (100g),185,185,19.4,19.4,11.7,11.7,5.4,5.4,0.09,0.09,0.5,0.5,Trace,Trace,-,-,2.3,2.3,355,355,-,-,23,23,4.1,4.1,-,-,-,-,0.8,0.8,4.9,4.9,-,-,-,-,-,-,-,-,-,-,-,-,-,-,-,-,-,-,13,13,-,-,-,-,-,-,-,-,-,-,-,-,-,-,Trace,Trace,-,-,-,-,-,-,-,-,-,-,-,-
Meat and alternatives,Mutton cutlet,Indian-style breaded and deep-fried mutton,Meat and alternatives,Mutton-based dishes,100%,1 piece(s) = 100g,-,Lab Analysis,2010,Per 100g,Per Serving (100g),297,297,22.06,22.06,19.42,19.42,6,6,-,-,8.59,8.59,0.39,0.39,-,-,1.52,1.52,558,558,-,-,26,26,8.38,8.38,-,-,-,-,5.6,5.6,7,7,-,-,-,-,-,-,-,-,-,-,-,-,-,-,-,-,-,-,35.8,35.8,-,-,-,-,-,-,-,-,-,-,-,-,-,-,0.5,0.5,-,-,-,-,-,-,-,-,-,-,-,-
Meat and alternatives,Mutton kurma,Indian-style mutton curry cooked with kurmah powder and coocnut milk,Meat and alternatives,Mutton-based dishes,100%,1 scoop(s) (serving spoon) = 100g,-,Lab Analysis,2010,Per 100g,Per Serving (100g),154,154,11,11,10.7,10.7,5,5,-,-,3.1,3.1,-,-,-,-,0,0,464,464,-,-,40,40,1.9,1.9,-,-,-,-,1.1,1.1,3.6,3.6,-,-,-,-,-,-,-,-,-,-,-,-,-,-,-,-,-,-,31.72,31.72,-,-,-,-,-,-,-,-,-,-,-,-,-,-,-,-,-,-,-,-,-,-,-,-,-,-,-,-
Meat and alternatives,Mutton rendang,"Mutton, lean, in a coconut and chilli gravy",Meat and alternatives,Mutton-based dishes,100%,1 scoop(s) (serving spoon) = 100g,-,Lab Analysis,2010,Per 100g,Per Serving (100g),182,182,20.7,20.7,9.1,9.1,4.7,4.7,0.09,0.09,4.2,4.2,-,-,-,-,0.1,0.1,642,642,-,-,34,34,3.3,3.3,-,-,-,-,0.5,0.5,3.2,3.2,-,-,-,-,-,-,-,-,-,-,-,-,-,-,-,-,-,-,81,81,-,-,-,-,-,-,-,-,-,-,-,-,-,-,-,-,-,-,-,-,-,-,-,-,-,-,-,-
Meat and alternatives,Mutton satay,Barbequed skewered mutton meat seasoned in spices,Meat and alternatives,Mutton-based dishes,100%,1 stick(s) = 11g,-,Lab Analysis,2026,Per 100g,Per Serving (11g),303,33,22.93,2.52,15.67,1.72,7.63,0.84,0.58,0.06,17.45,1.92,17.19,1.89,-,-,3.16,0.35,417,46,317,35,25,3,2.77,0.3,38.95,4.28,-,-,1.03,0.11,6.43,0.71,-,-,-,-,Trace,Trace,Trace,Trace,Trace,Trace,Trace,Trace,17.19,1.89,Trace,Trace,-,-,-,-,-,-,-,-,-,-,-,-,-,-,-,-,-,-,-,-,-,-,-,-,-,-,-,-,-,-,-,-
Meat and alternatives,Mutton satay with sauce,"Barbequed mutton meat seasoned in spices, skewered and served with peanut gravy",Meat and alternatives,Mutton-based dishes,100%,1 stick(s) = 19g,-,Derived,2026,Per 100g,Per Serving (19g),255,48,15.15,2.88,12.8,2.43,5.18,0.98,0.3,0.06,19.72,3.75,11.92,2.26,-,-,4.54,0.86,396,75,251,48,23,4,1.85,0.35,49.05,9.32,-,-,1.9,0.36,4.93,0.94,Trace,Trace,-,-,Trace,Trace,2.87,0.55,Trace,Trace,Trace,Trace,8.98,1.71,Trace,Trace,-,-,-,-,-,-,-,-,-,-,-,-,-,-,-,-,-,-,-,-,-,-,-,-,-,-,-,-,-,-,-,-
Meat and alternatives,Sup tulang,Soup dish made from mutton or beef bones,Meat and alternatives,Mutton-based dishes,46%,1 bowl(s) = 934g,-,Lab Analysis,2010,Per 100g,Per Serving (934g),49,211,4.69,20.15,2.02,8.68,0.75,3.22,-,-,3.05,13.1,1.73,7.43,-,-,1.46,6.27,386,1658,-,-,61,262,0.24,1.03,-,-,-,-,0.08,0.34,1.1,4.73,-,-,-,-,-,-,-,-,-,-,-,-,-,-,-,-,-,-,2.2,9.45,-,-,-,-,-,-,-,-,-,-,-,-,-,-,Trace,Trace,-,-,-,-,-,-,-,-,-,-,-,-
Meat and alternatives,"Frog leg, raw","Raw, uncooked white meat from the hind legs of frogs, with bone, displaying a pale pink colour with tender texture.",Meat and alternatives,Other meats,35%,1 whole = 23g,-,Borrowed,2025,Per 100g,Per Serving (23g),73,6,16.4,1.32,0.3,0.02,0.08,0.01,-,-,0,0,0,0,-,-,0,0,58,5,285,23,18,1,1.5,0.12,81.9,6.59,-,-,0.1,0.01,0.05,Trace,34,2.74,50,4.02,-,-,-,-,-,-,-,-,-,-,-,-,-,-,15,1.21,15,1.21,0,0,0.14,0.01,0.25,0.02,0.12,0.01,15,1.21,0.4,0.03,0,0,8,0.64,1.49,0.12,0.1,0.01,147,12,14.1,1.14,1,0.08
Meat and alternatives,Braised pig heart,"Tender organ meat from the pig's heart, braised until tender, offering a firm, dense texture.",Meat and alternatives,Pork,100%,1 piece(s) = 13g,1 cup(s) = 135g,Borrowed,2025,Per 100g,Per Serving (13g),148,19,23.6,3.07,5.05,0.66,1.34,0.17,-,-,0.4,0.05,-,-,-,-,0,0,35,5,206,27,7,1,5.83,0.76,68.08,8.85,-,-,1.3,0.17,1.18,0.15,0,0,221,28.73,-,-,-,-,-,-,-,-,-,-,-,-,-,-,7,0.91,7,0.91,-,-,0.56,0.07,1.7,0.22,0.39,0.05,4,0.52,3.79,0.49,2,0.26,-,-,-,-,-,-,178,23,18.3,2.38,3.09,0.4
Meat and alternatives,Braised pig kidney,"Soft organ meat from the pig's kidney, braised until tender, offering a firm, dense texture.",Meat and alternatives,Pork,100%,1 piece(s) = 12g,1 cup(s) = 136g,Borrowed,2025,Per 100g,Per Serving (12g),151,18,25.4,3.05,4.7,0.56,1.51,0.18,-,-,0,0,-,-,-,-,0,0,80,10,143,17,13,2,5.29,0.63,68.7,8.24,-,-,0.38,0.05,1.55,0.19,0,0,480,57.6,-,-,-,-,-,-,-,-,-,-,-,-,-,-,78,9.36,78,9.36,-,-,0.4,0.05,1.59,0.19,0.46,0.06,41,4.92,7.79,0.93,10.6,1.27,-,-,-,-,-,-,240,29,311.5,37.38,4.15,0.5
Meat and alternatives,Braised pig tail,"Cooked pale pink meat from the tail portion of the pig, with bone, braised until tender, offering a rich, gelatinous texture.",Meat and alternatives,Pork,68%,1 whole = 275g,-,Borrowed,2025,Per 100g,Per Serving (275g),396,741,17,31.79,35.8,66.95,12.45,23.28,-,-,0,0,-,-,-,-,0,0,25,47,157,294,14,26,0.79,1.48,46.7,87.33,-,-,3.94,7.37,16.89,31.58,0,0,129,241.23,-,-,-,-,-,-,-,-,-,-,-,-,-,-,0,0,0,0,-,-,0.07,0.13,0.07,0.13,0.27,0.5,4,7.48,0.55,1.03,0,0,-,-,-,-,-,-,47,88,3.1,5.8,1.64,3.07
Meat and alternatives,Braised pork liver,"Soft organ meat from the pig's liver, braised until tender, offering a smooth, creamy texture with rich, earthy flavour and distinctive iron-like taste.",Meat and alternatives,Pork,100%,1 piece(s) = 5g,1 cup(s) = 130g,Borrowed,2025,Per 100g,Per Serving (5g),165,8,26.02,1.3,4.4,0.22,1.41,0.07,-,-,3.76,0.19,-,-,-,-,0,0,49,2,150,8,10,1,17.92,0.9,64.32,3.22,-,-,1.05,0.05,0.63,0.03,30,1.5,355,17.75,-,-,-,-,-,-,-,-,-,-,-,-,-,-,5405,270.25,5405,270.25,-,-,0.26,0.01,2.2,0.11,0.57,0.03,163,8.15,18.67,0.93,23.6,1.18,-,-,-,-,-,-,241,12,67.5,3.38,6.72,0.34
Meat and alternatives,Braised pork spare ribs,"Tender meat from the rib portion of the pig, with bone, braised until tender, offering a succulent texture.",Meat and alternatives,Pork,76%,1 piece(s) = 36g,-,Borrowed,2025,Per 100g,Per Serving (36g),397,109,29.06,7.95,30.3,8.29,11.12,3.04,-,-,0,0,0,0,-,-,0,0,93,25,320,88,47,13,1.85,0.51,40.42,11.06,-,-,2.73,0.75,13.48,3.69,0,0,121,33.11,-,-,-,-,-,-,-,-,-,-,-,-,-,-,3,0.82,3,0.82,0,0,0.41,0.11,0.38,0.1,0.35,0.1,4,1.09,1.08,0.3,0,0,104,28.45,0.51,0.14,0,0,261,71,37.4,10.23,4.6,1.26
Meat and alternatives,Fried pig skin,"Crispy pork skin that has been deep-fried until golden and crunchy, offering a satisfying crispy texture.",Meat and alternatives,Pork,100%,1 piece(s) = 3g,-,Borrowed,2025,Per 100g,Per Serving (3g),593,18,58.4,1.75,39.88,1.2,16.06,0.48,-,-,0,0,-,-,-,-,0,0,1439,43,84,3,24,1,1.94,0.06,1.2,0.04,-,-,2.83,0.08,17.02,0.51,-,-,72,2.16,-,-,-,-,-,-,-,-,-,-,-,-,-,-,14,0.42,14,0.42,-,-,0.05,Trace,0.1,Trace,-,-,-,-,-,-,-,-,-,-,-,-,-,-,63,2,-,-,7.32,0.22
Meat and alternatives,Grilled pork tenderloin steak,"Cooked tender meat from the tenderloin portion of pork, without bone, grilled until cooked through, with a slightly charred exterior. Lean muscle meat with internal and external fat attached.",Meat and alternatives,Pork,100%,1 whole = 120g,-,Borrowed,2025,Per 100g,Per Serving (120g),147,176,26.04,31.25,3.96,4.75,1.36,1.63,Trace,Trace,0,0,0,0,-,-,0,0,57,68,419,503,6,7,1.15,1.38,69.11,82.93,-,-,0.57,0.68,1.52,1.82,0,0,73,87.6,-,-,-,-,-,-,-,-,-,-,-,-,-,-,0,0,0,0,0,0,0.94,1.13,0.39,0.47,0.74,0.89,0,0,0.57,0.68,0,0,10,12,0.12,0.14,0,0,265,318,38,45.6,2.41,2.89
Meat and alternatives,"Pig heart, raw","Raw, uncooked organ meat from the pig's heart, displaying a deep red colour with dense, firm texture.",Meat and alternatives,Pork,100%,1 whole = 226g,-,Borrowed,2025,Per 100g,Per Serving (226g),118,267,17.27,39.03,4.36,9.85,1.16,2.62,-,-,1.33,3.01,0,0,-,-,0,0,56,127,294,664,5,11,4.68,10.58,76.21,172.23,-,-,1.12,2.53,1.02,2.31,0,0,131,296.06,-,-,-,-,-,-,-,-,-,-,-,-,-,-,8,18.08,8,18.08,0,0,0.61,1.38,1.19,2.69,0.39,0.88,4,9.04,3.79,8.57,5.3,11.98,-,-,0.94,2.12,-,-,169,382,10.4,23.5,2.8,6.33
Meat and alternatives,"Pig intestine, raw","Raw, uncooked digestive tract from the pig, displaying a pale colour with tubular structure.",Meat and alternatives,Pork,100%,1 piece(s) = 12g,1 cup(s) = 273g,Borrowed,2025,Per 100g,Per Serving (12g),182,22,7.64,0.92,16.61,1.99,7.62,0.91,0,0,0,0,0,0,-,-,0,0,24,3,18,2,16,2,1.02,0.12,76.11,9.13,-,-,1,0.12,5.37,0.64,0,0,154,18.48,-,-,-,-,-,-,-,-,-,-,-,-,-,-,0,0,0,0,0,0,0.02,Trace,0.09,0.01,0.01,Trace,3,0.36,0.82,0.1,1.1,0.13,-,-,0.27,0.03,0,0,48,6,15.1,1.81,1.02,0.12
Meat and alternatives,"Pig kidney, raw","Raw, uncooked soft organ meat from the pig's kidney, displaying a dark red colour with smooth texture.",Meat and alternatives,Pork,100%,1 whole = 233g,-,Borrowed,2025,Per 100g,Per Serving (233g),100,233,16.46,38.35,3.25,7.57,1.04,2.42,-,-,0,0,-,-,-,-,0,0,121,282,229,534,9,21,4.89,11.39,80.06,186.54,-,-,0.26,0.61,1.07,2.49,0,0,319,743.27,-,-,-,-,-,-,-,-,-,-,-,-,-,-,59,137.47,59,137.47,-,-,0.34,0.79,1.7,3.96,0.44,1.03,42,97.86,8.49,19.78,13.3,30.99,-,-,-,-,-,-,204,475,190,442.7,2.75,6.41
Meat and alternatives,"Pig stomach, raw","Raw, uncooked organ meat from the pig's stomach lining, displaying a muscular texture with natural folds and creases.",Meat and alternatives,Pork,100%,1 piece(s) = 11g,-,Borrowed,2025,Per 100g,Per Serving (11g),159,17,16.85,1.85,10.14,1.12,4.03,0.44,Trace,Trace,0,0,0,0,-,-,0,0,75,8,140,15,11,1,1.01,0.11,73.5,8.08,-,-,0.89,0.1,3.59,0.39,0,0,223,24.53,-,-,-,-,-,-,-,-,-,-,-,-,-,-,0,0,0,0,0,0,0.05,0.01,0.2,0.02,0.03,Trace,3,0.33,0.3,0.03,0,0,0,0,0.06,0.01,0,0,130,14,31.1,3.42,1.85,0.2
Meat and alternatives,"Pig tail, raw","Raw, uncooked meat and cartilage from the tail portion of the pig, with bone, displaying a pale pink colour with substantial fat layers and cartilaginous segments.",Meat and alternatives,Pork,70%,1 piece(s) = 129g,-,Borrowed,2025,Per 100g,Per Serving (129g),378,341,17.75,16.03,33.5,30.25,11.64,10.51,-,-,0,0,-,-,-,-,0,0,63,57,349,315,18,16,0.99,0.89,46.05,41.58,-,-,3.68,3.32,15.8,14.27,0,0,97,87.59,-,-,-,-,-,-,-,-,-,-,-,-,-,-,0,0,0,0,-,-,0.21,0.19,0.11,0.1,0.37,0.33,5,4.52,0.88,0.79,0,0,-,-,-,-,-,-,50,45,2.7,2.44,2.31,2.09
Meat and alternatives,"Pig tongue, raw","Raw, uncooked organ meat from the pig's tongue, displaying a pale pink colour with firm, dense texture.",Meat and alternatives,Pork,100%,1 piece(s) = 59g,-,Borrowed,2025,Per 100g,Per Serving (59g),225,133,16.3,9.62,17.2,10.15,5.96,3.52,-,-,0,0,0,0,-,-,0,0,110,65,243,143,16,9,3.35,1.98,65.9,38.88,-,-,1.78,1.05,8.13,4.8,0,0,101,59.59,-,-,-,-,-,-,-,-,-,-,-,-,-,-,0,0,0,0,0,0,0.49,0.29,0.49,0.29,0.24,0.14,4,2.36,2.84,1.68,4.4,2.6,-,-,0.43,0.25,-,-,193,114,10.4,6.14,3.01,1.78
Meat and alternatives,"Pig trotter, raw","Raw, uncooked foot portion of the pig, with bone, displaying a pale pink colour with gelatinous connective tissue throughout.",Meat and alternatives,Pork,60%,1 piece(s) = 61g,-,Borrowed,2025,Per 100g,Per Serving (61g),212,78,23.16,8.48,12.59,4.61,3.57,1.31,0,0,0,0,0,0,-,-,0,0,132,48,63,23,70,26,0.58,0.21,64.99,23.79,-,-,1.09,0.4,6.29,2.3,0,0,88,32.21,-,-,-,-,-,-,-,-,-,-,-,-,-,-,0,0,0,0,0,0,0.03,0.01,0.11,0.04,0.05,0.02,10,3.66,0.52,0.19,0,0,-,-,0.03,0.01,0,0,75,27,23.3,8.53,0.76,0.28
Meat and alternatives,"Pork butterfly steak, raw","Raw, uncooked pork meat that has been butterflied (cut open and flattened), without bone, displaying a pale pink colour with tender texture. Lean muscle meat with internal and external fat attached.",Meat and alternatives,Pork,100%,1 whole = 155g,-,Borrowed,2025,Per 100g,Per Serving (155g),154,239,22.7,35.18,7,10.85,2.43,3.77,0.03,0.05,0,0,0,0,0,0,0,0,44,68,398,617,6,9,0.54,0.84,70.6,109.43,3.63,5.63,0.79,1.22,3.01,4.67,4.02,6.23,47,72.85,0,0,0,0,0,0,0,0,0,0,0,0,0,0,2,3.1,2,3.1,0,0,0.79,1.22,0,0,0.54,0.84,53,82.15,0.3,0.47,0,0,32.4,50.22,0.31,0.48,-,-,228,353,25.8,39.99,1.46,2.26
Meat and alternatives,"Pork leg, raw","Raw, uncooked meat from the hind leg portion of pork, with bone, displaying a pale pink colour with firm texture. Lean muscle meat with internal and external fat attached.",Meat and alternatives,Pork,84%,1 piece(s) = 125g,-,Borrowed,2025,Per 100g,Per Serving (125g),245,257,17.43,18.3,18.87,19.81,6.54,6.87,-,-,0,0,-,-,-,-,0,0,47,49,315,331,5,5,0.85,0.89,62.47,65.59,-,-,2.01,2.11,8.38,8.8,-,-,73,76.65,-,-,-,-,-,-,-,-,-,-,-,-,-,-,0,0,0,0,-,-,0.74,0.78,0.2,0.21,0.4,0.42,7,7.35,0.63,0.66,0.7,0.73,20,21,-,-,-,-,199,209,29.4,30.87,1.93,2.03
Meat and alternatives,"Pork liver, raw","Raw, uncooked organ meat from the pig's liver, displaying a dark reddish-brown colour with smooth, dense texture.",Meat and alternatives,Pork,100%,1 piece(s) = 9g,1 cup(s) = 226g,Borrowed,2025,Per 100g,Per Serving (9g),134,12,21.39,1.93,3.65,0.33,1.17,0.11,-,-,2.47,0.22,-,-,-,-,0,0,87,8,273,25,9,1,23.3,2.1,71.06,6.4,-,-,0.87,0.08,0.52,0.05,20,1.8,301,27.09,-,-,-,-,-,-,-,-,-,-,-,-,-,-,6502,585.18,6502,585.18,-,-,0.28,0.03,3.01,0.27,0.69,0.06,212,19.08,26,2.34,25.3,2.28,-,-,-,-,-,-,288,26,52.7,4.74,5.76,0.52
Meat and alternatives,"Pork spare ribs, raw","Raw, uncooked meat from the rib portion of pork, with bone, displaying a pale pink colour with marbled texture.",Meat and alternatives,Pork,76%,1 piece(s) = 54g,-,Borrowed,2025,Per 100g,Per Serving (54g),286,117,18.1,7.43,24,9.85,9.42,3.87,0.11,0.05,0,0,0,0,0,0,0,0,43,18,320,131,12,5,0.4,0.16,57.3,23.52,2.9,1.19,2.31,0.95,10.94,4.49,6.25,2.57,47,19.29,0,0,0,0,0,0,0,0,0,0,0,0,0,0,6,2.46,6,2.46,0,0,0.56,0.23,0.13,0.05,0.25,0.1,25,10.26,0.5,0.21,0,0,83.2,34.15,0.34,0.14,-,-,177,73,2,0.82,0.99,0.41
Meat and alternatives,Roasted pork spare ribs,"Tender meat from the rib portion of pork, with bone, oven baked until cooked through, offering a succulent texture.",Meat and alternatives,Pork,76%,1 piece(s) = 28g,-,Borrowed,2025,Per 100g,Per Serving (28g),361,77,20.89,4.45,30.86,6.57,9.24,1.97,Trace,Trace,0,0,0,0,-,-,0,0,91,19,265,56,19,4,1.43,0.3,48.11,10.24,-,-,3,0.64,10.71,2.28,0,0,105,22.34,-,-,-,-,-,-,-,-,-,-,-,-,-,-,0,0,0,0,0,0,0.42,0.09,0.33,0.07,0.59,0.13,0,0,0.45,0.1,0,0,88,18.73,0.21,0.04,0,0,162,34,30.6,6.51,3.26,0.69
Meat and alternatives,Bak kut teh (dry),"Singaporean stir-fried pork ribs braised in dark soy sauce, garlic, dried chillies and aromatic herbs",Meat and alternatives,Pork-based dishes,100%,1 bowl(s) = 282g,-,Lab Analysis,2023,Per 100g,Per Serving (282g),240,677,16.01,45.15,14.87,41.93,5.97,16.84,-,-,10.49,29.58,7.93,22.36,-,-,2.21,6.23,770,2171,-,-,-,-,-,-,-,-,-,-,-,-,-,-,-,-,-,-,-,-,-,-,-,-,-,-,-,-,-,-,-,-,-,-,-,-,-,-,-,-,-,-,-,-,-,-,-,-,-,-,-,-,-,-,-,-,-,-,-,-,-,-
Meat and alternatives,Bak kut teh (soup),Pork rib soup with herbs and spices,Meat and alternatives,Pork-based dishes,83.98%,1 bowl(s) = 574g,-,Lab Analysis,2025,Per 100g,Per Serving (574g),45,217,4.07,19.62,3.15,15.18,1.16,5.59,Trace,Trace,Trace,Trace,Trace,Trace,-,-,Trace,Trace,371,1788,120,578,6,29,Trace,Trace,91.75,442.28,-,-,0.5,2.41,1.01,4.87,Trace,Trace,-,-,Trace,Trace,Trace,Trace,Trace,Trace,Trace,Trace,Trace,Trace,Trace,Trace,-,-,-,-,-,-,-,-,-,-,-,-,-,-,-,-,-,-,-,-,-,-,-,-,-,-,-,-,-,-,-,-
Meat and alternatives,Black vinegar pig's trotter,"Pig trotter pieces cooked in soup made from black vinegar, ginger and sugar",Meat and alternatives,Pork-based dishes,95%,1 scoop(s) (serving spoon) = 100g,-,Lab Analysis,2010,Per 100g,Per Serving (100g),107,102,5.4,5.13,4.7,4.47,1.28,1.22,-,-,10.6,10.07,8.9,8.46,-,-,0.7,0.66,106,101,-,-,62,59,0.5,0.48,-,-,-,-,0.93,0.88,2.32,2.2,-,-,-,-,-,-,-,-,-,-,-,-,-,-,-,-,-,-,0,0,-,-,-,-,-,-,-,-,-,-,-,-,-,-,0.5,0.48,-,-,-,-,-,-,-,-,-,-,-,-
Meat and alternatives,Braised pig skin,"Pig's skin served in black sauce, braised",Meat and alternatives,Pork-based dishes,100%,1 piece(s) = 75g,-,Lab Analysis,2010,Per 100g,Per Serving (75g),155,116,16.2,12.15,10,7.5,3.4,2.55,-,-,Trace,Trace,Trace,Trace,-,-,0,0,432,324,-,-,90,68,3.1,2.33,-,-,-,-,1.5,1.13,4.6,3.45,-,-,-,-,-,-,-,-,-,-,-,-,-,-,-,-,-,-,8,6,-,-,-,-,-,-,-,-,-,-,-,-,-,-,0,0,-,-,-,-,-,-,-,-,-,-,-,-
Meat and alternatives,Braised pig trotters with mushroom,"Pig trotter with Chinese mushroom and chestnuts, braised in claypot",Meat and alternatives,Pork-based dishes,62%,1 scoop(s) (serving spoon) = 100g,1 bowl(s) = 284g,Lab Analysis,2010,Per 100g,Per Serving (100g),205,127,17.38,10.78,13.64,8.46,4.55,2.82,-,-,3.42,2.12,1.44,0.89,-,-,3.1,1.92,330,205,-,-,47,29,0.3,0.19,-,-,-,-,1.9,1.18,6.55,4.06,-,-,-,-,-,-,-,-,-,-,-,-,-,-,-,-,-,-,7.8,4.84,-,-,-,-,-,-,-,-,-,-,-,-,-,-,0,0,-,-,-,-,-,-,-,-,-,-,-,-
Meat and alternatives,Braised pig's intestine,Pig's small intestine braised in black sauce,Meat and alternatives,Pork-based dishes,100%,1 scoop(s) (serving spoon) = 100g,-,Lab Analysis,2010,Per 100g,Per Serving (100g),150,150,13.16,13.16,10.76,10.76,5.75,5.75,0,0,0,0,0,0,-,-,0,0,686,686,-,-,44,44,1.93,1.93,-,-,-,-,0.98,0.98,3.55,3.55,-,-,-,-,-,-,-,-,-,-,-,-,-,-,-,-,-,-,46.46,46.46,-,-,-,-,-,-,-,-,-,-,-,-,-,-,0.25,0.25,-,-,-,-,-,-,-,-,-,-,-,-
Meat and alternatives,Braised pork belly,Pork belly braised in dark soy sauce with spices and aromatics,Meat and alternatives,Pork-based dishes,100%,1 scoop(s) (serving spoon) = 100g,-,Lab Analysis,2023,Per 100g,Per Serving (100g),244,244,16.6,16.6,16.9,16.9,5.35,5.35,-,-,7.05,7.05,1.55,1.55,-,-,1.82,1.82,384,384,-,-,-,-,-,-,-,-,-,-,-,-,-,-,-,-,-,-,-,-,-,-,-,-,-,-,-,-,-,-,-,-,-,-,-,-,-,-,-,-,-,-,-,-,-,-,-,-,-,-,-,-,-,-,-,-,-,-,-,-,-,-
Meat and alternatives,Char siew,Honey barbecue pork,Meat and alternatives,Pork-based dishes,100%,1 portion(s) = 66g,-,Lab Analysis,2025,Per 100g,Per Serving (66g),212,140,25.7,16.96,9.7,6.4,3.03,2,0.02,0.01,8.6,5.68,6.45,4.26,-,-,2.15,1.42,540,356,337,222,7,5,3.52,2.32,56.45,37.26,-,-,1.63,1.08,3.82,2.52,Trace,Trace,-,-,Trace,Trace,0.55,0.36,Trace,Trace,Trace,Trace,5.95,3.93,Trace,Trace,-,-,-,-,-,-,-,-,-,-,-,-,-,-,-,-,-,-,-,-,-,-,-,-,-,-,-,-,-,-,-,-
Meat and alternatives,Fried pork chop,"Lean pork marinated with oyster sauce, soya sauce, and spices, pan fried",Meat and alternatives,Pork-based dishes,100%,1 piece(s) = 128g,-,Lab Analysis,2023,Per 100g,Per Serving (128g),161,206,24.09,30.84,5.77,7.39,2.44,3.12,-,-,3.23,4.13,0,0,-,-,0.47,0.6,558,714,-,-,-,-,-,-,-,-,-,-,-,-,-,-,-,-,-,-,-,-,-,-,-,-,-,-,-,-,-,-,-,-,-,-,-,-,-,-,-,-,-,-,-,-,-,-,-,-,-,-,-,-,-,-,-,-,-,-,-,-,-,-
Meat and alternatives,Grilled pork chop,Grilled pork midloin chop,Meat and alternatives,Pork-based dishes,75%,1 piece(s) = 135g,-,Borrowed,2025,Per 100g,Per Serving (135g),363,368,23.7,24,30.1,30.48,10.4,10.53,-,-,0,0,Trace,Trace,-,-,Trace,Trace,56,57,-,-,14,14,1,1.01,-,-,-,-,3,3.04,14.3,14.48,-,-,-,-,-,-,-,-,-,-,-,-,-,-,-,-,-,-,7,7.09,-,-,-,-,-,-,-,-,-,-,-,-,-,-,0,0,-,-,-,-,-,-,-,-,-,-,-,-
Meat and alternatives,Gyoza,Fried dumpling with chives and minced pork filling,Meat and alternatives,Pork-based dishes,100%,1 piece(s) = 19g,-,Lab Analysis,2025,Per 100g,Per Serving (19g),187,36,8.44,1.6,7.7,1.46,2.36,0.45,0.03,0.01,21,3.99,0.4,0.08,-,-,0.8,0.15,424,81,146,28,20,4,0.59,0.11,61.35,11.66,-,-,1.13,0.21,2.94,0.56,Trace,Trace,-,-,Trace,Trace,Trace,Trace,0.4,0.08,Trace,Trace,Trace,Trace,Trace,Trace,-,-,-,-,-,-,-,-,-,-,-,-,-,-,-,-,-,-,-,-,-,-,-,-,-,-,-,-,-,-,-,-
Meat and alternatives,Herbal bak kut teh (Malaysian),Malaysian-style pork rib soup with medicinal herbs and spices,Meat and alternatives,Pork-based dishes,100%,1 bowl(s) = 502g,-,Lab Analysis,2023,Per 100g,Per Serving (502g),143,718,9.55,47.94,10.44,52.41,4.11,20.63,-,-,2.82,14.16,2.16,10.84,-,-,0,0,253,1270,-,-,-,-,-,-,-,-,-,-,-,-,-,-,-,-,-,-,-,-,-,-,-,-,-,-,-,-,-,-,-,-,-,-,-,-,-,-,-,-,-,-,-,-,-,-,-,-,-,-,-,-,-,-,-,-,-,-,-,-,-,-
Meat and alternatives,Liver roll ngoh hiang,Deep-fried sausage-shaped minced pork liver and fatty meat wrapped in dried beancurd sheet,Meat and alternatives,Pork-based dishes,100%,1 roll(s) = 140g,-,Lab Analysis,2010,Per 100g,Per Serving (140g),373,522,13.4,18.76,28.9,40.46,14.1,19.74,-,-,14.8,20.72,8.7,12.18,-,-,1.6,2.24,660,924,-,-,20,28,9,12.6,-,-,-,-,3.6,5.04,9.9,13.86,-,-,-,-,-,-,-,-,-,-,-,-,-,-,-,-,-,-,12815,17941,-,-,-,-,-,-,-,-,-,-,-,-,-,-,Trace,Trace,-,-,-,-,-,-,-,-,-,-,-,-
Meat and alternatives,Lor bak (braised pork belly),Pork meat stewed in soya sauce and garlic,Meat and alternatives,Pork-based dishes,100%,1 scoop(s) (serving spoon) = 93g,-,Lab Analysis,2025,Per 100g,Per Serving (93g),243,226,21.7,20.18,15.9,14.79,5.18,4.82,0.06,0.06,3.35,3.12,1.8,1.67,-,-,0.78,0.73,549,511,72,67,15,14,0.63,0.59,57.35,53.34,-,-,2.14,1.99,6.55,6.09,Trace,Trace,-,-,0.3,0.28,0.55,0.51,Trace,Trace,Trace,Trace,1,0.93,Trace,Trace,-,-,-,-,-,-,-,-,-,-,-,-,-,-,-,-,-,-,-,-,-,-,-,-,-,-,-,-,-,-,-,-
Meat and alternatives,Lotus root and pork ribs soup,"Clear soup with lotus root, pork ribs and peanuts",Meat and alternatives,Pork-based dishes,94.61%,1 bowl(s) = 562g,-,Lab Analysis,2025,Per 100g,Per Serving (562g),66,351,5.37,28.55,1.75,9.3,0.48,2.55,Trace,Trace,7.2,38.28,Trace,Trace,-,-,1.47,7.82,293,1558,111,590,20,106,0.29,1.54,84.5,449.29,-,-,0.42,2.23,0.61,3.24,5,26.59,-,-,Trace,Trace,Trace,Trace,Trace,Trace,Trace,Trace,Trace,Trace,Trace,Trace,-,-,-,-,-,-,-,-,-,-,-,-,-,-,-,-,-,-,-,-,-,-,-,-,-,-,-,-,-,-,-,-
Meat and alternatives,Minced pork tofu soup,Minced pork with tofu cubes in clear soup,Meat and alternatives,Pork-based dishes,100%,1 bowl(s) = 450g,-,Lab Analysis,2010,Per 100g,Per Serving (450g),24,108,3.1,13.95,1,4.5,0.4,1.8,-,-,0.7,3.15,-,-,-,-,0.1,0.45,444,1998,-,-,15,68,0.6,2.7,-,-,-,-,0.3,1.35,0.3,1.35,-,-,-,-,-,-,-,-,-,-,-,-,-,-,-,-,-,-,Trace,Trace,-,-,-,-,-,-,-,-,-,-,-,-,-,-,-,-,-,-,-,-,-,-,-,-,-,-,-,-
Meat and alternatives,Peking spare ribs,"Pork ribs served with tomato sauce, deep-fried, boneless and lean only",Meat and alternatives,Pork-based dishes,92%,1 piece(s) = 100g,-,Lab Analysis,2010,Per 100g,Per Serving (100g),224,206,21.8,20.06,12.9,11.87,5.3,4.88,-,-,5,4.6,1.8,1.66,-,-,0,0,395,363,-,-,37,34,1.5,1.38,-,-,-,-,1.5,1.38,5.5,5.06,-,-,-,-,-,-,-,-,-,-,-,-,-,-,-,-,-,-,Trace,Trace,-,-,-,-,-,-,-,-,-,-,-,-,-,-,0,0,-,-,-,-,-,-,-,-,-,-,-,-
Meat and alternatives,Pig organ soup,"Soup made with pig organs, pork and salted vegetables",Meat and alternatives,Pork-based dishes,100%,1 bowl(s) = 450g,1 claypot(s) = 710g,Lab Analysis,2010,Per 100g,Per Serving (450g),36,162,5,22.5,1.3,5.85,0.5,2.25,-,-,1.1,4.95,-,-,-,-,0.3,1.35,348,1566,-,-,9,41,2.5,11.25,-,-,-,-,0.1,0.45,0.4,1.8,-,-,-,-,-,-,-,-,-,-,-,-,-,-,-,-,-,-,Trace,Trace,-,-,-,-,-,-,-,-,-,-,-,-,-,-,-,-,-,-,-,-,-,-,-,-,-,-,-,-
Meat and alternatives,Pig's stomach soup,"Soup, with boiled pig's stomach, peppercorns and ginger",Meat and alternatives,Pork-based dishes,100%,1 bowl(s) = 450g,1 claypot(s) = 732g,Lab Analysis,2024,Per 100g,Per Serving (450g),52,234,6.75,30.38,1.85,8.33,0.85,3.83,0,0,1.91,8.59,0.7,3.15,-,-,0.15,0.68,296,1332,-,-,16,72,0.48,2.16,-,-,-,-,0.08,0.36,0.27,1.22,-,-,-,-,-,-,-,-,-,-,-,-,-,-,-,-,-,-,0,0,-,-,-,-,-,-,-,-,-,-,-,-,-,-,0,0,-,-,-,-,-,-,-,-,-,-,-,-
Meat and alternatives,"Pork and chives dumpling (6 pc, in soup)",Six dumplings filled with minced pork and chives in clear broth,Meat and alternatives,Pork-based dishes,100%,1 bowl(s) = 668g,-,Lab Analysis,2023,Per 100g,Per Serving (668g),92,615,4.53,30.26,6.67,44.56,2.59,17.3,-,-,3.47,23.18,0.07,0.47,-,-,0.76,5.08,404,2699,-,-,-,-,-,-,-,-,-,-,-,-,-,-,-,-,-,-,-,-,-,-,-,-,-,-,-,-,-,-,-,-,-,-,-,-,-,-,-,-,-,-,-,-,-,-,-,-,-,-,-,-,-,-,-,-,-,-,-,-,-,-
Meat and alternatives,Fried pork cutlet,Deep-fried battered pork chop,Meat and alternatives,Pork-based dishes,91.70%,1 piece(s) = 229g,-,Lab Analysis,2025,Per 100g,Per Serving (229g),309,649,17.6,36.96,20.25,42.52,7.22,15.16,0.07,0.15,14.15,29.71,Trace,Trace,-,-,Trace,Trace,555,1165,255,535,12,25,0.66,1.39,45.35,95.23,-,-,2.89,6.07,8.16,17.14,Trace,Trace,-,-,Trace,Trace,Trace,Trace,Trace,Trace,Trace,Trace,Trace,Trace,Trace,Trace,-,-,-,-,-,-,-,-,-,-,-,-,-,-,-,-,-,-,-,-,-,-,-,-,-,-,-,-,-,-,-,-
Meat and alternatives,Pork liver soup,"Soup, with pork liver, salted vegetable, spring onion and spinach",Meat and alternatives,Pork-based dishes,100%,1 bowl(s) = 450g,1 claypot(s) = 710g,Lab Analysis,2010,Per 100g,Per Serving (450g),37,167,5.8,26.1,1.4,6.3,0.79,3.56,-,-,0.3,1.35,0.3,1.35,-,-,0.3,1.35,290,1305,-,-,7,32,2.1,9.45,-,-,-,-,0.1,0.45,0.41,1.84,-,-,-,-,-,-,-,-,-,-,-,-,-,-,-,-,-,-,3423,15403.5,-,-,-,-,-,-,-,-,-,-,-,-,-,-,0.3,1.35,-,-,-,-,-,-,-,-,-,-,-,-
Meat and alternatives,Pork ribs and peanut soup,pork rib soup boilied with peanut,Meat and alternatives,Pork-based dishes,95%,1 bowl(s) = 450g,1 claypot(s) = 710g,Lab Analysis,2010,Per 100g,Per Serving (450g),87,372,9.16,39.16,5.01,21.42,1.05,4.49,-,-,1.05,4.49,0.72,3.08,-,-,0.41,1.75,272,1163,-,-,10,43,0.7,2.99,-,-,-,-,1.48,6.33,2.19,9.36,-,-,-,-,-,-,-,-,-,-,-,-,-,-,-,-,-,-,13.24,56.6,-,-,-,-,-,-,-,-,-,-,-,-,-,-,-,-,-,-,-,-,-,-,-,-,-,-,-,-
Meat and alternatives,Pork ribs and watercress soup,"Watercress boiled with pork rib and herbs (e.g. dates, wolfberries), served as soup",Meat and alternatives,Pork-based dishes,93.70%,1 bowl(s) = 652g,1 claypot(s) = 710g,Lab Analysis,2026,Per 100g,Per Serving (652g),44,269,4.2,25.66,1.35,8.25,0.65,3.97,0.01,0.06,3.84,23.46,0.7,4.28,-,-,1.1,6.72,207,1265,80,489,20,122,0.68,4.15,88.7,541.89,-,-,-,-,-,-,-,-,-,-,0.1,0.61,0.4,2.44,0,0,0,0,0.2,1.22,0,0,-,-,-,-,-,-,-,-,-,-,-,-,-,-,-,-,-,-,-,-,-,-,-,-,-,-,-,-,-,-,-,-
Meat and alternatives,Pork ribs and wintermelon soup,Winter melon boiled with pork ribs served in soup,Meat and alternatives,Pork-based dishes,92.60%,1 bowl(s) = 680g,1 claypot(s) = 710g,Lab Analysis,2026,Per 100g,Per Serving (680g),36,227,2.6,16.37,1.7,10.7,0.7,4.41,0,0,2.55,16.06,1.1,6.93,-,-,0.5,3.15,171,1077,51,321,16,101,0.4,2.52,92,579.31,-,-,-,-,-,-,-,-,-,-,0.2,1.26,0.2,1.26,0,0,0,0,0.7,4.41,0,0,-,-,-,-,-,-,-,-,-,-,-,-,-,-,-,-,-,-,-,-,-,-,-,-,-,-,-,-,-,-,-,-
Meat and alternatives,Pork ribs with black bean sauce,"Braised pork ribs, with black mushroom and taucheo",Meat and alternatives,Pork-based dishes,52%,1 scoop(s) (serving spoon) = 100g,-,Lab Analysis,2010,Per 100g,Per Serving (100g),176,92,15.69,8.16,11.56,6.01,4.34,2.26,0,0,2.38,1.24,1.87,0.97,-,-,1.51,0.79,279,145,-,-,70,36,2.15,1.12,-,-,-,-,1.95,1.01,4.73,2.46,-,-,-,-,-,-,-,-,-,-,-,-,-,-,-,-,-,-,32.38,16.84,-,-,-,-,-,-,-,-,-,-,-,-,-,-,1.5,0.78,-,-,-,-,-,-,-,-,-,-,-,-
Meat and alternatives,Pork satay,"Boneless pork, marinated with spices, skewered and barbequed",Meat and alternatives,Pork-based dishes,100%,1 stick(s) = 11g,-,Lab Analysis,2024,Per 100g,Per Serving (11g),293,32,20.88,2.3,16.19,1.78,5.73,0.63,-,-,15.76,1.73,14.52,1.6,-,-,0.97,0.11,453,50,-,-,-,-,-,-,-,-,-,-,-,-,-,-,-,-,-,-,-,-,-,-,-,-,-,-,-,-,-,-,-,-,-,-,-,-,-,-,-,-,-,-,-,-,-,-,-,-,-,-,-,-,-,-,-,-,-,-,-,-,-,-
Meat and alternatives,Pork satay with sauce,"Boneless pork, marinated with spices, skewered and barbequed, served with peanut sauce",Meat and alternatives,Pork-based dishes,100%,1 stick(s) = 21g,-,Derived,2026,Per 100g,Per Serving (21g),250,53,14.09,2.96,13.08,2.75,4.19,0.88,Trace,Trace,18.83,3.95,10.53,2.21,-,-,3.39,0.71,415,87,85,18,10,2,0.4,0.08,28.62,6.01,-,-,1.36,0.29,1.57,0.33,Trace,Trace,-,-,Trace,Trace,2.86,0.6,Trace,Trace,Trace,Trace,Trace,Trace,Trace,Trace,-,-,-,-,-,-,-,-,-,-,-,-,-,-,-,-,-,-,-,-,-,-,-,-,-,-,-,-,-,-,-,-
Meat and alternatives,Roasted pork belly,"Pork belly marinated with spices, roasted",Meat and alternatives,Pork-based dishes,100%,1 portion(s) = 69g,-,Lab Analysis,2025,Per 100g,Per Serving (69g),437,302,15.4,10.63,40.55,27.98,13.75,9.49,0.1,0.07,2.65,1.83,0.1,0.07,-,-,Trace,Trace,335,231,181,125,5,3,0.49,0.34,40.2,27.74,-,-,7.02,4.84,17.3,11.94,Trace,Trace,-,-,Trace,Trace,0.1,0.07,Trace,Trace,Trace,Trace,Trace,Trace,Trace,Trace,-,-,-,-,-,-,-,-,-,-,-,-,-,-,-,-,-,-,-,-,-,-,-,-,-,-,-,-,-,-,-,-
Meat and alternatives,Salted egg pork rib,Deep-fried pork ribs coated in salted egg sauce,Meat and alternatives,Pork-based dishes,100%,1 scoop(s) (serving spoon) = 100g,-,Lab Analysis,2018,Per 100g,Per Serving (100g),310,310,16.81,16.81,21.59,21.59,10.54,10.54,0.06,0.06,12,12,3.69,3.69,-,-,1.81,1.81,530,530,-,-,49,49,1.3,1.3,-,-,-,-,2.26,2.26,8.75,8.75,-,-,-,-,-,-,-,-,-,-,-,-,-,-,-,-,-,-,80.25,80.25,-,-,-,-,-,-,-,-,-,-,-,-,-,-,0,0,-,-,-,-,-,-,-,-,-,-,-,-
Meat and alternatives,Siew mai,Steamed minced pork with seasoning wrapped in wanton skin with crab roe on top,Meat and alternatives,Pork-based dishes,100%,1 piece(s) = 30g,-,Lab Analysis,2025,Per 100g,Per Serving (30g),222,67,9.16,2.75,13.3,3.99,4.37,1.31,0.04,0.01,16.45,4.94,3.9,1.17,-,-,1.26,0.38,483,145,184,55,11,3,0.47,0.14,59.5,17.85,-,-,2.35,0.71,5.84,1.75,Trace,Trace,-,-,0.3,0.09,0.3,0.09,0.2,0.06,Trace,Trace,3.1,0.93,Trace,Trace,-,-,-,-,-,-,-,-,-,-,-,-,-,-,-,-,-,-,-,-,-,-,-,-,-,-,-,-,-,-,-,-
Meat and alternatives,Steamed minced pork with mushroom,"Minced pork with chinese mushroom, steamed",Meat and alternatives,Pork-based dishes,100%,1 scoop(s) (serving spoon) = 100g,-,Lab Analysis,2010,Per 100g,Per Serving (100g),210,210,13.5,13.5,16.46,16.46,6.13,6.13,-,-,1.93,1.93,1.18,1.18,-,-,2.05,2.05,493,493,-,-,31,31,1.3,1.3,-,-,-,-,2.93,2.93,6.62,6.62,-,-,-,-,-,-,-,-,-,-,-,-,-,-,-,-,-,-,7.7,7.7,-,-,-,-,-,-,-,-,-,-,-,-,-,-,0.3,0.3,-,-,-,-,-,-,-,-,-,-,-,-
Meat and alternatives,Steamed minced pork with salted fish,"Minced pork with salted fish, ginger and oyster sauce, steamed",Meat and alternatives,Pork-based dishes,100%,1 scoop(s) (serving spoon) = 100g,-,Lab Analysis,2010,Per 100g,Per Serving (100g),214,214,20.5,20.5,14.4,14.4,5.17,5.17,-,-,0.7,0.7,0.1,0.1,-,-,0.9,0.9,793,793,-,-,16,16,0.3,0.3,-,-,-,-,2.86,2.86,5.72,5.72,-,-,-,-,-,-,-,-,-,-,-,-,-,-,-,-,-,-,4,4,-,-,-,-,-,-,-,-,-,-,-,-,-,-,0.3,0.3,-,-,-,-,-,-,-,-,-,-,-,-
Meat and alternatives,Steamed spare ribs,Pork spare ribs steamed with black beans and garlic,Meat and alternatives,Pork-based dishes,63%,1 scoop(s) (serving spoon) = 101g,-,Lab Analysis,2010,Per 100g,Per Serving (101g),202,129,14,8.91,13.08,8.32,5.29,3.37,-,-,7.18,4.57,5.69,3.62,-,-,2.36,1.5,412,262,-,-,50,32,3.21,2.04,-,-,-,-,1.74,1.11,5.43,3.46,-,-,-,-,-,-,-,-,-,-,-,-,-,-,-,-,-,-,33.9,21.57,-,-,-,-,-,-,-,-,-,-,-,-,-,-,8.2,5.22,-,-,-,-,-,-,-,-,-,-,-,-
Meat and alternatives,Sweet and sour pork,Deep-fried pork meat with pineapple and green peppers in sweet and sour sauce,Meat and alternatives,Pork-based dishes,100%,1 scoop(s) (serving spoon) = 100g,-,Lab Analysis,2023,Per 100g,Per Serving (100g),310,310,13.03,13.03,19.45,19.45,6.97,6.97,-,-,20.65,20.65,8.15,8.15,-,-,0.75,0.75,514,514,-,-,-,-,-,-,-,-,-,-,-,-,-,-,-,-,-,-,-,-,-,-,-,-,-,-,-,-,-,-,-,-,-,-,-,-,-,-,-,-,-,-,-,-,-,-,-,-,-,-,-,-,-,-,-,-,-,-,-,-,-,-
Meat and alternatives,Sweet and sour pork cutlet,Deep-fried pork cutlet with pineapple and green peppers in sweet and sour sauce,Meat and alternatives,Pork-based dishes,100%,1 piece(s) = 100g,-,Lab Analysis,2023,Per 100g,Per Serving (100g),214,214,17.96,17.96,10.86,10.86,3.75,3.75,-,-,11.03,11.03,5,5,-,-,0.75,0.75,668,668,-,-,-,-,-,-,-,-,-,-,-,-,-,-,-,-,-,-,-,-,-,-,-,-,-,-,-,-,-,-,-,-,-,-,-,-,-,-,-,-,-,-,-,-,-,-,-,-,-,-,-,-,-,-,-,-,-,-,-,-,-,-
Meat and alternatives,Thai basil pork (meat only),Stir-fried pork with basil and chilli,Meat and alternatives,Pork-based dishes,100%,1 plate(s) = 131g,-,Lab Analysis,2018,Per 100g,Per Serving (131g),169,221,12.97,16.99,10.9,14.28,4.31,5.65,0,0,4.88,6.39,3.58,4.69,-,-,1.37,1.79,573,751,-,-,23,30,1.48,1.94,-,-,-,-,1.94,2.54,4.64,6.08,-,-,-,-,-,-,-,-,-,-,-,-,-,-,-,-,-,-,0,0,-,-,-,-,-,-,-,-,-,-,-,-,-,-,0,0,-,-,-,-,-,-,-,-,-,-,-,-
Meat and alternatives,Wanton soup,"3 wantons made from chopped pork, prawns and spring onion wrapped in wanton skin, served in soup with vegetables",Meat and alternatives,Pork-based dishes,100%,1 bowl(s) = 620g,-,Lab Analysis,2025,Per 100g,Per Serving (620g),43,267,2.3,14.26,0.6,3.72,0.18,1.12,Trace,Trace,7.1,44.02,0.6,3.72,-,-,Trace,Trace,322,1996,41,254,8,50,Trace,Trace,88.95,551.49,-,-,0.06,0.37,0.2,1.24,Trace,Trace,-,-,Trace,Trace,Trace,Trace,Trace,Trace,Trace,Trace,0.6,3.72,Trace,Trace,-,-,-,-,-,-,-,-,-,-,-,-,-,-,-,-,-,-,-,-,-,-,-,-,-,-,-,-,-,-,-,-
Meat and alternatives,Xiao long bao,Chinese soup dumplings with minced pork and rich broth wrapped in thin dough,Meat and alternatives,Pork-based dishes,100%,1 piece(s) = 23g,-,Lab Analysis,2025,Per 100g,Per Serving (23g),189,43,9.63,2.21,9.45,2.17,3.48,0.8,0.01,Trace,16.2,3.73,0.55,0.13,-,-,2.44,0.56,356,82,126,29,20,5,0.45,0.1,63.05,14.5,-,-,1.31,0.3,3.8,0.87,Trace,Trace,-,-,Trace,Trace,0.15,0.03,0.35,0.08,Trace,Trace,Trace,Trace,Trace,Trace,-,-,-,-,-,-,-,-,-,-,-,-,-,-,-,-,-,-,-,-,-,-,-,-,-,-,-,-,-,-,-,-
Meat and alternatives,Braised pig's innards,"Pork organs such as intestines, liver, or stomach braised in soy sauce and spices",Meat and alternatives,Pork-based dishes,100%,1 piece(s) = 63g,-,Lab Analysis,2025,Per 100g,Per Serving (63g),214,135,13.7,8.63,16.25,10.24,7.26,4.57,0.04,0.03,3.1,1.95,2.15,1.35,-,-,0.86,0.54,631,398,60,38,16,10,0.95,0.6,65.15,41.04,-,-,1.76,1.11,5.54,3.49,Trace,Trace,-,-,0.4,0.25,0.3,0.19,Trace,Trace,Trace,Trace,1.4,0.88,Trace,Trace,-,-,-,-,-,-,-,-,-,-,-,-,-,-,-,-,-,-,-,-,-,-,-,-,-,-,-,-,-,-,-,-
Meat and alternatives,Luncheon meat,Sliced preserved meat,Meat and alternatives,Processed meats,100%,1 slice(s) = 39g,-,Lab Analysis,2025,Per 100g,Per Serving (39g),276,108,12.3,4.8,18.5,7.22,5.94,2.32,0.05,0.02,14.9,5.81,Trace,Trace,-,-,1.61,0.63,594,232,279,109,34,13,1.02,0.4,52,20.28,-,-,2.8,1.09,7.19,2.8,Trace,Trace,-,-,Trace,Trace,Trace,Trace,Trace,Trace,Trace,Trace,Trace,Trace,Trace,Trace,-,-,-,-,-,-,-,-,-,-,-,-,-,-,-,-,-,-,-,-,-,-,-,-,-,-,-,-,-,-,-,-
Meat and alternatives,Bak kwa,Barbeque glazed honey pork slice,Meat and alternatives,Processed meats,100%,1 slice(s) = 94g,-,Lab Analysis,2010,Per 100g,Per Serving (94g),394,370,38.4,36.1,4.3,4.04,1.86,1.75,-,-,50.3,47.28,46,43.24,-,-,1.8,1.69,901,847,-,-,8,8,1.1,1.03,-,-,-,-,0.43,0.4,0,0,-,-,-,-,-,-,-,-,-,-,-,-,-,-,-,-,-,-,5,4.7,-,-,-,-,-,-,-,-,-,-,-,-,-,-,0.4,0.38,-,-,-,-,-,-,-,-,-,-,-,-
Miscellaneous,Ikan bilis and peanuts (Nasi lemak),Crispy fried anchovies and roasted peanuts,Miscellaneous,Others,100%,1 portion(s) = 29g,-,Lab Analysis,2025,Per 100g,Per Serving (29g),406,118,24.25,7.03,29.2,8.47,7.91,2.29,0.06,0.02,11.55,3.35,2.25,0.65,-,-,7.26,2.11,626,182,423,123,277,80,1.9,0.55,31.45,9.12,-,-,7,2.03,10.7,3.1,187,54.23,-,-,Trace,Trace,Trace,Trace,Trace,Trace,Trace,Trace,2.25,0.65,Trace,Trace,-,-,-,-,-,-,-,-,-,-,-,-,-,-,-,-,-,-,-,-,-,-,-,-,-,-,-,-,-,-,-,-
Miscellaneous,Baked mooncake (no yolk),"Mooncake baked in flour-based pastry, filled with sweet lotus seed paste only",Miscellaneous,Seasonal items,100%,1 slice(s) (1/8 mooncake) = 25g,-,Lab Analysis,2010,Per 100g,Per Serving (25g),381,95,5.56,1.39,17.32,4.33,4.36,1.09,-,-,50.75,12.69,35.38,8.85,-,-,2.66,0.67,117,29,-,-,38,10,1.39,0.35,-,-,-,-,5.1,1.28,7.1,1.78,-,-,-,-,-,-,-,-,-,-,-,-,-,-,-,-,-,-,Trace,Trace,-,-,-,-,-,-,-,-,-,-,-,-,-,-,Trace,Trace,-,-,-,-,-,-,-,-,-,-,-,-
Miscellaneous,Baked mooncake (with yolk),"Mooncake baked in flour-based pastry, filled with sweet lotus seed paste and egg yolk",Miscellaneous,Seasonal items,100%,1 slice(s) (1/8 mooncake) = 27g,-,Lab Analysis,2010,Per 100g,Per Serving (27g),419,113,6.81,1.84,23.85,6.44,5.96,1.61,-,-,44.24,11.94,30.9,8.34,-,-,2.07,0.56,149,40,-,-,65,18,2.36,0.64,-,-,-,-,6.45,1.74,10.39,2.81,-,-,-,-,-,-,-,-,-,-,-,-,-,-,-,-,-,-,66.55,17.97,-,-,-,-,-,-,-,-,-,-,-,-,-,-,Trace,Trace,-,-,-,-,-,-,-,-,-,-,-,-
Miscellaneous,Nonya zhang (rice dumpling),Glutinous rice dumpling filed with lean and fatty minced meat,Miscellaneous,Seasonal items,100%,1 whole = 165g,-,Lab Analysis,2010,Per 100g,Per Serving (165g),191,315,5.1,8.42,4.8,7.92,1.8,2.97,-,-,31.7,52.31,-,-,-,-,1.1,1.82,300,495,-,-,15,25,1,1.65,-,-,-,-,0.8,1.32,2,3.3,-,-,-,-,-,-,-,-,-,-,-,-,-,-,-,-,-,-,Trace,Trace,-,-,-,-,-,-,-,-,-,-,-,-,-,-,-,-,-,-,-,-,-,-,-,-,-,-,-,-
Miscellaneous,Pineapple tart,"Round shaped pastry filled with sweetened pineapple paste, baked",Miscellaneous,Seasonal items,100%,1 piece(s) = 20g,-,Lab Analysis,2010,Per 100g,Per Serving (20g),466,93,5.9,1.18,17.8,3.56,11.3,2.26,0.3,0.06,70.5,14.1,30.8,6.16,-,-,2.3,0.46,291,58,-,-,40,8,2.1,0.42,-,-,-,-,0.8,0.16,4.8,0.96,-,-,-,-,-,-,-,-,-,-,-,-,-,-,-,-,-,-,180,36,-,-,-,-,-,-,-,-,-,-,-,-,-,-,Trace,Trace,-,-,-,-,-,-,-,-,-,-,-,-
Miscellaneous,Tangyuan,"Chinese dessert, made of glutinous rice flour with fillings, cooked with sugar syrup soup",Miscellaneous,Seasonal items,100%,1 piece(s) = 20g,1 bowl(s) = 320g,NIP,2025,Per 100g,Per Serving (20g),124,25,2,0.4,0.3,0.06,0.07,0.01,-,-,28.2,5.64,0,0,-,-,0,0,1,Trace,-,-,12,2,3.3,0.66,-,-,-,-,0.13,0.03,0.13,0.03,-,-,-,-,-,-,-,-,-,-,-,-,-,-,-,-,-,-,0,0,-,-,-,-,-,-,-,-,-,-,-,-,-,-,0,0,-,-,-,-,-,-,-,-,-,-,-,-
Miscellaneous,Traditional ba zhang (rice dumpling),"Glutinous rice filled with fatty meat, chestnut and chopped mushroom, wrapped in banana leaves and steamed",Miscellaneous,Seasonal items,100%,1 whole = 185g,-,Lab Analysis,2010,Per 100g,Per Serving (185g),209,387,6.4,11.84,7.3,13.51,2.9,5.36,0,0,29.5,54.58,Trace,Trace,-,-,2.5,4.63,368,681,-,-,23,43,1.1,2.04,-,-,-,-,1.1,2.04,3,5.55,-,-,-,-,-,-,-,-,-,-,-,-,-,-,-,-,-,-,Trace,Trace,-,-,-,-,-,-,-,-,-,-,-,-,-,-,Trace,Trace,-,-,-,-,-,-,-,-,-,-,-,-
Miscellaneous,Vegetarian rice dumpling,"Glutinous rice, with mocked meat, chestnut and chinese mushroom filling, steamed",Miscellaneous,Seasonal items,100%,1 whole = 197g,-,Lab Analysis,2010,Per 100g,Per Serving (197g),201,396,5.9,11.62,4.1,8.08,1.6,3.15,-,-,35,68.95,3.1,6.11,-,-,2.3,4.53,455,896,-,-,18,35,1.1,2.17,-,-,-,-,0.59,1.16,1.76,3.47,-,-,-,-,-,-,-,-,-,-,-,-,-,-,-,-,-,-,0,0,-,-,-,-,-,-,-,-,-,-,-,-,-,-,0,0,-,-,-,-,-,-,-,-,-,-,-,-
Miscellaneous,Yu sheng,"Thinly sliced raw salmon fish with carrots, radish, pickled ginger, crackers, peanuts and plum sauce",Miscellaneous,Seasonal items,100%,1 scoop(s) (serving spoon) = 100g,-,Lab Analysis,2010,Per 100g,Per Serving (100g),145,145,4.8,4.8,10.9,10.9,3.4,3.4,-,-,6.9,6.9,4,4,-,-,3.2,3.2,168,168,-,-,46,46,0.5,0.5,-,-,-,-,2.5,2.5,4,4,-,-,-,-,-,-,-,-,-,-,-,-,-,-,-,-,-,-,155,155,-,-,-,-,-,-,-,-,-,-,-,-,-,-,1,1,-,-,-,-,-,-,-,-,-,-,-,-
Mixed,Chinese rojak (mixed),"Chinese-style salad platter consisting of sliced turnip, cucumber, beansprouts, pineapple cubes, you tiao and tau pok, tossed in a gravy made of prawn paste, sugar, tamarind and chilli",Mixed,Customisable mixed dishes,100%,1 plate(s) = 318g,-,Lab Analysis,2025,Per 100g,Per Serving (318g),199,633,5.05,16.06,7.65,24.33,2.22,7.06,0.01,0.03,27.55,87.61,14.2,45.16,-,-,4.6,14.63,395,1256,190,604,45,143,0.94,2.99,58.05,184.6,-,-,2.16,6.87,2.67,8.49,Trace,Trace,-,-,4.6,14.63,4.65,14.79,0.25,0.8,Trace,Trace,4.65,14.79,Trace,Trace,-,-,-,-,-,-,-,-,-,-,-,-,-,-,-,-,-,-,-,-,-,-,-,-,-,-,-,-,-,-,-,-
Mixed,Chinese rojak (you tiao),"Chinese-style salad platter consisting of you tiao (fried dough fritters), bean sprouts, cucumber and pineapple tossed in thick prawn paste sauce",Mixed,Customisable mixed dishes,100%,1 plate(s) = 319g,-,Lab Analysis,2023,Per 100g,Per Serving (319g),322,1027,7.87,25.11,12.11,38.63,4.59,14.64,-,-,45.39,144.79,19.61,62.56,-,-,2.15,6.86,792,2526,-,-,-,-,-,-,-,-,-,-,-,-,-,-,-,-,-,-,-,-,-,-,-,-,-,-,-,-,-,-,-,-,-,-,-,-,-,-,-,-,-,-,-,-,-,-,-,-,-,-,-,-,-,-,-,-,-,-,-,-,-,-
Mixed,Indian rojak,Indian-style mixed fritter platter with sweet-spicy peanut sauce,Mixed,Customisable mixed dishes,100%,1 plate(s) = 987g,-,Lab Analysis,2023,Per 100g,Per Serving (987g),164,1619,5.93,58.53,8.7,85.87,3.63,35.83,-,-,15.43,152.29,0.83,8.19,-,-,1.73,17.08,327,3227,-,-,-,-,-,-,-,-,-,-,-,-,-,-,-,-,-,-,-,-,-,-,-,-,-,-,-,-,-,-,-,-,-,-,-,-,-,-,-,-,-,-,-,-,-,-,-,-,-,-,-,-,-,-,-,-,-,-,-,-,-,-
Mixed,Mala xiang guo (dry),Stir-fried various ingredients with spicy and numbing Sichuan-style spices,Mixed,Customisable mixed dishes,100%,1 plate(s) = 719g,-,Lab Analysis,2023,Per 100g,Per Serving (719g),162,1165,7.36,52.92,10.75,77.29,3.16,22.72,-,-,9.77,70.25,1.04,7.48,-,-,1.99,14.31,425,3056,-,-,-,-,-,-,-,-,-,-,-,-,-,-,-,-,-,-,-,-,-,-,-,-,-,-,-,-,-,-,-,-,-,-,-,-,-,-,-,-,-,-,-,-,-,-,-,-,-,-,-,-,-,-,-,-,-,-,-,-,-,-
Mixed,Mala xiang guo (soup),Spicy and numbing Sichuan-style mala broth with various ingredients,Mixed,Customisable mixed dishes,100%,1 bowl(s) = 1350g,-,Lab Analysis,2023,Per 100g,Per Serving (1350g),107,1445,4.97,67.1,7.21,97.34,2.4,32.4,-,-,6.34,85.59,0.81,10.94,-,-,1.23,16.61,441,5954,-,-,-,-,-,-,-,-,-,-,-,-,-,-,-,-,-,-,-,-,-,-,-,-,-,-,-,-,-,-,-,-,-,-,-,-,-,-,-,-,-,-,-,-,-,-,-,-,-,-,-,-,-,-,-,-,-,-,-,-,-,-
Mixed,"Steamboat set (chicken soup, 1 pax)","Individual hot pot set with chicken broth, meat, vegetables, mushrooms and rice",Mixed,Customisable mixed dishes,100%,1 set(s) = 1733g,-,Lab Analysis,2025,Per 100g,Per Serving (1733g),71,1230,3.42,59.27,3.25,56.32,0.99,17.16,0.02,0.35,7.1,123.04,0.5,8.67,-,-,0.88,15.25,254,4402,76,1317,15,260,0.38,6.59,85.35,1479.12,-,-,0.47,8.15,1.07,18.54,Trace,Trace,-,-,0.1,1.73,0.1,1.73,Trace,Trace,Trace,Trace,0.25,4.33,Trace,Trace,-,-,-,-,-,-,-,-,-,-,-,-,-,-,-,-,-,-,-,-,-,-,-,-,-,-,-,-,-,-,-,-
Mixed,"Steamboat set (mala, 1 pax)","Individual hot pot set with spicy Sichuan broth, vegetables, mushroom, seafood, meat, served with rice or noodles",Mixed,Customisable mixed dishes,99.21%,1 set(s) = 1733g,-,Derived,2026,Per 100g,Per Serving (1733g),203,3490,1.73,29.74,19.98,343.52,4.58,78.74,0.05,0.86,3.93,67.57,0.03,0.52,0,0,0.18,3.09,175,3009,50,860,5,86,0.1,1.72,70.38,1210.05,0.04,0.69,9.88,169.87,5.4,92.84,6.93,119.15,2.85,49,Trace,Trace,Trace,Trace,Trace,Trace,Trace,Trace,Trace,Trace,Trace,Trace,0,0,3.06,52.61,1.05,18.05,0.06,1.03,0.01,0.17,0.01,0.17,0.02,0.34,2.09,35.93,0.05,0.86,0.62,10.66,2.03,34.9,0.03,0.52,Trace,Trace,11,189,1.43,24.59,0.09,1.55
Mixed,"Steamboat set (tom yum, 1 pax)","Individual hot pot set with spicy-sour Thai broth, vegetables, mushroom, seafood, meat, served with rice or noodles",Mixed,Customisable mixed dishes,98.97%,1 set(s) = 1733g,-,Derived,2026,Per 100g,Per Serving (1733g),55,943,2.22,38.08,1.67,28.64,0.66,11.32,0.01,0.17,7.54,129.32,1.48,25.38,0,0,0.23,3.94,523,8970,63,1081,11,189,0.13,2.23,83.17,1426.49,0.05,0.86,0.28,4.8,0.63,10.81,9.04,155.05,3.72,63.8,0.44,7.55,0.49,8.4,Trace,Trace,Trace,Trace,0.51,8.75,Trace,Trace,0,0,3.99,68.43,1.37,23.5,0.08,1.37,0.01,0.17,0.01,0.17,0.02,0.34,2.73,46.82,0.06,1.03,0.8,13.72,2.65,45.45,0.04,0.69,0.01,0.17,14,240,1.87,32.07,0.12,2.06
Mixed,"Steamboat set (tomato, 1 pax)","Individual hot pot set with tomato broth, vegetables, mushroom, seafood, meat, served with rice or noodles",Mixed,Customisable mixed dishes,99.24%,1 set(s) = 1733g,-,Derived,2026,Per 100g,Per Serving (1733g),67,1152,1.74,29.93,3.32,57.1,1.23,21.15,0.01,0.17,7.31,125.72,2.32,39.9,0,0,0.17,2.92,284,4884,100,1720,5,86,0.1,1.72,83.86,1442.25,0.04,0.69,0.89,15.31,1.13,19.43,6.7,115.23,2.76,47.47,0.96,16.51,0.91,15.65,Trace,Trace,Trace,Trace,Trace,Trace,Trace,Trace,0,0,2.96,50.91,1.01,17.37,0.06,1.03,0.01,0.17,0.01,0.17,0.02,0.34,2.03,34.91,0.05,0.86,0.6,10.32,1.96,33.71,0.03,0.52,Trace,Trace,11,189,1.38,23.73,0.09,1.55
Mixed,"Yong tau foo (clear soup, 7 pieces, boiled)",7 assorted stuffed boiled yong tau foo items in clear broth,Mixed,Customisable mixed dishes,100%,1 bowl(s) = 745g,-,Derived,2026,Per 100g,Per Serving (745g),11,82,0.77,5.74,0.16,1.19,0.06,0.45,Trace,Trace,1.4,10.43,0.99,7.38,-,-,0.74,5.51,309,2302,77,574,14,104,0.11,0.82,96.06,715.65,-,-,0.04,0.3,0.06,0.45,Trace,Trace,-,-,0.14,1.04,0.16,1.19,Trace,Trace,Trace,Trace,0.69,5.14,Trace,Trace,-,-,-,-,-,-,-,-,-,-,-,-,-,-,-,-,-,-,-,-,-,-,-,-,-,-,-,-,-,-,-,-
Mixed,"Yong tau foo (clear soup, 7 pieces, fried)",7 assorted stuffed fried yong tau foo items in clear broth,Mixed,Customisable mixed dishes,100%,1 bowl(s) = 928g,-,Derived,2026,Per 100g,Per Serving (928g),130,1206,4.69,43.52,8.65,80.27,2.66,24.68,0.03,0.28,8.09,75.08,1.16,10.76,-,-,1.08,10.02,399,3703,86,798,15,139,0.45,4.18,77.34,717.72,-,-,1.62,15.03,3.37,31.27,7.58,70.34,-,-,0.08,0.74,0.04,0.37,0.08,0.74,Trace,Trace,0.95,8.82,Trace,Trace,-,-,-,-,-,-,-,-,-,-,-,-,-,-,-,-,-,-,-,-,-,-,-,-,-,-,-,-,-,-,-,-
Mixed,"Yong tau foo (clear soup, 7 pieces, mixed)",7 assorted stuffed boiled or fried yong tau foo items in clear broth,Mixed,Customisable mixed dishes,100%,1 bowl(s) = 771g,-,Derived,2026,Per 100g,Per Serving (771g),77,594,2.94,22.67,4.87,37.55,1.5,11.57,0.02,0.15,5.11,39.4,1.08,8.33,-,-,0.93,7.17,359,2768,82,632,15,116,0.3,2.31,85.68,660.59,-,-,0.92,7.09,1.9,14.65,4.2,32.38,-,-,0.11,0.85,0.09,0.69,0.04,0.31,Trace,Trace,0.83,6.4,Trace,Trace,-,-,-,-,-,-,-,-,-,-,-,-,-,-,-,-,-,-,-,-,-,-,-,-,-,-,-,-,-,-,-,-
Mixed,"Yong tau foo (clear soup, with rice/noodles)","Mixed yong tau foo items in clear broth, served with either white rice or thick beehoon",Mixed,Customisable mixed dishes,100%,1 bowl(s) = 971g,-,Derived,2026,Per 100g,Per Serving (971g),87,845,2.77,26.9,3.92,38.06,1.21,11.75,0.02,0.19,9.85,95.64,0.89,8.64,-,-,0.89,8.64,286,2777,65,631,13,126,0.26,2.52,68.03,660.57,-,-,0.73,7.09,1.51,14.66,3.33,32.33,-,-,0.09,0.87,0.07,0.68,0.03,0.29,Trace,Trace,0.66,6.41,Trace,Trace,-,-,0,0,-,-,-,-,-,-,-,-,-,-,-,-,-,-,0,0,-,-,-,-,-,-,-,-,-,-,-,-
Mixed,"Yong tau foo (laksa, 7 pieces, boiled)",7 assorted stuffed boiled yong tau foo items in laksa broth,Mixed,Customisable mixed dishes,100%,1 bowl(s) = 815g,-,Lab Analysis,2023,Per 100g,Per Serving (815g),91,742,4.07,33.17,6.23,50.77,3.38,27.55,-,-,4.66,37.98,2.08,16.95,-,-,0.5,4.08,464,3782,-,-,-,-,-,-,-,-,-,-,-,-,-,-,-,-,-,-,-,-,-,-,-,-,-,-,-,-,-,-,-,-,-,-,-,-,-,-,-,-,-,-,-,-,-,-,-,-,-,-,-,-,-,-,-,-,-,-,-,-,-,-
Mixed,"Yong tau foo (laksa, 7 pieces, fried)",7 assorted stuffed fried yong tau foo items in laksa broth,Mixed,Customisable mixed dishes,100%,1 bowl(s) = 779g,-,Lab Analysis,2023,Per 100g,Per Serving (779g),116,904,5.02,39.11,8.02,62.48,3.97,30.93,-,-,6.36,49.54,2.55,19.86,-,-,1.01,7.87,495,3856,-,-,-,-,-,-,-,-,-,-,-,-,-,-,-,-,-,-,-,-,-,-,-,-,-,-,-,-,-,-,-,-,-,-,-,-,-,-,-,-,-,-,-,-,-,-,-,-,-,-,-,-,-,-,-,-,-,-,-,-,-,-
Mixed,"Yong tau foo (laksa, 7 pieces, mixed)",7 assorted stuffed boiled or fried yong tau foo items in laksa broth,Mixed,Customisable mixed dishes,100%,1 bowl(s) = 797g,-,Derived,2026,Per 100g,Per Serving (797g),103,821,4.53,36.1,7.1,56.59,3.67,29.25,-,-,5.49,43.76,2.31,18.41,-,-,0.75,5.98,479,3818,-,-,-,-,-,-,-,-,-,-,-,-,-,-,-,-,-,-,-,-,-,-,-,-,-,-,-,-,-,-,-,-,-,-,-,-,-,-,-,-,-,-,-,-,-,-,-,-,-,-,-,-,-,-,-,-,-,-,-,-,-,-
Mixed,"Yong tau foo (laksa, with rice/noodles)","Mixed yong tau foo items in laksa broth, served with either white rice or thick beehoon",Mixed,Customisable mixed dishes,100%,1 bowl(s) = 997g,-,Derived,2026,Per 100g,Per Serving (997g),108,1077,4.05,40.38,5.73,57.13,2.95,29.41,-,-,10.03,100,1.87,18.64,-,-,0.75,7.48,384,3828,-,-,1,10,0.02,0.2,-,-,-,-,-,-,-,-,-,-,-,-,-,-,-,-,-,-,-,-,-,-,-,-,-,-,0,0,-,-,-,-,-,-,-,-,-,-,-,-,-,-,0,0,-,-,-,-,-,-,-,-,-,-,-,-
Mixed,"Grain bowl (7 toppings, with sauce)","Carbohydrate base (e.g. pasta, brown rice, soba) with 1 main protein (e.g. chicken, fish) selected, choice of 7 toppings with sauce",Mixed,Customisable mixed dishes,88.47%,1 bowl(s) = 745g,-,Derived,2026,Per 100g,Per Serving (745g),143,943,7.16,47.19,5.92,39.02,1.77,11.67,0.03,0.2,15.87,104.6,2.45,16.15,0,0,2.32,15.29,221,1457,117,771,71,468,0.64,4.22,43.49,286.64,0.28,1.85,1.37,9.03,2.06,13.58,6.78,44.69,23.1,152.25,0.43,2.83,0.39,2.57,0.03,0.2,0.01,0.07,0.44,2.9,Trace,Trace,0.99,6.53,80.4,529.92,19.78,130.37,9.08,59.85,0.01,0.07,0.06,0.4,0.02,0.13,9.83,64.79,0.15,0.99,3.92,25.84,4.45,29.33,0.3,1.98,0.85,5.6,51,336,4.33,28.54,0.31,2.04
Mixed,"Grain bowl (7 toppings, without sauce)","Carbohydrate base (e.g. pasta, brown rice, soba) with 1 main protein (e.g. chicken, fish) selected, choice of 7 toppings without sauce",Mixed,Customisable mixed dishes,87.95%,1 bowl(s) = 713g,-,Derived,2026,Per 100g,Per Serving (713g),131,821,7.39,46.34,4.52,28.34,1.6,10.03,0.03,0.19,15.73,98.64,1.84,11.54,0,0,2.32,14.55,187,1173,118,740,73,458,0.63,3.95,43.53,272.97,0.29,1.82,0.88,5.52,1.46,9.16,7.12,44.65,24.28,152.26,0.26,1.63,0.28,1.76,0.03,0.19,0.01,0.06,0.06,0.38,Trace,Trace,1.04,6.52,84.5,529.89,20.79,130.37,9.54,59.82,0.01,0.06,0.06,0.38,0.02,0.13,10.33,64.78,0.16,1,4.12,25.84,4.67,29.28,0.31,1.94,0.9,5.64,53,332,4.55,28.53,0.33,2.07
Mixed,"Salad (5 toppings, with sauce)","Vegetable base with 1 main protein (e.g. chicken, fish) selected, choice of 5 toppings with sauce",Mixed,Customisable mixed dishes,89.74%,1 bowl(s) = 598g,-,Derived,2026,Per 100g,Per Serving (598g),126,676,6.78,36.38,6.08,32.63,1.68,9.02,0.03,0.16,11.57,62.09,2.36,12.66,0,0,2.16,11.59,231,1240,156,837,67,360,0.59,3.17,53.57,287.48,0.25,1.34,1.5,8.05,2.13,11.43,8.24,44.22,20.26,108.72,0.44,2.36,0.38,2.04,0.02,0.11,0.01,0.05,0.52,2.79,Trace,Trace,0.01,0.05,70.53,378.5,17.35,93.11,7.96,42.72,0.01,0.05,0.05,0.27,0.01,0.05,7.66,41.11,0.13,0.7,3.44,18.46,3.9,20.93,0.25,1.34,0.74,3.97,41,220,2.01,10.79,0.25,1.34
Mixed,"Salad (5 toppings, without sauce)","Vegetable base with 1 main protein (e.g. chicken, fish) selected, choice of 5 toppings without sauce",Mixed,Customisable mixed dishes,89.16%,1 bowl(s) = 566g,-,Derived,2026,Per 100g,Per Serving (566g),110,555,7.03,35.48,4.35,21.95,1.47,7.42,0.03,0.15,11.13,56.17,1.6,8.07,0,0,2.15,10.85,190,959,159,802,70,353,0.58,2.93,54.26,273.82,0.26,1.31,0.91,4.59,1.4,7.07,8.76,44.21,21.55,108.75,0.23,1.16,0.25,1.26,0.01,0.05,0.01,0.05,0.05,0.25,Trace,Trace,0.01,0.05,75,378.48,18.45,93.11,8.47,42.74,0.01,0.05,0.05,0.25,0.01,0.05,8.15,41.13,0.14,0.71,3.66,18.47,4.15,20.94,0.27,1.36,0.79,3.99,44,222,2.13,10.75,0.26,1.31
Mixed,"Grain bowl (5 toppings, with sauce)","Carbohydrate base (e.g. pasta, brown rice, soba) with 1 main protein (e.g. chicken, fish) selected, choice of 5 toppings with sauce",Mixed,Customisable mixed dishes,89.51%,1 bowl(s) = 585g,-,Derived,2026,Per 100g,Per Serving (585g),146,765,7.38,38.64,6.08,31.84,1.71,8.95,0.03,0.16,15.98,83.68,2.46,12.88,0,0,2.19,11.47,234,1225,119,623,65,340,0.63,3.3,44.72,234.17,0.25,1.31,1.47,7.7,2.15,11.26,8.44,44.19,20.77,108.76,0.45,2.36,0.39,2.04,0.04,0.21,0.01,0.05,0.54,2.83,Trace,Trace,1.25,6.55,72.28,378.48,17.78,93.1,8.16,42.73,0.01,0.05,0.06,0.31,0.02,0.1,9.24,48.38,0.14,0.73,3.52,18.43,4,20.95,0.27,1.41,0.77,4.03,47,246,4.63,24.24,0.29,1.52
Mixed,"Grain bowl (5 toppings, without sauce)","Carbohydrate base (e.g. pasta, brown rice, soba) with 1 main protein (e.g. chicken, fish) selected, choice of 5 toppings without sauce",Mixed,Customisable mixed dishes,88.90%,1 bowl(s) = 553g,-,Derived,2026,Per 100g,Per Serving (553g),130,639,7.68,37.76,4.3,21.14,1.49,7.33,0.03,0.15,15.81,77.72,1.69,8.31,0,0,2.19,10.77,191,939,120,590,67,329,0.62,3.05,44.85,220.49,0.27,1.33,0.86,4.23,1.39,6.83,8.99,44.2,22.12,108.75,0.24,1.18,0.26,1.28,0.03,0.15,0.01,0.05,0.05,0.25,Trace,Trace,1.33,6.54,76.99,378.5,18.94,93.11,8.69,42.72,0.02,0.1,0.06,0.29,0.02,0.1,9.84,48.38,0.14,0.69,3.75,18.44,4.26,20.94,0.29,1.43,0.82,4.03,50,246,4.93,24.24,0.31,1.52
Mixed,Beef burger with fries,Beef burger served with a side of fries,Mixed,Set meals,100%,1 set(s) = 388g,-,Derived,2026,Per 100g,Per Serving (388g),269,1044,10.68,41.44,16.51,64.06,7.16,27.78,0.02,0.08,19.46,75.5,2.65,10.28,-,-,2.6,10.09,389,1509,167,648,5,19,0.23,0.89,11.4,44.23,-,-,0.82,3.18,2.34,9.08,Trace,Trace,-,-,0.04,0.16,0.04,0.16,Trace,Trace,Trace,Trace,0.03,0.12,Trace,Trace,-,-,-,-,-,-,-,-,-,-,-,-,-,-,-,-,-,-,-,-,-,-,-,-,-,-,-,-,-,-,-,-
Mixed,"Chicken chop with beans, fries and coleslaw","Grilled chicken thigh served with gravy, baked beans, coleslaw and fries",Mixed,Set meals,100%,1 set(s) = 489g,-,Derived,2026,Per 100g,Per Serving (489g),194,949,10.07,49.24,10.84,53.01,3.6,17.6,0.02,0.1,13.94,68.17,3.09,15.11,-,-,2.35,11.49,287,1403,227,1110,15,73,7.65,37.41,30.06,146.99,-,-,1.83,8.95,2.43,11.88,Trace,Trace,-,-,0.04,0.2,0.04,0.2,Trace,Trace,Trace,Trace,0.02,0.1,Trace,Trace,-,-,18.68,91.35,-,-,-,-,-,-,-,-,-,-,-,-,-,-,1.73,8.46,-,-,-,-,-,-,-,-,-,-,-,-
Mixed,Chicken chop with fries and coleslaw,Grilled or fried chicken served with fries and coleslaw,Mixed,Set meals,100%,1 set(s) = 454g,-,Lab Analysis,2023,Per 100g,Per Serving (454g),205,931,14.25,64.7,12.55,56.98,4.55,20.66,-,-,8.66,39.32,1.45,6.58,-,-,0.8,3.63,344,1562,-,-,-,-,-,-,-,-,-,-,-,-,-,-,-,-,-,-,-,-,-,-,-,-,-,-,-,-,-,-,-,-,-,-,-,-,-,-,-,-,-,-,-,-,-,-,-,-,-,-,-,-,-,-,-,-,-,-,-,-,-,-
Mixed,Chicken chop with fries and mash,Grilled or fried chicken served with fries and mash potatoes,Mixed,Set meals,100%,1 set(s) = 509g,-,Lab Analysis,2023,Per 100g,Per Serving (509g),154,784,9.5,48.36,7.4,37.67,2.9,14.76,-,-,12.4,63.12,0,0,-,-,1.01,5.14,369,1878,-,-,-,-,-,-,-,-,-,-,-,-,-,-,-,-,-,-,-,-,-,-,-,-,-,-,-,-,-,-,-,-,-,-,-,-,-,-,-,-,-,-,-,-,-,-,-,-,-,-,-,-,-,-,-,-,-,-,-,-,-,-
Mixed,Fried chicken (2 pc) with coleslaw,2 pieces of fried chicken served with coleslaw,Mixed,Set meals,100%,1 set(s) = 304g,-,Derived,2026,Per 100g,Per Serving (304g),216,657,14.85,45.14,15.6,47.42,4.47,13.59,0.06,0.18,9.87,30,2.53,7.69,-,-,0.56,1.7,290,882,153,465,21,64,0.77,2.34,27.43,83.39,-,-,4.08,12.4,5.59,16.99,Trace,Trace,-,-,Trace,Trace,Trace,Trace,Trace,Trace,Trace,Trace,0.12,0.36,Trace,Trace,-,-,31.74,96.49,-,-,-,-,-,-,-,-,-,-,-,-,-,-,3.12,9.48,-,-,-,-,-,-,-,-,-,-,-,-
Mixed,Fried chicken (2 pc) with coleslaw and mashed potato,2 pieces of fried chicken served with coleslaw and mashed potato,Mixed,Set meals,100%,1 set(s) = 438g,-,Derived,2026,Per 100g,Per Serving (438g),166,727,10.35,45.33,10.93,47.87,3.35,14.67,0.04,0.18,10.35,45.33,1.92,8.41,-,-,0.67,2.93,301,1318,102,447,14,61,0.51,2.23,18.24,79.89,-,-,2.72,11.91,3.72,16.29,Trace,Trace,-,-,Trace,Trace,Trace,Trace,Trace,Trace,Trace,Trace,0.08,0.35,Trace,Trace,-,-,21.11,92.46,-,-,-,-,-,-,-,-,-,-,-,-,-,-,2.08,9.11,-,-,-,-,-,-,-,-,-,-,-,-
Mixed,Fried chicken (2 pc) with fries,2 pieces of fried chicken served with 1 medium packet of french fries,Mixed,Set meals,100%,1 set(s) = 319g,-,Derived,2026,Per 100g,Per Serving (319g),301,960,15.48,49.38,19.45,62.05,6.93,22.11,0.09,0.29,21.4,68.27,0.26,0.83,-,-,1.6,5.1,283,903,376,1199,16,51,0.93,2.97,41.7,133.02,-,-,3.05,9.73,7.66,24.44,Trace,Trace,-,-,0.06,0.19,0.06,0.19,Trace,Trace,Trace,Trace,0.16,0.51,Trace,Trace,-,-,-,-,-,-,-,-,-,-,-,-,-,-,-,-,-,-,-,-,-,-,-,-,-,-,-,-,-,-,-,-
Mixed,Fried chicken (2 pc) with fries and coleslaw,2 pieces of fried chicken served with 1 medium packet of french fries and coleslaw,Mixed,Set meals,100%,1 set(s) = 419g,-,Derived,2026,Per 100g,Per Serving (419g),252,1056,11.61,48.65,16.87,70.69,5.53,23.17,0.06,0.25,17.47,73.2,1.88,7.88,-,-,1.58,6.62,261,1094,277,1161,20,84,0.77,3.23,30.75,128.84,-,-,3.68,15.42,6.29,26.36,Trace,Trace,-,-,0.05,0.21,0.05,0.21,Trace,Trace,Trace,Trace,0.12,0.5,Trace,Trace,-,-,22.16,92.85,-,-,-,-,-,-,-,-,-,-,-,-,-,-,2.18,9.13,-,-,-,-,-,-,-,-,-,-,-,-
Mixed,Fried chicken (2 pc) with fries and mashed potato,2 pieces of fried chicken served with 1 medium packet of french fries and mashed potato,Mixed,Set meals,100%,1 set(s) = 453g,-,Derived,2026,Per 100g,Per Serving (453g),225,1019,10.94,49.56,13.7,62.06,5.06,22.92,0.06,0.27,18.14,82.17,0.4,1.81,-,-,1.37,6.21,296,1341,255,1155,11,50,0.63,2.85,28.23,127.88,-,-,2.06,9.33,5.18,23.47,Trace,Trace,-,-,0.04,0.18,0.04,0.18,Trace,Trace,Trace,Trace,0.11,0.5,Trace,Trace,-,-,-,-,-,-,-,-,-,-,-,-,-,-,-,-,-,-,-,-,-,-,-,-,-,-,-,-,-,-,-,-
Mixed,Fried chicken (3 pc) with fries,3 pieces of fried chicken served with 1 medium packet of french fries,Mixed,Set meals,100%,1 set(s) = 421g,-,Derived,2026,Per 100g,Per Serving (421g),275,1158,17.1,71.99,17.44,73.42,6.32,26.61,0.07,0.29,16.73,70.43,0.28,1.18,-,-,1.25,5.26,362,1524,265,1116,11,46,0.68,2.86,30.29,127.52,-,-,2.21,9.3,5.53,23.28,Trace,Trace,-,-,0.04,0.17,0.04,0.17,Trace,Trace,Trace,Trace,0.11,0.46,Trace,Trace,-,-,-,-,-,-,-,-,-,-,-,-,-,-,-,-,-,-,-,-,-,-,-,-,-,-,-,-,-,-,-,-
Mixed,Fried chicken (3 pc) with fries and coleslaw,3 pieces of fried chicken served with 1 medium packet of french fries and coleslaw,Mixed,Set meals,100%,1 set(s) = 521g,-,Derived,2026,Per 100g,Per Serving (521g),245,1276,13.96,72.73,15.94,83.05,5.41,28.19,0.05,0.26,14.75,76.85,1.46,7.61,-,-,1.3,6.77,330,1719,214,1115,15,78,0.61,3.18,24.47,127.49,-,-,2.84,14.8,4.94,25.74,Trace,Trace,-,-,0.03,0.16,0.03,0.16,Trace,Trace,Trace,Trace,0.09,0.47,Trace,Trace,-,-,16.21,84.45,-,-,-,-,-,-,-,-,-,-,-,-,-,-,1.59,8.28,-,-,-,-,-,-,-,-,-,-,-,-
Mixed,Fried chicken (3 pc) with fries and mashed potato,3 pieces of fried chicken served with 1 medium packet of french fries and mashed potato,Mixed,Set meals,100%,1 set(s) = 555g,-,Derived,2026,Per 100g,Per Serving (555g),225,1249,13.31,73.87,13.63,75.65,5.07,28.14,0.05,0.28,15.42,85.58,0.38,2.11,-,-,1.16,6.44,352,1954,201,1116,8,44,0.51,2.83,22.97,127.48,-,-,1.68,9.32,4.19,23.25,Trace,Trace,-,-,0.03,0.17,0.03,0.17,Trace,Trace,Trace,Trace,0.09,0.5,Trace,Trace,-,-,-,-,-,-,-,-,-,-,-,-,-,-,-,-,-,-,-,-,-,-,-,-,-,-,-,-,-,-,-,-
Mixed,"Fried chicken cutlet with beans, fries and coleslaw","Chicken cutlet with baked beans, coleslaw, french fries",Mixed,Set meals,100%,1 set(s) = 518g,-,Derived,2026,Per 100g,Per Serving (518g),220,1140,9.52,49.31,12.76,66.1,4.5,23.31,0.02,0.1,16.57,85.83,2.85,14.76,-,-,2.11,10.93,354,1834,125,648,10,52,6.8,35.22,8.54,44.24,-,-,1.69,8.75,2.25,11.66,Trace,Trace,-,-,0.03,0.16,0.03,0.16,Trace,Trace,Trace,Trace,0.02,0.1,Trace,Trace,-,-,17.26,89.41,-,-,-,-,-,-,-,-,-,-,-,-,-,-,1.6,8.29,-,-,-,-,-,-,-,-,-,-,-,-
Mixed,Fried chicken cutlet with fries,Chicken cutlet with french fries,Mixed,Set meals,100%,1 set(s) = 318g,-,Derived,2026,Per 100g,Per Serving (318g),292,929,13.78,43.82,17.65,56.13,6.8,21.62,0.03,0.1,19.61,62.36,0.13,0.41,-,-,1.67,5.31,406,1291,204,649,6,19,0.28,0.89,13.9,44.2,-,-,0.99,3.15,2.86,9.09,Trace,Trace,-,-,0.05,0.16,0.05,0.16,Trace,Trace,Trace,Trace,0.04,0.13,Trace,Trace,-,-,-,-,-,-,-,-,-,-,-,-,-,-,-,-,-,-,-,-,-,-,-,-,-,-,-,-,-,-,-,-
Mixed,Grilled fish with potato and vegetables,"Grilled fish with a side of roasted or mashed potatoes, salad and corn",Mixed,Set meals,100%,1 plate(s) = 364g,-,Lab Analysis,2025,Per 100g,Per Serving (364g),236,859,14.25,51.87,14,50.96,3.38,12.3,0.06,0.22,13.3,48.41,2,7.28,-,-,2.17,7.9,205,746,327,1190,22,80,0.53,1.93,57.1,207.84,-,-,3.75,13.65,4.63,16.85,459.5,1672.58,-,-,0.4,1.46,0.4,1.46,0.2,0.73,Trace,Trace,0.95,3.46,Trace,Trace,-,-,-,-,-,-,-,-,-,-,-,-,-,-,-,-,-,-,-,-,-,-,-,-,-,-,-,-,-,-,-,-
Mixed,"Pork chop with beans, fries and coleslaw","Grilled pork chop served with baked beans, coleslaw and fries",Mixed,Set meals,92.50%,1 set(s) = 450g,-,Derived,2026,Per 100g,Per Serving (450g),231,962,8.22,34.22,15.19,63.23,5.14,21.4,0.02,0.08,15.32,63.77,3.55,14.78,-,-,2.43,10.11,197,820,156,649,16,67,8.71,36.26,10.62,44.21,-,-,2.83,11.78,6.27,26.1,Trace,Trace,-,-,0.04,0.17,0.04,0.17,Trace,Trace,Trace,Trace,0.03,0.12,Trace,Trace,-,-,23.19,96.53,-,-,-,-,-,-,-,-,-,-,-,-,-,-,1.99,8.28,-,-,-,-,-,-,-,-,-,-,-,-
Nuts and legumes,Aloo matar,"Potato and pea, stewed with Indian spice, onion and tomato",Nuts and legumes,Legume-based dishes,100%,1 scoop(s) (serving spoon) = 100g,-,Lab Analysis,2010,Per 100g,Per Serving (100g),71,71,3.2,3.2,3.1,3.1,0.85,0.85,-,-,7.6,7.6,2.6,2.6,-,-,3.1,3.1,273,273,-,-,36,36,0.7,0.7,-,-,-,-,0.98,0.98,1.17,1.17,-,-,-,-,-,-,-,-,-,-,-,-,-,-,-,-,-,-,73,73,-,-,-,-,-,-,-,-,-,-,-,-,-,-,4.5,4.5,-,-,-,-,-,-,-,-,-,-,-,-
Nuts and legumes,Assam petai,Malay-style petai in spicy tamarind sauce,Nuts and legumes,Legume-based dishes,100%,1 tablespoon(s) = 15g,-,Lab Analysis,2010,Per 100g,Per Serving (15g),85,13,6.3,0.95,5.1,0.76,1.74,0.26,-,-,3.3,0.5,3.3,0.5,-,-,5.32,0.8,245,37,-,-,93,14,2.75,0.41,-,-,-,-,1.86,0.28,1.3,0.2,-,-,-,-,-,-,-,-,-,-,-,-,-,-,-,-,-,-,120.4,18.06,-,-,-,-,-,-,-,-,-,-,-,-,-,-,6.1,0.92,-,-,-,-,-,-,-,-,-,-,-,-
Nuts and legumes,Dal tadka,"Indian lentil soup finished with tempering of cumin, garlic, and spices in ghee",Nuts and legumes,Legume-based dishes,100%,1 bowl(s) = 347g,-,Lab Analysis,2024,Per 100g,Per Serving (347g),142,493,4.38,15.2,9.96,34.56,5.04,17.49,-,-,8.76,30.4,2.69,9.33,-,-,2.71,9.4,493,1711,-,-,-,-,-,-,-,-,-,-,-,-,-,-,-,-,-,-,-,-,-,-,-,-,-,-,-,-,-,-,-,-,-,-,-,-,-,-,-,-,-,-,-,-,-,-,-,-,-,-,-,-,-,-,-,-,-,-,-,-,-,-
Nuts and legumes,Dhal curry,Green lentils stewed in chilli and spices,Nuts and legumes,Legume-based dishes,100%,1 scoop(s) (serving spoon) = 100g,1 bowl(s) = 427g,Lab Analysis,2025,Per 100g,Per Serving (100g),101,101,3.79,3.79,5,5,2.16,2.16,0.05,0.05,10.25,10.25,0.85,0.85,-,-,3.83,3.83,375,375,218,218,14,14,0.83,0.83,79.45,79.45,-,-,0.47,0.47,1.55,1.55,Trace,Trace,-,-,0.3,0.3,0.3,0.3,Trace,Trace,Trace,Trace,0.3,0.3,Trace,Trace,-,-,-,-,-,-,-,-,-,-,-,-,-,-,-,-,-,-,-,-,-,-,-,-,-,-,-,-,-,-,-,-
Nuts and legumes,Rasam,"South Indian tangy, spicy soup with tamarind, tomatoes, and spices like cumin and pepper",Nuts and legumes,Legume-based dishes,100%,1 bowl(s) = 375g,-,Lab Analysis,2024,Per 100g,Per Serving (375g),32,120,0.8,3,1.68,6.3,0.63,2.36,-,-,3.51,13.16,1.9,7.13,-,-,1.34,5.03,794,2978,-,-,-,-,-,-,-,-,-,-,-,-,-,-,-,-,-,-,-,-,-,-,-,-,-,-,-,-,-,-,-,-,-,-,-,-,-,-,-,-,-,-,-,-,-,-,-,-,-,-,-,-,-,-,-,-,-,-,-,-,-,-
Nuts and legumes,Boiled chickpea,Boiled chickpea,Nuts and legumes,Legumes,100%,1 cup(s) = 260g,-,Borrowed,2025,Per 100g,Per Serving (260g),164,426,8.86,23.04,2.59,6.73,0.26,0.68,0,0,27.42,71.29,4.8,12.48,-,-,7.6,19.76,7,18,-,-,49,127,2.89,7.51,-,-,-,-,1.15,2.99,0.58,1.51,-,-,-,-,-,-,-,-,-,-,-,-,-,-,-,-,-,-,1,2.6,-,-,-,-,-,-,-,-,-,-,-,-,-,-,1.3,3.38,-,-,-,-,-,-,-,-,-,-,-,-
Nuts and legumes,Boiled green bean,"Boiled green beans, bright green in colour, tender crisp texture with mild sweet taste.",Nuts and legumes,Legumes,100%,1 cup(s) = 125g,-,Borrowed,2025,Per 100g,Per Serving (125g),35,44,1.89,2.36,0.28,0.35,0.06,0.08,0,0,7.88,9.85,3.63,4.54,-,-,3.2,4,1,1,146,183,44,55,0.65,0.81,89.22,111.53,-,-,0.15,0.19,0.01,0.01,0,0,0,0,-,-,-,-,-,-,-,-,-,-,-,-,-,-,32,40,0,0,380,475,0.07,0.09,0.1,0.13,0.06,0.08,33,41.25,0,0,9.7,12.12,0,0,0.69,0.86,47.9,59.88,29,36,0.2,0.25,0.25,0.31
Nuts and legumes,Boiled red bean,"Boiled red beans, deep red-brown in colour, soft tender texture with sweet earthy taste.",Nuts and legumes,Legumes,100%,1 cup(s) = 230g,-,Borrowed,2025,Per 100g,Per Serving (230g),128,294,7.52,17.3,0.1,0.23,0.04,0.09,0,0,24.77,56.97,-,-,-,-,7.3,16.79,8,18,532,1224,28,64,2,4.6,66.29,152.47,-,-,0.02,0.05,0.01,0.02,-,-,0,0,-,-,-,-,-,-,-,-,-,-,-,-,-,-,0,0,0,0,-,-,0.12,0.28,0.06,0.14,0.1,0.23,121,278.3,0,0,0,0,0,0,-,-,-,-,168,386,1.2,2.76,1.77,4.07
Nuts and legumes,"White soybean, raw",Fresh uncooked legume with pale cream to white round seeds,Nuts and legumes,Legumes,100%,1 cup(s) = 186g,-,Borrowed,2025,Per 100g,Per Serving (186g),446,830,36.49,67.87,19.94,37.09,2.88,5.36,0,0,30.16,56.1,7.33,13.63,-,-,9.3,17.3,2,4,1797,3342,277,515,15.7,29.2,8.54,15.88,-,-,11.26,20.94,4.4,8.18,-,-,0,0,-,-,-,-,-,-,-,-,-,-,-,-,-,-,1,1.86,0,0,13,24.18,0.87,1.62,0.87,1.62,0.38,0.71,375,697.5,0,0,6,11.16,0,0,1.27,2.36,47,87.42,704,1309,17.8,33.11,4.89,9.1
Nuts and legumes,"Baked peanut, unsalted",Oven-baked peanuts without salt,Nuts and legumes,Nuts and seeds,100%,1 handful(s) = 30g,-,Borrowed,2025,Per 100g,Per Serving (30g),587,176,24.35,7.31,49.66,14.9,7.72,2.32,0.02,0.01,21.26,6.38,4.9,1.47,-,-,8.4,2.52,6,2,-,-,58,17,1.58,0.47,-,-,-,-,9.77,2.93,26.18,7.85,-,-,-,-,-,-,-,-,-,-,-,-,-,-,-,-,-,-,0,0,-,-,-,-,-,-,-,-,-,-,-,-,-,-,0,0,-,-,-,-,-,-,-,-,-,-,-,-
Nuts and legumes,Roasted chestnut,"Roasted chestnut, sweet and nutty flavour",Nuts and legumes,Nuts and seeds,100%,1 handful(s) = 50g,-,Borrowed,2025,Per 100g,Per Serving (50g),239,120,4.48,2.24,1.19,0.6,0.18,0.09,-,-,52.36,26.18,-,-,-,-,-,-,4,2,477,238,19,10,1.5,0.75,40.2,20.1,-,-,0.31,0.16,0.62,0.31,-,-,0,0,-,-,-,-,-,-,-,-,-,-,-,-,-,-,0,0,0,0,-,-,0.15,0.08,0.09,0.05,0.44,0.22,72,36,0,0,38.4,19.2,0,0,-,-,-,-,102,51,-,-,0.93,0.47
Nuts and legumes,"Chinese chestnut, raw","Raw Chinese chestnuts, dark brown in colour, firm starchy texture with sweet nutty taste.",Nuts and legumes,Nuts and seeds,100%,1 cup(s) = 28g,-,Borrowed,2025,Per 100g,Per Serving (28g),224,63,4.2,1.18,1.11,0.31,0.16,0.04,-,-,49.07,13.74,-,-,-,-,-,-,3,1,447,125,18,5,1.41,0.39,43.95,12.31,-,-,0.29,0.08,0.58,0.16,-,-,0,0,-,-,-,-,-,-,-,-,-,-,-,-,-,-,10,2.8,0,0,-,-,0.16,0.04,0.18,0.05,0.41,0.11,68,19.04,0,0,36,10.08,0,0,-,-,-,-,96,27,-,-,0.87,0.24
Nuts and legumes,Dried Chinese chestnut,"Dried Chinese chestnuts, dark brown in colour, firm chewy texture with sweet nutty taste.",Nuts and legumes,Nuts and seeds,100%,1 cup(s) = 30g,-,Borrowed,2025,Per 100g,Per Serving (30g),363,109,6.82,2.05,1.81,0.54,0.27,0.08,-,-,79.76,23.93,-,-,-,-,-,-,5,2,726,218,29,9,2.29,0.69,8.9,2.67,-,-,0.47,0.14,0.95,0.29,-,-,0,0,-,-,-,-,-,-,-,-,-,-,-,-,-,-,16,4.8,0,0,-,-,0.26,0.08,0.29,0.09,0.67,0.2,110,33,0,0,58.5,17.55,0,0,-,-,-,-,155,47,-,-,1.41,0.42
Nuts and legumes,"Peanut, raw","Raw peanuts, light beige in colour, firm crunchy texture with mild nutty taste.",Nuts and legumes,Nuts and seeds,100%,1 cup(s) = 146g,-,Borrowed,2025,Per 100g,Per Serving (146g),567,828,25.8,37.67,49.24,71.89,6.28,9.17,0,0,16.13,23.55,4.72,6.89,-,-,8.5,12.41,18,26,705,1029,92,134,4.58,6.69,6.5,9.49,-,-,15.56,22.72,24.43,35.67,0,0,0,0,-,-,-,-,-,-,-,-,-,-,-,-,-,-,0,0,0,0,0,0,0.64,0.93,0.14,0.2,0.35,0.51,240,350.4,0,0,0,0,0,0,12.41,18.12,0,0,376,549,7.2,10.51,3.27,4.77
Nuts and legumes,Dried beancurd skin (Fuchok),"Dried beancurd skin, light yellow sheets, thin brittle texture with mild soy taste.",Nuts and legumes,Soy and soy products,100%,1 sheet(s) = 5g,-,Borrowed,2025,Per 100g,Per Serving (5g),512,26,53.85,2.69,30.3,1.52,-,-,-,-,6.04,0.3,-,-,-,-,-,-,92,5,430,22,159,8,5.67,0.28,6.6,0.33,-,-,-,-,-,-,-,-,-,-,-,-,-,-,-,-,-,-,-,-,-,-,-,-,-,-,0,0,0,0,0.18,0.01,0.09,Trace,-,-,-,-,-,-,-,-,-,-,-,-,-,-,-,-,-,-,-,-
Nuts and legumes,Beancurd skin rolls,Chinese-style deep-fried beancurd rolls filled with minced pork with diced parsley,Nuts and legumes,Soy-based dishes,100%,1 piece(s) = 33g,-,Lab Analysis,2010,Per 100g,Per Serving (33g),199,66,14,4.62,14.46,4.77,5.71,1.88,-,-,3.16,1.04,2.13,0.7,-,-,0.73,0.24,549,181,-,-,41,14,Trace,Trace,-,-,-,-,2.19,0.72,5.92,1.95,-,-,-,-,-,-,-,-,-,-,-,-,-,-,-,-,-,-,44.7,14.75,-,-,-,-,-,-,-,-,-,-,-,-,-,-,Trace,Trace,-,-,-,-,-,-,-,-,-,-,-,-
Nuts and legumes,Braised taupok,"Deep-fried soya beancurd with black sauce, stewed",Nuts and legumes,Soy-based dishes,100%,1 piece(s) = 56g,-,Lab Analysis,2025,Per 100g,Per Serving (56g),159,89,11.75,6.58,11.25,6.3,2.72,1.52,0.02,0.01,3.4,1.9,2.45,1.37,-,-,0.64,0.36,659,369,67,38,136,76,1.34,0.75,71.25,39.9,-,-,4.23,2.37,3.05,1.71,Trace,Trace,-,-,0.3,0.17,0.25,0.14,Trace,Trace,Trace,Trace,1.85,1.04,Trace,Trace,-,-,-,-,-,-,-,-,-,-,-,-,-,-,-,-,-,-,-,-,-,-,-,-,-,-,-,-,-,-,-,-
Nuts and legumes,Fried tau kwa,"Firm beancurd, deep-fried",Nuts and legumes,Soy-based dishes,100%,1 piece(s) = 111g,-,Lab Analysis,2023,Per 100g,Per Serving (111g),147,163,16.76,18.6,8.63,9.58,1.66,1.84,-,-,0.66,0.73,0,0,-,-,1.7,1.89,278,309,-,-,-,-,-,-,-,-,-,-,-,-,-,-,-,-,-,-,-,-,-,-,-,-,-,-,-,-,-,-,-,-,-,-,-,-,-,-,-,-,-,-,-,-,-,-,-,-,-,-,-,-,-,-,-,-,-,-,-,-,-,-
Nuts and legumes,Hot plate tofu,"Deep-fried egg tofu with mixed vegetables, minced pork meat and oyster sauce on hot plate",Nuts and legumes,Soy-based dishes,100%,1 scoop(s) (serving spoon) = 100g,1 plate(s) = 527g,Lab Analysis,2026,Per 100g,Per Serving (100g),72,72,5.9,5.9,4.6,4.6,1.9,1.9,0,0,1.78,1.78,0.5,0.5,-,-,0.6,0.6,305,305,61,61,15,15,0.45,0.45,85.9,85.9,-,-,-,-,-,-,-,-,-,-,0,0,0.3,0.3,0,0,0,0,0.2,0.2,0,0,-,-,-,-,-,-,-,-,-,-,-,-,-,-,-,-,-,-,-,-,-,-,-,-,-,-,-,-,-,-,-,-
Nuts and legumes,Miso soup,"Salty soup made from fermented beans, served with seaweed pieces and small tofu cubes",Nuts and legumes,Soy-based dishes,100%,1 bowl(s) = 192g,-,Lab Analysis,2025,Per 100g,Per Serving (192g),13,25,1.29,2.48,0.35,0.67,0.04,0.08,Trace,Trace,1.25,2.4,0.6,1.15,-,-,Trace,Trace,504,968,57,109,10,19,0.16,0.31,95.7,183.74,-,-,0.15,0.29,0.08,0.15,3,5.76,-,-,0.55,1.06,0.1,0.19,Trace,Trace,Trace,Trace,Trace,Trace,Trace,Trace,-,-,-,-,-,-,-,-,-,-,-,-,-,-,-,-,-,-,-,-,-,-,-,-,-,-,-,-,-,-,-,-
Nuts and legumes,Sambal goreng,"Stir-fried tempeh, long beans and tofu in belachan (fermented shrimp paste block) and chilli",Nuts and legumes,Soy-based dishes,100%,1 bowl(s) = 226g,-,Lab Analysis,2024,Per 100g,Per Serving (226g),225,509,11.94,26.98,16.93,38.26,6.23,14.08,-,-,6.15,13.9,3.41,7.71,-,-,4.77,10.78,575,1300,-,-,-,-,-,-,-,-,-,-,-,-,-,-,-,-,-,-,-,-,-,-,-,-,-,-,-,-,-,-,-,-,-,-,-,-,-,-,-,-,-,-,-,-,-,-,-,-,-,-,-,-,-,-,-,-,-,-,-,-,-,-
Nuts and legumes,Sze chuan hot and sour soup,"Soup with tofu, chilli sauce, mixed vegetables and vinegar",Nuts and legumes,Soy-based dishes,100%,1 bowl(s) = 100g,-,Lab Analysis,2010,Per 100g,Per Serving (100g),48,48,3.9,3.9,2.5,2.5,0.8,0.8,-,-,2.5,2.5,0.7,0.7,-,-,0.8,0.8,365,365,-,-,16,16,Trace,Trace,-,-,-,-,0.5,0.5,1.1,1.1,-,-,-,-,-,-,-,-,-,-,-,-,-,-,-,-,-,-,28,28,-,-,-,-,-,-,-,-,-,-,-,-,-,-,Trace,Trace,-,-,-,-,-,-,-,-,-,-,-,-
Nuts and legumes,Tahu goreng,"Deep-fried beancurd, served with beansprout and peanut sauce",Nuts and legumes,Soy-based dishes,100%,1 scoop(s) (serving spoon) = 100g,-,Lab Analysis,2010,Per 100g,Per Serving (100g),191,191,8.9,8.9,10.9,10.9,4.3,4.3,-,-,14.4,14.4,6.9,6.9,-,-,3,3,1016,1016,-,-,118,118,1.1,1.1,-,-,-,-,1.42,1.42,4.57,4.57,-,-,-,-,-,-,-,-,-,-,-,-,-,-,-,-,-,-,13,13,-,-,-,-,-,-,-,-,-,-,-,-,-,-,1,1,-,-,-,-,-,-,-,-,-,-,-,-
Nuts and legumes,Tahu telur,Deep-fried tofu with egg served with sweet dark sauce,Nuts and legumes,Soy-based dishes,100%,1 scoop(s) (serving spoon) = 100g,-,Lab Analysis,2010,Per 100g,Per Serving (100g),256,256,10.81,10.81,20.7,20.7,8.36,8.36,-,-,6.59,6.59,4.91,4.91,-,-,3.03,3.03,168,168,-,-,137,137,2.5,2.5,-,-,-,-,3.28,3.28,8.16,8.16,-,-,-,-,-,-,-,-,-,-,-,-,-,-,-,-,-,-,64.7,64.7,-,-,-,-,-,-,-,-,-,-,-,-,-,-,Trace,Trace,-,-,-,-,-,-,-,-,-,-,-,-
Nuts and legumes,Tau kwa pau,"Fried beancurd stuffed with streaky pork, sliced fishcake, fried yam, egg bits and cucumber",Nuts and legumes,Soy-based dishes,100%,1 piece(s) = 120g,-,Lab Analysis,2010,Per 100g,Per Serving (120g),156,187,10.5,12.6,9.2,11.04,3.69,4.43,0,0,7.8,9.36,0,0,-,-,1.6,1.92,626,751,-,-,54,65,1,1.2,-,-,-,-,2.33,2.8,2.71,3.25,-,-,-,-,-,-,-,-,-,-,-,-,-,-,-,-,-,-,7,8.4,-,-,-,-,-,-,-,-,-,-,-,-,-,-,0,0,-,-,-,-,-,-,-,-,-,-,-,-
"Oils, seasonings and condiments",Kaya jam,"Creamy coconut egg spread with pandan flavour made from sugar, eggs, coconut milk, pandan juice","Oils, seasonings and condiments",Bread spreads,100%,1 tablespoon(s) = 15g,-,Lab Analysis,2010,Per 100g,Per Serving (15g),315,47,3.88,0.58,11.98,1.8,8.9,1.34,-,-,47.85,7.18,43.34,6.5,-,-,1.13,0.17,42,6,120,18,23,3,0.83,0.12,32.98,4.95,0.62,0.09,0.51,0.08,1.88,0.28,-,-,113.52,17.03,-,-,-,-,-,-,-,-,-,-,-,-,4.51,0.68,72.7,10.91,72.7,10.91,0,0,0,0,0.06,0.01,-,-,-,-,-,-,-,-,-,-,-,-,-,-,69,10,8.46,1.27,0.46,0.07
"Oils, seasonings and condiments",Japanese curry,Thick japanese curry only,"Oils, seasonings and condiments",Gravy,100%,1 bowl(s) = 165g,-,Lab Analysis,2025,Per 100g,Per Serving (165g),100,165,1.8,2.97,5.2,8.58,2.42,3.99,0.06,0.1,11.35,18.73,2.95,4.87,-,-,1.76,2.9,452,746,150,248,19,31,0.48,0.79,80.05,132.08,-,-,0.55,0.91,1.59,2.62,Trace,Trace,-,-,0.5,0.83,0.5,0.83,0.1,0.17,Trace,Trace,1.75,2.89,Trace,Trace,-,-,-,-,-,-,-,-,-,-,-,-,-,-,-,-,-,-,-,-,-,-,-,-,-,-,-,-,-,-,-,-
"Oils, seasonings and condiments",Satay sauce,"Rich peanut-based dipping sauce with spices, served with satay skewers","Oils, seasonings and condiments",Gravy,100%,1 tablespoon(s) = 15g,-,Lab Analysis,2025,Per 100g,Per Serving (15g),202,30,6.63,0.99,9.65,1.45,2.5,0.38,Trace,Trace,22.2,3.33,6.15,0.92,-,-,6.05,0.91,373,56,178,27,21,3,0.84,0.13,60.1,9.02,-,-,2.86,0.43,3.29,0.49,Trace,Trace,-,-,Trace,Trace,6,0.9,Trace,Trace,Trace,Trace,Trace,Trace,Trace,Trace,-,-,-,-,-,-,-,-,-,-,-,-,-,-,-,-,-,-,-,-,-,-,-,-,-,-,-,-,-,-,-,-
"Oils, seasonings and condiments",Chicken curry gravy,"Curry gravy with spices and coconut milk, from chicken curry","Oils, seasonings and condiments",Gravy,100%,1 bowl(s) = 47g,-,Lab Analysis,2025,Per 100g,Per Serving (47g),102,48,3.95,1.86,8.8,4.14,4.69,2.2,0.06,0.03,3.05,1.43,1.4,0.66,-,-,1.05,0.49,409,192,218,102,18,8,0.98,0.46,82.55,38.8,-,-,0.71,0.33,1.74,0.82,Trace,Trace,-,-,0.2,0.09,0.3,0.14,Trace,Trace,Trace,Trace,0.9,0.42,Trace,Trace,-,-,-,-,-,-,-,-,-,-,-,-,-,-,-,-,-,-,-,-,-,-,-,-,-,-,-,-,-,-,-,-
"Oils, seasonings and condiments",Curry chicken noodles gravy,"Curry gravy with spices and coconut milk, from curry chicken noodles","Oils, seasonings and condiments",Gravy,100%,1 bowl(s) = 312g,-,Lab Analysis,2025,Per 100g,Per Serving (312g),63,197,1.53,4.77,5.25,16.38,3.42,10.67,0.04,0.12,2.45,7.64,2,6.24,-,-,Trace,Trace,458,1429,127,396,20,62,0.39,1.22,89.25,278.46,-,-,0.31,0.97,0.87,2.71,Trace,Trace,-,-,0.1,0.31,0.1,0.31,Trace,Trace,Trace,Trace,1.65,5.15,0.1,0.31,-,-,-,-,-,-,-,-,-,-,-,-,-,-,-,-,-,-,-,-,-,-,-,-,-,-,-,-,-,-,-,-
"Oils, seasonings and condiments",Dan dan noodles gravy,"Spicy minced pork sauce with peanuts, from dan dan noodles","Oils, seasonings and condiments",Gravy,100%,1 bowl(s) = 196g,-,Lab Analysis,2025,Per 100g,Per Serving (196g),197,386,7.32,14.35,9.85,19.31,2.97,5.82,0.03,0.06,19.75,38.71,Trace,Trace,-,-,4.27,8.37,587,1151,432,847,24,47,0.66,1.29,61.55,120.64,-,-,2.01,3.94,2.94,5.76,Trace,Trace,-,-,Trace,Trace,Trace,Trace,Trace,Trace,Trace,Trace,Trace,Trace,Trace,Trace,-,-,-,-,-,-,-,-,-,-,-,-,-,-,-,-,-,-,-,-,-,-,-,-,-,-,-,-,-,-,-,-
"Oils, seasonings and condiments",Fish curry gravy,"Curry gravy with coconut milk, tomato and spices, from fish curry","Oils, seasonings and condiments",Gravy,100%,1 bowl(s) = 193g,-,Lab Analysis,2025,Per 100g,Per Serving (193g),116,224,1.84,3.55,9.35,18.05,3.83,7.39,0.18,0.35,6,11.58,1.2,2.32,-,-,2.61,5.04,506,977,170,328,27,52,0.81,1.56,81.1,156.52,-,-,1.04,2.01,3.25,6.27,5,9.65,-,-,0.4,0.77,0.7,1.35,Trace,Trace,Trace,Trace,0.2,0.39,Trace,Trace,-,-,-,-,-,-,-,-,-,-,-,-,-,-,-,-,-,-,-,-,-,-,-,-,-,-,-,-,-,-,-,-
"Oils, seasonings and condiments",Fish head curry gravy,"Curry gravy made with curry spices and coconut milk, from fish head curry","Oils, seasonings and condiments",Gravy,100%,1 bowl(s) = 105g,-,Lab Analysis,2025,Per 100g,Per Serving (105g),213,224,2.41,2.53,20.55,21.58,9.4,9.87,0.19,0.2,4.55,4.78,2.1,2.21,-,-,1.99,2.09,391,411,174,183,40,42,1,1.05,71.05,74.6,-,-,2.72,2.86,6.36,6.68,13,13.65,-,-,0.3,0.32,0.4,0.42,Trace,Trace,Trace,Trace,1.1,1.16,0.3,0.32,-,-,-,-,-,-,-,-,-,-,-,-,-,-,-,-,-,-,-,-,-,-,-,-,-,-,-,-,-,-,-,-
"Oils, seasonings and condiments",Lor bak (braised pork belly) gravy,"Soya sauce and garlic gravy, from lor bak (braised pork belly)","Oils, seasonings and condiments",Gravy,100%,1 bowl(s) = 51g,-,Lab Analysis,2025,Per 100g,Per Serving (51g),38,19,2.25,1.15,1.15,0.59,0.28,0.14,Trace,Trace,4.55,2.32,2.45,1.25,-,-,1.05,0.54,758,387,81,41,15,8,Trace,Trace,89.75,45.77,-,-,0.15,0.08,0.32,0.16,Trace,Trace,-,-,0.3,0.15,0.8,0.41,Trace,Trace,Trace,Trace,1.45,0.74,Trace,Trace,-,-,-,-,-,-,-,-,-,-,-,-,-,-,-,-,-,-,-,-,-,-,-,-,-,-,-,-,-,-,-,-
"Oils, seasonings and condiments",Lor mee gravy,"Thick dark gravy, from lor mee","Oils, seasonings and condiments",Gravy,100%,1 bowl(s) = 328g,-,Lab Analysis,2025,Per 100g,Per Serving (328g),48,157,1.41,4.62,1.6,5.25,0.59,1.94,Trace,Trace,6.9,22.63,0.7,2.3,-,-,Trace,Trace,411,1348,59,194,7,23,Trace,Trace,88.85,291.43,-,-,0.19,0.62,0.64,2.1,Trace,Trace,-,-,0.2,0.66,0.2,0.66,Trace,Trace,Trace,Trace,0.3,0.98,Trace,Trace,-,-,-,-,-,-,-,-,-,-,-,-,-,-,-,-,-,-,-,-,-,-,-,-,-,-,-,-,-,-,-,-
"Oils, seasonings and condiments",Mee rebus gravy,"Thick spicy gravy, from mee rebus","Oils, seasonings and condiments",Gravy,100%,1 bowl(s) = 340g,-,Lab Analysis,2025,Per 100g,Per Serving (340g),99,337,1.76,5.98,4.35,14.79,1.32,4.49,0.01,0.03,13.05,44.37,2.15,7.31,-,-,1.12,3.81,467,1588,82,279,28,95,0.45,1.53,79.5,270.3,-,-,1.03,3.5,1.62,5.51,Trace,Trace,-,-,Trace,Trace,2.15,7.31,Trace,Trace,Trace,Trace,Trace,Trace,Trace,Trace,-,-,-,-,-,-,-,-,-,-,-,-,-,-,-,-,-,-,-,-,-,-,-,-,-,-,-,-,-,-,-,-
"Oils, seasonings and condiments",Mee siam gravy,"Spicy, tangy gravy, from mee siam","Oils, seasonings and condiments",Gravy,100%,1 bowl(s) = 359g,-,Lab Analysis,2025,Per 100g,Per Serving (359g),78,280,1.29,4.63,3.35,12.03,1.46,5.24,0.01,0.04,10.7,38.41,6.95,24.95,-,-,1.1,3.95,695,2495,69,248,22,79,0.44,1.58,82.95,297.79,-,-,0.66,2.37,1.02,3.66,Trace,Trace,-,-,1.1,3.95,1.4,5.03,Trace,Trace,Trace,Trace,4.45,15.98,Trace,Trace,-,-,-,-,-,-,-,-,-,-,-,-,-,-,-,-,-,-,-,-,-,-,-,-,-,-,-,-,-,-,-,-
"Oils, seasonings and condiments","Plain prata (2 pc, with curry) (curry only)","Aromatic curry sauce with spices, served as accompaniment to prata","Oils, seasonings and condiments",Gravy,100%,1 bowl(s) = 253g,-,Lab Analysis,2025,Per 100g,Per Serving (253g),99,250,2.36,5.97,5.95,15.05,2.26,5.72,0.22,0.56,9,22.77,Trace,Trace,-,-,2.67,6.76,700,1771,232,587,39,99,1.2,3.04,80.7,204.17,-,-,0.64,1.62,1.97,4.98,13,32.89,-,-,Trace,Trace,Trace,Trace,Trace,Trace,Trace,Trace,Trace,Trace,Trace,Trace,-,-,-,-,-,-,-,-,-,-,-,-,-,-,-,-,-,-,-,-,-,-,-,-,-,-,-,-,-,-,-,-
"Oils, seasonings and condiments",Sayur lodeh gravy,Vegetable curry gravy made with coconut milk and spices,"Oils, seasonings and condiments",Gravy,100%,1 bowl(s) = 137g,-,Lab Analysis,2025,Per 100g,Per Serving (137g),78,107,1.07,1.47,6.2,8.49,3.85,5.27,0.02,0.03,4.65,6.37,1.4,1.92,-,-,0.77,1.05,277,379,92,126,20,27,0.36,0.49,87.1,119.33,-,-,0.43,0.59,1.13,1.55,Trace,Trace,-,-,0.3,0.41,0.8,1.1,Trace,Trace,Trace,Trace,0.3,0.41,Trace,Trace,-,-,-,-,-,-,-,-,-,-,-,-,-,-,-,-,-,-,-,-,-,-,-,-,-,-,-,-,-,-,-,-
"Oils, seasonings and condiments",Steamed fish with black bean sauce (Gravy only),"Black bean sauce gravy, from steamed fish with black bean sauce","Oils, seasonings and condiments",Gravy,100%,1 bowl(s) = 264g,-,Lab Analysis,2025,Per 100g,Per Serving (264g),82,216,2.59,6.84,4.2,11.09,1.59,4.2,0.01,0.03,8.6,22.7,2.55,6.73,-,-,2.75,7.26,471,1243,180,475,21,55,0.58,1.53,82.95,218.99,-,-,0.61,1.61,1.51,3.99,28.5,75.24,-,-,0.7,1.85,0.6,1.58,Trace,Trace,Trace,Trace,1.2,3.17,Trace,Trace,-,-,-,-,-,-,-,-,-,-,-,-,-,-,-,-,-,-,-,-,-,-,-,-,-,-,-,-,-,-,-,-
"Oils, seasonings and condiments",Teriyaki sauce,"Sweet and savoury soy-based glaze made with soy sauce, mirin, and sugar","Oils, seasonings and condiments",Sauces,100%,1 tablespoon(s) = 15g,-,Lab Analysis,2010,Per 100g,Per Serving (15g),123,18,3.1,0.47,0.1,0.02,0,0,-,-,27.5,4.13,17.7,2.66,-,-,0.6,0.09,3591,539,199,30,30,5,1.2,0.18,63.3,9.5,0.5,0.08,0,0,0,0,-,-,0,0,-,-,-,-,-,-,-,-,-,-,-,-,9.5,1.43,0,0,0,0,0,0,0.01,Trace,0.08,0.01,-,-,-,-,-,-,0,0,-,-,-,-,-,-,59,9,0,0,0.1,0.02
"Oils, seasonings and condiments",Curry leaf,"Fresh curry leaves, dark green oval leaves, firm texture with pungent aromatic taste.","Oils, seasonings and condiments",Seasonings and condiments,100%,1 piece(s) = 1g,-,Borrowed,2025,Per 100g,Per Serving (1g),125,1,4.15,0.04,10.95,0.11,-,-,-,-,2.4,0.02,-,-,-,-,-,-,-,-,-,-,18,Trace,1.52,0.02,80.5,0.81,-,-,-,-,-,-,-,-,-,-,-,-,-,-,-,-,-,-,-,-,-,-,-,-,75,0.75,0,0,898,8.98,72.53,0.73,0.04,Trace,-,-,-,-,-,-,1,0.01,-,-,-,-,-,-,58,1,-,-,-,-
"Oils, seasonings and condiments",Ground ginger,"Ground ginger from dried root, fine tan powder, dry texture with warm spicy taste.","Oils, seasonings and condiments",Seasonings and condiments,100%,1 teaspoon(s) = 2g,1 tablespoon(s) = 5g,Borrowed,2025,Per 100g,Per Serving (2g),335,7,8.98,0.18,4.24,0.08,2.6,0.05,0,0,71.62,1.43,3.39,0.07,-,-,14.1,0.28,27,1,1320,26,114,2,19.8,0.4,9.94,0.2,-,-,0.93,0.02,0.48,0.01,0,0,0,0,1.22,0.02,1.78,0.04,0,0,0.19,Trace,0.2,Trace,0,0,-,-,2,0.04,0,0,18,0.36,0.05,Trace,0.17,Trace,0.63,0.01,13,0.26,0,0,0.7,0.01,0,0,0,0,0.8,0.02,168,3,55.8,1.12,3.64,0.07
"Oils, seasonings and condiments",Basil,"Fresh basil leaves, bright green leaves, tender texture with sweet aromatic taste.","Oils, seasonings and condiments",Seasonings and condiments,100%,1 tablespoon(s) = 3g,1 cup(s) = 24g,Borrowed,2025,Per 100g,Per Serving (3g),23,1,3.15,0.09,0.64,0.02,0.04,Trace,0,0,2.65,0.08,0.3,0.01,-,-,1.6,0.05,4,Trace,295,9,177,5,3.17,0.1,92.06,2.76,-,-,0.39,0.01,0.09,Trace,0,0,0,0,0.02,Trace,0.02,Trace,0,0,0.27,0.01,0,0,0,0,-,-,264,7.92,0,0,3142,94.26,0.03,Trace,0.08,Trace,0.16,Trace,68,2.04,0,0,18,0.54,0,0,1.19,0.04,414.8,12.44,56,2,0.3,0.01,0.81,0.02
Poultry,Boiled black chicken,Boiled black chicken with skin and bone,Poultry,Chicken,54%,1 quarter(s) = 106g,-,Lab Analysis,2010,Per 100g,Per Serving (106g),172,98,20.2,11.56,10.2,5.84,2.78,1.59,-,-,0,0,0,0,-,-,0,0,80,46,-,-,23,13,1.1,0.63,-,-,-,-,2.81,1.61,3.84,2.2,-,-,-,-,-,-,-,-,-,-,-,-,-,-,-,-,-,-,5,2.86,-,-,-,-,-,-,-,-,-,-,-,-,-,-,Trace,Trace,-,-,-,-,-,-,-,-,-,-,-,-
Poultry,Boiled kampung chicken,Boiled kampung chicken with skin and bone,Poultry,Chicken,64%,1 quarter(s) = 148g,-,Lab Analysis,2010,Per 100g,Per Serving (148g),194,184,25.7,24.34,10.1,9.57,3.7,3.5,-,-,0,0,0,0,-,-,0,0,42,40,-,-,39,37,0.8,0.76,-,-,-,-,1.58,1.5,4.12,3.9,-,-,-,-,-,-,-,-,-,-,-,-,-,-,-,-,-,-,22,20.84,-,-,-,-,-,-,-,-,-,-,-,-,-,-,Trace,Trace,-,-,-,-,-,-,-,-,-,-,-,-
Poultry,"Roasted chicken breast, with skin",Roasted chicken breast,Poultry,Chicken,75%,1 piece(s) = 90g,-,Borrowed,2025,Per 100g,Per Serving (90g),184,124,27.48,18.55,8.18,5.52,2.11,1.42,0.09,0.06,0.02,0.01,0.02,0.01,-,-,0,0,347,234,-,-,15,10,0.55,0.37,-,-,-,-,1.16,0.78,3.54,2.39,-,-,-,-,-,-,-,-,-,-,-,-,-,-,-,-,-,-,12,8.1,-,-,-,-,-,-,-,-,-,-,-,-,-,-,0,0,-,-,-,-,-,-,-,-,-,-,-,-
Poultry,Baked chicken thigh,Baked chicken thigh,Poultry,Chicken,64%,1 piece(s) = 100g,-,Borrowed,2025,Per 100g,Per Serving (100g),227,145,23,14.72,15,9.6,4.6,2.94,75.79,48.51,0,0,0,0,-,-,0,0,73,47,-,-,22,14,0.92,0.59,-,-,-,-,2.03,1.3,7.53,4.82,-,-,-,-,-,-,-,-,-,-,-,-,-,-,-,-,-,-,41,26.24,-,-,-,-,-,-,-,-,-,-,-,-,-,-,0,0,-,-,-,-,-,-,-,-,-,-,-,-
Poultry,"Braised chicken thigh, with skin",Boiled chicken thigh,Poultry,Chicken,67%,1 piece(s) = 100g,-,Borrowed,2025,Per 100g,Per Serving (100g),232,155,23.26,15.58,14.74,9.88,4.11,2.75,-,-,0,0,0,0,-,-,0,0,71,48,-,-,11,7,1.37,0.92,-,-,-,-,3.25,2.18,5.84,3.91,-,-,-,-,-,-,-,-,-,-,-,-,-,-,-,-,-,-,45,30.15,-,-,-,-,-,-,-,-,-,-,-,-,-,-,0,0,-,-,-,-,-,-,-,-,-,-,-,-
Poultry,"Roasted chicken thigh, with skin","Dark meat from the upper leg portion of the chicken, prepared with skin and bone, and oven baked until golden, offering a tender, juicy texture.",Poultry,Chicken,64%,1 piece(s) = 137g,1 palm-sized piece(s) = 90g,Borrowed,2025,Per 100g,Per Serving (137g),232,203,23.26,20.39,14.71,12.9,4.11,3.6,Trace,Trace,0,0,0,0,-,-,0,0,102,89,253,222,9,8,1.08,0.95,61.96,54.33,-,-,2.99,2.62,6.26,5.49,11,9.64,133,116.61,-,-,-,-,-,-,-,-,-,-,-,-,-,-,16,14.03,16,14.03,0,0,0.09,0.08,0.19,0.17,0.41,0.36,4,3.51,0.44,0.39,0,0,7,6.14,0.28,0.25,3.3,2.89,216,189,25.3,22.18,1.73,1.52
Poultry,Baked chicken skin,"Crispy, golden skin from various parts of the chicken, oven baked until rendered and crunchy.",Poultry,Chicken,100%,1 piece(s) = 55g,-,Borrowed,2025,Per 100g,Per Serving (55g),435,239,22.3,12.27,38.9,21.4,11.84,6.51,0.22,0.12,0,0,0,0,0,0,0,0,78,43,220,121,54,30,1.2,0.66,39.9,21.94,3.57,1.96,5.15,2.83,19.78,10.88,0,0,180,99,0,0,0,0,0,0,0,0,0,0,0,0,0,0,130,71.5,130,71.5,0,0,0,0,0.19,0.1,0.2,0.11,0,0,0.7,0.38,0,0,304,167.2,3.13,1.72,-,-,260,143,30,16.5,1.5,0.83
Poultry,Braised chicken heart,"Tender organ meat from the chicken's heart, gently braised until cooked through, offering a firm, dense texture.",Poultry,Chicken,100%,1 cup(s) = 145g,-,Borrowed,2025,Per 100g,Per Serving (145g),185,268,26.41,38.29,7.92,11.48,2.26,3.28,-,-,0.1,0.15,-,-,-,-,0,0,48,70,132,191,19,28,9.03,13.09,64.85,94.03,-,-,2.3,3.34,2.01,2.91,0,0,242,350.9,-,-,-,-,-,-,-,-,-,-,-,-,-,-,8,11.6,8,11.6,-,-,0.07,0.1,0.74,1.07,0.32,0.46,80,116,7.29,10.57,1.8,2.61,-,-,-,-,-,-,199,289,8,11.6,7.3,10.59
Poultry,Braised chicken liver,"Soft organ meat from the chicken's liver, with large vessels, gently braised until tender, offering a smooth, creamy texture with a rich, earthy flavour and distinctive iron-like taste.",Poultry,Chicken,98%,1 piece(s) = 44g,-,Borrowed,2025,Per 100g,Per Serving (44g),167,72,24.46,10.55,6.51,2.81,2.06,0.89,Trace,Trace,0.87,0.38,0,0,-,-,0,0,76,33,263,113,11,5,11.63,5.01,66.81,28.81,-,-,1.99,0.86,1.42,0.61,0,0,563,242.77,-,-,-,-,-,-,-,-,-,-,-,-,-,-,3981,1716.61,3978,1715.31,30,12.94,0.29,0.13,1.99,0.86,0.76,0.33,578,249.23,16.85,7.27,27.9,12.03,0,0,1.22,0.53,0,0,405,175,82.4,35.53,3.98,1.72
Poultry,"Braised chicken thigh, without skin","Cooked dark meat from the upper leg portion of the chicken, prepared without skin and with bone, gently braised until tender, offering a soft, juicy texture.",Poultry,Chicken,67%,1 piece(s) = 200g,-,Borrowed,2025,Per 100g,Per Serving (200g),195,261,25,33.5,9.79,13.12,2.71,3.63,-,-,0,0,0,0,-,-,0,0,75,101,183,245,11,15,1.42,1.9,65.59,87.89,-,-,2.24,3,3.7,4.96,60,80.4,90,120.6,-,-,-,-,-,-,-,-,-,-,-,-,-,-,19,25.46,19,25.46,0,0,0.06,0.08,0.22,0.29,0.21,0.28,7,9.38,0.21,0.28,0,0,5,6.7,0.4,0.54,3.6,4.82,149,200,17.1,22.91,2.58,3.46
Poultry,"Fried chicken drumstick, without skin","Cooked dark meat from the lower leg portion of the chicken, prepared without skin and deep-fried until golden, offering a tender, juicy texture with rich, savoury flavour",Poultry,Chicken,61%,1 piece(s) = 130g,-,Borrowed,2025,Per 100g,Per Serving (130g),195,155,28.62,22.7,8.08,6.41,2.13,1.69,-,-,0,0,-,-,-,-,0,0,96,76,249,197,12,10,1.32,1.05,62.24,49.36,-,-,1.97,1.56,2.94,2.33,60,47.58,94,74.54,-,-,-,-,-,-,-,-,-,-,-,-,-,-,18,14.27,18,14.27,-,-,0.08,0.06,0.24,0.19,0.39,0.31,9,7.14,0.35,0.28,0,0,-,-,-,-,-,-,186,147,19.6,15.54,3.22,2.55
Poultry,"Roasted chicken thigh, without skin","Dark meat from the upper leg portion of the chicken, prepared without skin and with bone, oven baked until cooked through, offering a tender, juicy texture.",Poultry,Chicken,64%,1 piece(s) = 200g,-,Borrowed,2025,Per 100g,Per Serving (200g),179,229,24.76,31.69,8.15,10.43,2.31,2.96,Trace,Trace,0,0,0,0,-,-,0,0,106,136,269,344,9,12,1.13,1.45,67,85.76,-,-,1.7,2.18,3.36,4.3,10,12.8,133,170.24,-,-,-,-,-,-,-,-,-,-,-,-,-,-,8,10.24,8,10.24,0,0,0.1,0.13,0.22,0.28,0.46,0.59,5,6.4,0.42,0.54,0,0,7,8.96,0.27,0.35,3.9,4.99,230,294,27.1,34.69,1.92,2.46
Poultry,"Spring chicken, raw, without skin","Raw, uncooked whole spring chicken without skin, displaying a pale pink colour with tender, delicate texture.",Poultry,Chicken,70%,1 whole = 600g,-,Borrowed,2025,Per 100g,Per Serving (600g),119,500,21.39,89.84,3.08,12.94,0.79,3.32,-,-,0,0,0,0,-,-,0,0,77,323,229,962,12,50,0.89,3.74,75.46,316.93,-,-,0.75,3.15,0.9,3.78,40,168,70,294,-,-,-,-,-,-,-,-,-,-,-,-,-,-,16,67.2,16,67.2,0,0,0.07,0.29,0.14,0.59,0.43,1.81,7,29.4,0.37,1.55,2.3,9.66,5,21,0.31,1.3,1.8,7.56,173,727,15.7,65.94,1.54,6.47
Poultry,Assam chicken,Malay-style cooked chicken in tamarind-based gravy,Poultry,Chicken-based dishes,100%,1 scoop(s) (serving spoon) = 100g,-,Lab Analysis,2010,Per 100g,Per Serving (100g),219,219,32.1,32.1,10,10,3.67,3.67,-,-,0.3,0.3,0.1,0.1,-,-,0.8,0.8,425,425,-,-,6,6,0.8,0.8,-,-,-,-,1.33,1.33,4.45,4.45,-,-,-,-,-,-,-,-,-,-,-,-,-,-,-,-,-,-,41,41,-,-,-,-,-,-,-,-,-,-,-,-,-,-,0.6,0.6,-,-,-,-,-,-,-,-,-,-,-,-
Poultry,Ayam masak lemak,Malay-style cooked chicken in spicy coconut milk gravy,Poultry,Chicken-based dishes,74%,1 scoop(s) (serving spoon) = 100g,-,Lab Analysis,2010,Per 100g,Per Serving (100g),157,116,9.81,7.26,12.79,9.46,6.94,5.14,-,-,0.77,0.57,0.43,0.32,-,-,0.66,0.49,221,164,-,-,42,31,1.69,1.25,-,-,-,-,1.48,1.1,3.67,2.72,-,-,-,-,-,-,-,-,-,-,-,-,-,-,-,-,-,-,17,12.58,-,-,-,-,-,-,-,-,-,-,-,-,-,-,1.4,1.04,-,-,-,-,-,-,-,-,-,-,-,-
Poultry,Ayam masak merah,Malay-style cooked chicken in spicy red tomato gravy,Poultry,Chicken-based dishes,65%,1 scoop(s) (serving spoon) = 100g,-,Lab Analysis,2010,Per 100g,Per Serving (100g),123,80,10.5,6.83,7.5,4.88,1.95,1.27,-,-,3.3,2.15,2.8,1.82,-,-,3.6,2.34,191,124,-,-,66,43,4.2,2.73,-,-,-,-,1.86,1.21,3.27,2.13,-,-,-,-,-,-,-,-,-,-,-,-,-,-,-,-,-,-,91,59.15,-,-,-,-,-,-,-,-,-,-,-,-,-,-,1.1,0.72,-,-,-,-,-,-,-,-,-,-,-,-
Poultry,Barbecued chicken wing,Grilled chicken wing,Poultry,Chicken-based dishes,90.85%,1 piece(s) = 38g,-,Lab Analysis,2025,Per 100g,Per Serving (38g),232,80,26.8,9.25,12.7,4.38,3.28,1.13,0.06,0.02,2.6,0.9,1.8,0.62,-,-,Trace,Trace,630,217,176,61,18,6,0.95,0.33,55.9,19.3,-,-,2.59,0.89,5.2,1.8,8,2.76,-,-,0.3,0.1,0.1,0.03,Trace,Trace,Trace,Trace,1.3,0.45,Trace,Trace,-,-,-,-,-,-,-,-,-,-,-,-,-,-,-,-,-,-,-,-,-,-,-,-,-,-,-,-,-,-,-,-
Poultry,Barbecued spring chicken,Grilled spring chicken with skin and bone,Poultry,Chicken-based dishes,73%,1 quarter(s) = 158g,-,Lab Analysis,2010,Per 100g,Per Serving (158g),238,275,22.3,25.72,16.5,19.03,4.9,5.65,-,-,0,0,0,0,-,-,0,0,468,540,-,-,44,51,1.5,1.73,-,-,-,-,2.7,3.11,8,9.23,-,-,-,-,-,-,-,-,-,-,-,-,-,-,-,-,-,-,Trace,Trace,-,-,-,-,-,-,-,-,-,-,-,-,-,-,0,0,-,-,-,-,-,-,-,-,-,-,-,-
Poultry,Braised chicken feet,Chicken feet braised in dark soy sauce with spices,Poultry,Chicken-based dishes,54%,1 piece(s) = 28g,-,Lab Analysis,2010,Per 100g,Per Serving (28g),144,22,13.2,2,10,1.51,3.1,0.47,-,-,0.5,0.08,0.5,0.08,-,-,2.1,0.32,436,66,-,-,258,39,1.1,0.17,-,-,-,-,1.9,0.29,4.5,0.68,-,-,-,-,-,-,-,-,-,-,-,-,-,-,-,-,-,-,0,0,-,-,-,-,-,-,-,-,-,-,-,-,-,-,0,0,-,-,-,-,-,-,-,-,-,-,-,-
Poultry,Braised soya sauce chicken,Chicken simmered in soya sauce,Poultry,Chicken-based dishes,100%,1 scoop(s) (serving spoon) = 100g,-,Lab Analysis,2023,Per 100g,Per Serving (100g),176,176,23.93,23.93,8.77,8.77,2.37,2.37,-,-,0.4,0.4,0.3,0.3,-,-,0.75,0.75,295,295,-,-,-,-,-,-,-,-,-,-,-,-,-,-,-,-,-,-,-,-,-,-,-,-,-,-,-,-,-,-,-,-,-,-,-,-,-,-,-,-,-,-,-,-,-,-,-,-,-,-,-,-,-,-,-,-,-,-,-,-,-,-
Poultry,Butter chicken,Indian curry dish with chicken pieces in tomato-based sauce with butter and aromatic spices,Poultry,Chicken-based dishes,100%,1 scoop(s) (serving spoon) = 100g,-,Lab Analysis,2023,Per 100g,Per Serving (100g),148,148,10.05,10.05,9.27,9.27,4.08,4.08,-,-,6.07,6.07,3.68,3.68,-,-,1.65,1.65,483,483,-,-,-,-,-,-,-,-,-,-,-,-,-,-,-,-,-,-,-,-,-,-,-,-,-,-,-,-,-,-,-,-,-,-,-,-,-,-,-,-,-,-,-,-,-,-,-,-,-,-,-,-,-,-,-,-,-,-,-,-,-,-
Poultry,Chicken chop with sauce,"Grilled chicken thigh with skin, served with sauce",Poultry,Chicken-based dishes,100%,1 piece(s) = 164g,-,Lab Analysis,2026,Per 100g,Per Serving (164g),205,336,23.2,38.05,11.7,19.19,3.9,6.4,0,0,1.8,2.95,0,0,-,-,0.7,1.15,372,610,267,438,11,18,0.85,1.39,60.9,99.88,-,-,-,-,-,-,-,-,-,-,0,0,0,0,0,0,0,0,0,0,0,0,-,-,-,-,-,-,-,-,-,-,-,-,-,-,-,-,-,-,-,-,-,-,-,-,-,-,-,-,-,-,-,-
Poultry,Chicken curry,3 chicken pieces simmered with curry spices and coconut milk,Poultry,Chicken-based dishes,96.60%,1 bowl(s) = 347g,1 scoop(s) (serving spoon) = 100g,Lab Analysis,2025,Per 100g,Per Serving (347g),146,489,10.05,33.69,10.6,35.53,3.96,13.27,0.06,0.2,2.45,8.21,1.25,4.19,-,-,1.15,3.85,365,1223,210,704,15,50,0.85,2.85,75.55,253.25,-,-,1.4,4.69,2.91,9.75,Trace,Trace,-,-,0.2,0.67,0.3,1.01,Trace,Trace,Trace,Trace,0.7,2.35,Trace,Trace,-,-,-,-,-,-,-,-,-,-,-,-,-,-,-,-,-,-,-,-,-,-,-,-,-,-,-,-,-,-,-,-
Poultry,Chicken masala,"Indian-style curry dish cooked primarily with chicken, seasoned with chilli powder, coriander powder, tumeric and onion",Poultry,Chicken-based dishes,100%,1 plate(s) = 455g,-,Lab Analysis,2010,Per 100g,Per Serving (455g),189,860,19.1,86.91,10.9,49.6,4.1,18.65,-,-,3.5,15.93,-,-,-,-,0,0,512,2330,-,-,30,137,1.8,8.19,-,-,-,-,2.4,10.92,3.8,17.29,-,-,-,-,-,-,-,-,-,-,-,-,-,-,-,-,-,-,33,150.15,-,-,-,-,-,-,-,-,-,-,-,-,-,-,-,-,-,-,-,-,-,-,-,-,-,-,-,-
Poultry,Chicken rendang,Chicken simmered with spices and coconut milk,Poultry,Chicken-based dishes,100%,1 scoop(s) (serving spoon) = 100g,-,Lab Analysis,2010,Per 100g,Per Serving (100g),217,217,17.1,17.1,14.6,14.6,5,5,-,-,4.2,4.2,-,-,-,-,0.3,0.3,639,639,-,-,97,97,2.2,2.2,-,-,-,-,3.7,3.7,5.2,5.2,-,-,-,-,-,-,-,-,-,-,-,-,-,-,-,-,-,-,88,88,-,-,-,-,-,-,-,-,-,-,-,-,-,-,-,-,-,-,-,-,-,-,-,-,-,-,-,-
Poultry,Chicken satay,"Barbequed, skinless, boneless chicken skewered on stick",Poultry,Chicken-based dishes,100%,1 stick(s) = 10g,-,Lab Analysis,2025,Per 100g,Per Serving (10g),227,23,21.8,2.18,7.4,0.74,1.92,0.19,0.13,0.01,18.3,1.83,16.3,1.63,-,-,1.92,0.19,543,54,310,31,27,3,1.06,0.11,50.2,5.02,-,-,1.66,0.17,2.52,0.25,Trace,Trace,-,-,Trace,Trace,Trace,Trace,Trace,Trace,Trace,Trace,16.3,1.63,Trace,Trace,-,-,-,-,-,-,-,-,-,-,-,-,-,-,-,-,-,-,-,-,-,-,-,-,-,-,-,-,-,-,-,-
Poultry,Chicken satay with sauce,"Barbequed, skinless, boneless chicken skewered on stick and served with peanut sauce",Poultry,Chicken-based dishes,100%,1 stick(s) = 27g,-,Derived,2026,Per 100g,Per Serving (27g),211,57,12.25,3.31,8.82,2.38,2.29,0.62,0.05,0.01,20.76,5.61,9.91,2.68,-,-,4.52,1.22,436,118,227,61,23,6,0.92,0.25,56.43,15.24,-,-,2.42,0.65,3,0.81,Trace,Trace,-,-,Trace,Trace,3.78,1.02,Trace,Trace,Trace,Trace,6.04,1.63,Trace,Trace,-,-,-,-,-,-,-,-,-,-,-,-,-,-,-,-,-,-,-,-,-,-,-,-,-,-,-,-,-,-,-,-
Poultry,Chicken sweet corn soup,"Chinese-style soup made of corn kernel cooked in chicken stock, eggs and corn starch",Poultry,Chicken-based dishes,100%,1 bowl(s) = 355g,-,Lab Analysis,2025,Per 100g,Per Serving (355g),57,202,3.23,11.47,1.6,5.68,0.46,1.63,0.01,0.04,7.4,26.27,2.9,10.3,-,-,0.53,1.88,411,1459,49,174,5,18,0.33,1.17,86.55,307.25,-,-,0.27,0.96,0.55,1.95,Trace,Trace,-,-,Trace,Trace,Trace,Trace,Trace,Trace,Trace,Trace,2.9,10.3,Trace,Trace,-,-,-,-,-,-,-,-,-,-,-,-,-,-,-,-,-,-,-,-,-,-,-,-,-,-,-,-,-,-,-,-
Poultry,Chicken teppanyaki,"Chicken meat with skin, with bean sprouts, green onions, dark soya sauce, cooked on hotplate",Poultry,Chicken-based dishes,100%,1 scoop(s) (serving spoon) = 100g,-,Lab Analysis,2010,Per 100g,Per Serving (100g),148,148,16.2,16.2,8.8,8.8,3.6,3.6,-,-,1,1,0.8,0.8,-,-,1.8,1.8,548,548,-,-,31,31,1.6,1.6,-,-,-,-,1,1,3.7,3.7,-,-,-,-,-,-,-,-,-,-,-,-,-,-,-,-,-,-,46,46,-,-,-,-,-,-,-,-,-,-,-,-,-,-,Trace,Trace,-,-,-,-,-,-,-,-,-,-,-,-
Poultry,Chicken tikka,Boneless chicken marinated with Indian spices and grilled,Poultry,Chicken-based dishes,100%,1 piece(s) = 71g,-,Lab Analysis,2010,Per 100g,Per Serving (71g),243,173,33.63,23.88,11.71,8.31,3.64,2.58,-,-,0.84,0.6,0.84,0.6,-,-,1.21,0.86,263,187,-,-,35,25,1.67,1.19,-,-,-,-,2.64,1.87,4.78,3.39,-,-,-,-,-,-,-,-,-,-,-,-,-,-,-,-,-,-,43.9,31.17,-,-,-,-,-,-,-,-,-,-,-,-,-,-,0.7,0.5,-,-,-,-,-,-,-,-,-,-,-,-
Poultry,Claypot chicken,"Chicken with skin and bones, cooked with dark soy sauce, and green onions, in chinese claypot",Poultry,Chicken-based dishes,100%,1 scoop(s) (serving spoon) = 100g,-,Lab Analysis,2010,Per 100g,Per Serving (100g),110,110,11.75,11.75,6.54,6.54,2.01,2.01,-,-,1.03,1.03,0.5,0.5,-,-,1.18,1.18,568,568,-,-,26,26,1.19,1.19,-,-,-,-,1.22,1.22,2.95,2.95,-,-,-,-,-,-,-,-,-,-,-,-,-,-,-,-,-,-,14.92,14.92,-,-,-,-,-,-,-,-,-,-,-,-,-,-,Trace,Trace,-,-,-,-,-,-,-,-,-,-,-,-
Poultry,Emperor herbal chicken,"Chinese dish of whole chicken slow-cooked with ginseng, wolfberries, and Chinese herbs",Poultry,Chicken-based dishes,100%,1 scoop(s) (serving spoon) = 100g,-,Lab Analysis,2024,Per 100g,Per Serving (100g),123,123,15.44,15.44,5.99,5.99,1.94,1.94,-,-,1.97,1.97,1.41,1.41,-,-,1.36,1.36,284,284,-,-,-,-,-,-,-,-,-,-,-,-,-,-,-,-,-,-,-,-,-,-,-,-,-,-,-,-,-,-,-,-,-,-,-,-,-,-,-,-,-,-,-,-,-,-,-,-,-,-,-,-,-,-,-,-,-,-,-,-,-,-
Poultry,Fried chicken (1 pc),1 piece of deep-fried chicken coated with batter,Poultry,Chicken-based dishes,100%,1 piece(s) = 102g,-,Lab Analysis,2023,Per 100g,Per Serving (102g),215,219,19.75,20.15,12.25,12.5,4.86,4.96,-,-,6.42,6.55,0.36,0.37,-,-,0.66,0.67,553,564,-,-,-,-,-,-,-,-,-,-,-,-,-,-,-,-,-,-,-,-,-,-,-,-,-,-,-,-,-,-,-,-,-,-,-,-,-,-,-,-,-,-,-,-,-,-,-,-,-,-,-,-,-,-,-,-,-,-,-,-,-,-
Poultry,Fried chicken (2 pc),2 pieces of deep-fried chicken coated with batter,Poultry,Chicken-based dishes,100%,1 set(s) = 166g,-,Lab Analysis,2025,Per 100g,Per Serving (166g),277,460,23.35,38.76,19.2,31.87,6.2,10.29,0.09,0.15,11.95,19.84,0.2,0.33,-,-,Trace,Trace,346,574,245,407,15,25,1.03,1.71,43.95,72.96,-,-,3.25,5.4,7.48,12.42,Trace,Trace,-,-,Trace,Trace,Trace,Trace,Trace,Trace,Trace,Trace,0.2,0.33,Trace,Trace,-,-,-,-,-,-,-,-,-,-,-,-,-,-,-,-,-,-,-,-,-,-,-,-,-,-,-,-,-,-,-,-
Poultry,Fried chicken (3 pc),3 pieces of deep-fried chicken coated with batter,Poultry,Chicken-based dishes,100%,1 set(s) = 306g,-,Derived,2026,Per 100g,Per Serving (306g),253,774,21.98,67.26,16.55,50.64,5.69,17.41,0.06,0.18,9.85,30.14,0.26,0.8,-,-,0.25,0.77,425,1301,152,465,9,28,0.64,1.96,27.22,83.29,-,-,2.01,6.15,4.63,14.17,Trace,Trace,-,-,Trace,Trace,Trace,Trace,Trace,Trace,Trace,Trace,0.12,0.37,Trace,Trace,-,-,-,-,-,-,-,-,-,-,-,-,-,-,-,-,-,-,-,-,-,-,-,-,-,-,-,-,-,-,-,-
Poultry,Fried chicken cutlet,Deep-fried boneless chicken cutlet,Poultry,Chicken-based dishes,100%,1 piece(s) = 203g,-,Lab Analysis,2023,Per 100g,Per Serving (203g),268,544,19.26,39.1,16.43,33.35,6.13,12.44,-,-,10.87,22.07,0,0,-,-,0.4,0.81,527,1070,-,-,-,-,-,-,-,-,-,-,-,-,-,-,-,-,-,-,-,-,-,-,-,-,-,-,-,-,-,-,-,-,-,-,-,-,-,-,-,-,-,-,-,-,-,-,-,-,-,-,-,-,-,-,-,-,-,-,-,-,-,-
Poultry,Fried chicken wing,Deep-fried chicken wing coated with batter,Poultry,Chicken-based dishes,70.10%,1 piece(s) = 97g,-,Lab Analysis,2025,Per 100g,Per Serving (97g),272,185,22.15,15.06,17.25,11.73,5.13,3.49,0.05,0.03,7.05,4.79,Trace,Trace,-,-,1.29,0.88,287,195,189,129,31,21,0.92,0.63,52.1,35.43,-,-,3.32,2.26,6.37,4.33,12,8.16,-,-,Trace,Trace,Trace,Trace,Trace,Trace,Trace,Trace,Trace,Trace,Trace,Trace,-,-,-,-,-,-,-,-,-,-,-,-,-,-,-,-,-,-,-,-,-,-,-,-,-,-,-,-,-,-,-,-
Poultry,Ginger chicken,"Stir fried chicken, with ginger",Poultry,Chicken-based dishes,99.34%,1 scoop(s) (serving spoon) = 100g,1 plate(s) = 447g,Lab Analysis,2025,Per 100g,Per Serving (100g),173,172,12.05,11.97,11.05,10.98,3.82,3.79,0.04,0.04,6.25,6.21,1.8,1.79,-,-,1.09,1.08,435,432,180,179,13,13,0.63,0.63,69.25,68.79,-,-,1.52,1.51,4.12,4.09,Trace,Trace,-,-,0.4,0.4,0.3,0.3,Trace,Trace,Trace,Trace,1.1,1.09,Trace,Trace,-,-,-,-,-,-,-,-,-,-,-,-,-,-,-,-,-,-,-,-,-,-,-,-,-,-,-,-,-,-,-,-
Poultry,Grilled spiced chicken,"Grilled, skinless, chicken marinated with grounded chilli, garlic, shallot, ginger, and fresh tumeric",Poultry,Chicken-based dishes,100%,1 piece(s) = 153g,-,Lab Analysis,2026,Per 100g,Per Serving (153g),193,295,26.45,40.47,9.65,14.76,3.1,4.74,0.01,0.02,0.06,0.09,0,0,-,-,0,0,353,540,326,499,8,12,0.84,1.29,62,94.86,-,-,-,-,-,-,-,-,-,-,0,0,0,0,0,0,0,0,0,0,0,0,-,-,-,-,-,-,-,-,-,-,-,-,-,-,-,-,-,-,-,-,-,-,-,-,-,-,-,-,-,-,-,-
Poultry,Herbal chicken soup,"Soup made with chicken, Chinese herbs and dates",Poultry,Chicken-based dishes,94.15%,1 bowl(s) = 633g,-,Lab Analysis,2025,Per 100g,Per Serving (633g),27,161,1.91,11.38,0.75,4.47,0.2,1.19,Trace,Trace,3.2,19.07,Trace,Trace,-,-,Trace,Trace,300,1788,53,316,9,54,0.35,2.09,93.25,555.74,-,-,0.15,0.89,0.31,1.85,Trace,Trace,-,-,Trace,Trace,Trace,Trace,Trace,Trace,Trace,Trace,Trace,Trace,Trace,Trace,-,-,-,-,-,-,-,-,-,-,-,-,-,-,-,-,-,-,-,-,-,-,-,-,-,-,-,-,-,-,-,-
Poultry,Korean fried chicken,"Crispy double-fried chicken, served without sauce",Poultry,Chicken-based dishes,100%,1 piece(s) = 61g,-,Lab Analysis,2023,Per 100g,Per Serving (61g),286,174,23.12,14.1,17.42,10.63,5.9,3.6,-,-,9.05,5.52,1.47,0.9,-,-,1.25,0.76,523,319,-,-,-,-,-,-,-,-,-,-,-,-,-,-,-,-,-,-,-,-,-,-,-,-,-,-,-,-,-,-,-,-,-,-,-,-,-,-,-,-,-,-,-,-,-,-,-,-,-,-,-,-,-,-,-,-,-,-,-,-,-,-
Poultry,Korean ginseng chicken soup,"Chicken stuffed with rice, ginseng, jujubes and garlic in broth",Poultry,Chicken-based dishes,100%,1 scoop(s) (serving spoon) = 100g,1 claypot(s) = 903g,Lab Analysis,2024,Per 100g,Per Serving (100g),77,77,9.25,9.25,3.31,3.31,0.97,0.97,-,-,2.39,2.39,0.56,0.56,-,-,1.06,1.06,223,223,-,-,-,-,-,-,-,-,-,-,-,-,-,-,-,-,-,-,-,-,-,-,-,-,-,-,-,-,-,-,-,-,-,-,-,-,-,-,-,-,-,-,-,-,-,-,-,-,-,-,-,-,-,-,-,-,-,-,-,-,-,-
Poultry,Kung po chicken,"Stir-fried chicken with skin, dried chilli and soya sauce",Poultry,Chicken-based dishes,91%,1 scoop(s) (serving spoon) = 100g,-,Lab Analysis,2010,Per 100g,Per Serving (100g),242,220,18.4,16.74,17.1,15.56,6.1,5.55,0.03,0.03,3.4,3.09,0.8,0.73,-,-,Trace,Trace,367,334,-,-,17,15,2.9,2.64,-,-,-,-,2.5,2.28,7.6,6.92,-,-,-,-,-,-,-,-,-,-,-,-,-,-,-,-,-,-,Trace,Trace,-,-,-,-,-,-,-,-,-,-,-,-,-,-,Trace,Trace,-,-,-,-,-,-,-,-,-,-,-,-
Poultry,Lemon chicken,Deep-fried chicken cutlet served with lemon sauce,Poultry,Chicken-based dishes,100%,1 scoop(s) (serving spoon) = 100g,-,Lab Analysis,2010,Per 100g,Per Serving (100g),347,347,17.1,17.1,23.4,23.4,9.5,9.5,-,-,17,17,7.9,7.9,-,-,0.8,0.8,520,520,-,-,19,19,3.5,3.5,-,-,-,-,2.8,2.8,10.1,10.1,-,-,-,-,-,-,-,-,-,-,-,-,-,-,-,-,-,-,34,34,-,-,-,-,-,-,-,-,-,-,-,-,-,-,2,2,-,-,-,-,-,-,-,-,-,-,-,-
Poultry,Mala chicken,Deep-fried chicken with dried chilli and cashew nuts,Poultry,Chicken-based dishes,97.29%,1 scoop(s) (serving spoon) = 100g,1 plate(s) = 1188g,Lab Analysis,2025,Per 100g,Per Serving (100g),89,87,5.63,5.48,5.95,5.79,2.02,1.97,0.03,0.03,3.35,3.26,0.7,0.68,-,-,2.24,2.18,547,532,161,157,24,23,0.8,0.78,83.2,80.95,-,-,1.03,1,2.17,2.11,Trace,Trace,-,-,0.1,0.1,0.2,0.19,Trace,Trace,Trace,Trace,0.4,0.39,Trace,Trace,-,-,-,-,-,-,-,-,-,-,-,-,-,-,-,-,-,-,-,-,-,-,-,-,-,-,-,-,-,-,-,-
Poultry,Paper wrapped chicken,Deep-fried chicken wrapped in cellophane paper,Poultry,Chicken-based dishes,76%,1 piece(s) = 100g,-,Lab Analysis,2010,Per 100g,Per Serving (100g),253,192,23.3,17.71,16.7,12.69,5.8,4.41,-,-,2.6,1.98,-,-,-,-,0,0,501,381,-,-,18,14,1,0.76,-,-,-,-,3.6,2.74,6.4,4.86,-,-,-,-,-,-,-,-,-,-,-,-,-,-,-,-,-,-,5,3.8,-,-,-,-,-,-,-,-,-,-,-,-,-,-,-,-,-,-,-,-,-,-,-,-,-,-,-,-
Poultry,Prawn paste chicken,Deep-fried pieces of chicken seasoned with prawn paste,Poultry,Chicken-based dishes,74%,1 piece(s) = 38g,-,Lab Analysis,2010,Per 100g,Per Serving (38g),243,68,22.7,6.38,15.5,4.36,5.6,1.57,-,-,3.3,0.93,0.4,0.11,-,-,0,0,631,177,-,-,63,18,1.5,0.42,-,-,-,-,2,0.56,7.1,2,-,-,-,-,-,-,-,-,-,-,-,-,-,-,-,-,-,-,Trace,Trace,-,-,-,-,-,-,-,-,-,-,-,-,-,-,0,0,-,-,-,-,-,-,-,-,-,-,-,-
Poultry,Roast chicken,Roast Chicken,Poultry,Chicken-based dishes,77.94%,1 piece(s) = 272g,-,Lab Analysis,2025,Per 100g,Per Serving (272g),175,371,24.6,52.15,8.5,18.02,2.18,4.62,0.04,0.08,Trace,Trace,Trace,Trace,-,-,0,0,359,761,286,606,10,21,0.75,1.59,65.85,139.6,-,-,2.22,4.71,3.11,6.59,Trace,Trace,-,-,Trace,Trace,Trace,Trace,Trace,Trace,Trace,Trace,Trace,Trace,Trace,Trace,-,-,-,-,-,-,-,-,-,-,-,-,-,-,-,-,-,-,-,-,-,-,-,-,-,-,-,-,-,-,-,-
Poultry,Sambal chicken,Stir-fried chicken in belachan (fermented shrimp paste block) and chilli,Poultry,Chicken-based dishes,69%,1 scoop(s) (serving spoon) = 100g,-,Lab Analysis,2010,Per 100g,Per Serving (100g),206,142,22.88,15.79,12.09,8.34,4.25,2.93,-,-,1.4,0.97,0.12,0.08,-,-,1.57,1.08,277,191,-,-,18,12,0.82,0.57,-,-,-,-,1.44,0.99,5.74,3.96,-,-,-,-,-,-,-,-,-,-,-,-,-,-,-,-,-,-,57.3,39.54,-,-,-,-,-,-,-,-,-,-,-,-,-,-,0.9,0.62,-,-,-,-,-,-,-,-,-,-,-,-
Poultry,Sesame oil chicken,"Chinese dish of chicken cooked in sesame oil, rice wine, and ginger",Poultry,Chicken-based dishes,100%,1 scoop(s) (serving spoon) = 100g,1 claypot(s) = 433g,Lab Analysis,2024,Per 100g,Per Serving (100g),163,163,16.87,16.87,8.22,8.22,2.47,2.47,-,-,5.41,5.41,4.62,4.62,-,-,1.2,1.2,701,701,-,-,-,-,-,-,-,-,-,-,-,-,-,-,-,-,-,-,-,-,-,-,-,-,-,-,-,-,-,-,-,-,-,-,-,-,-,-,-,-,-,-,-,-,-,-,-,-,-,-,-,-,-,-,-,-,-,-,-,-,-,-
Poultry,Stir fried chicken (Economic rice),Chicken pieces stir-fried with seasonings and aromatics,Poultry,Chicken-based dishes,100%,1 scoop(s) (serving spoon) = 213g,-,Lab Analysis,2025,Per 100g,Per Serving (213g),203,432,18.45,39.3,12.45,26.52,3.6,7.67,0.06,0.13,4.05,8.63,1.3,2.77,-,-,1.21,2.58,481,1025,151,322,15,32,0.81,1.73,63.4,135.04,-,-,2.38,5.07,4.69,9.99,Trace,Trace,-,-,0.3,0.64,1,2.13,Trace,Trace,Trace,Trace,Trace,Trace,Trace,Trace,-,-,-,-,-,-,-,-,-,-,-,-,-,-,-,-,-,-,-,-,-,-,-,-,-,-,-,-,-,-,-,-
Poultry,Stuffed chicken wing,Deboned chicken wing stuffed with minced meat and spices,Poultry,Chicken-based dishes,88%,1 piece(s) = 58g,-,Lab Analysis,2010,Per 100g,Per Serving (58g),201,103,17.9,9.14,11.9,6.07,4.26,2.17,0.05,0.03,5.5,2.81,1.1,0.56,-,-,1.6,0.82,437,223,-,-,13,7,1,0.51,-,-,-,-,2.1,1.07,5.47,2.79,-,-,-,-,-,-,-,-,-,-,-,-,-,-,-,-,-,-,31.4,16.03,-,-,-,-,-,-,-,-,-,-,-,-,-,-,Trace,Trace,-,-,-,-,-,-,-,-,-,-,-,-
Poultry,Tandoori chicken,"Grilled chicken pieces, pre-marinated in yoghurt, tumeric powder",Poultry,Chicken-based dishes,100%,1 scoop(s) (serving spoon) = 100g,-,Lab Analysis,2010,Per 100g,Per Serving (100g),164,164,18.4,18.4,8.9,8.9,2.67,2.67,0,0,2.7,2.7,0,0,-,-,0.2,0.2,141,141,-,-,47,47,0.9,0.9,-,-,-,-,1.61,1.61,0,0,-,-,-,-,-,-,-,-,-,-,-,-,-,-,-,-,-,-,54,54,-,-,-,-,-,-,-,-,-,-,-,-,-,-,3.8,3.8,-,-,-,-,-,-,-,-,-,-,-,-
Poultry,Thai green curry (chicken),"Thai-style curry, made of boneless, skinless chicken simmered in gravy made with coconut milk, garlic, onions, fish sauce and soy sauce",Poultry,Chicken-based dishes,100%,1 scoop(s) (serving spoon) = 100g,-,Lab Analysis,2010,Per 100g,Per Serving (100g),170,170,10.3,10.3,13.2,13.2,9.63,9.63,-,-,2.4,2.4,2,2,-,-,0.7,0.7,474,474,-,-,24,24,0.9,0.9,-,-,-,-,0.6,0.6,2.19,2.19,-,-,-,-,-,-,-,-,-,-,-,-,-,-,-,-,-,-,9,9,-,-,-,-,-,-,-,-,-,-,-,-,-,-,0.1,0.1,-,-,-,-,-,-,-,-,-,-,-,-
Poultry,Fried chicken cutlet (Nasi lemak),Breaded and deep-fried chicken cutlet,Poultry,Chicken-based dishes,100%,1 piece(s) = 86g,-,Lab Analysis,2025,Per 100g,Per Serving (86g),320,275,21.45,18.45,22.2,19.09,6.74,5.8,0.08,0.07,8.45,7.27,Trace,Trace,-,-,1.17,1.01,447,384,289,249,14,12,1.07,0.92,45.95,39.52,-,-,4.03,3.47,8.46,7.28,42.5,36.55,-,-,Trace,Trace,Trace,Trace,Trace,Trace,Trace,Trace,Trace,Trace,Trace,Trace,-,-,-,-,-,-,-,-,-,-,-,-,-,-,-,-,-,-,-,-,-,-,-,-,-,-,-,-,-,-,-,-
Poultry,Ayam panggang with rice (chicken only),"Malay-style grilled chicken with spices and marinade, from ayam panggang with rice",Poultry,Chicken-based dishes,75%,1 piece(s) = 189g,-,Lab Analysis,2026,Per 100g,Per Serving (189g),238,337,24.51,34.74,13.96,19.79,4.52,6.41,Trace,Trace,3.56,5.05,2.8,3.97,-,-,Trace,Trace,408,578,274,388,18,26,0.87,1.23,56.29,79.79,-,-,3.46,4.9,5.95,8.43,-,-,-,-,1.01,1.43,0.86,1.22,Trace,Trace,Trace,Trace,0.93,1.32,Trace,Trace,-,-,-,-,-,-,-,-,-,-,-,-,-,-,-,-,-,-,-,-,-,-,-,-,-,-,-,-,-,-,-,-
Poultry,"Roasted duck, with skin","Cooked whole duck with skin, roasted until cooked through, displaying a deep brown colour with tender texture throughout various cuts including breast, leg and wing portions.",Poultry,Duck,59%,1 whole = 764g,-,Borrowed,2025,Per 100g,Per Serving (764g),337,1519,11.49,51.79,28.35,127.79,9.67,43.59,-,-,0,0,0,0,-,-,0,0,59,266,204,920,11,50,2.7,12.17,51.84,233.67,-,-,3.65,16.45,12.9,58.15,0,0,84,378.64,-,-,-,-,-,-,-,-,-,-,-,-,0,0,210,946.6,63,283.98,0,0,0.17,0.77,0.27,1.22,0.18,0.81,0,0,0.25,1.13,0,0,3,13.52,1.04,4.69,5.5,24.79,156,703,20,90.15,1.86,8.38
Poultry,"Roasted duck, without skin","Cooked whole duck without skin, roasted until cooked through, displaying a deep brown colour with tender texture throughout various cuts including breast, leg and wing portions.",Poultry,Duck,59%,1 whole = 764g,-,Borrowed,2025,Per 100g,Per Serving (764g),201,906,23.48,105.84,11.2,50.49,3.95,17.81,-,-,0,0,0,0,-,-,0,0,65,293,252,1136,12,54,2.7,12.17,64.22,289.48,-,-,1.49,6.72,3.86,17.4,0,0,89,401.18,-,-,-,-,-,-,-,-,-,-,-,-,-,-,23,103.67,23,103.67,0,0,0.26,1.17,0.47,2.12,0.25,1.13,10,45.08,0.4,1.8,0,0,4,18.03,1.04,4.69,3.8,17.13,203,915,22.4,100.97,2.6,11.72
Poultry,Braised duck,Duck braised in sauce mixture consisting of soy sauce and various herbs,Poultry,Duck-based dishes,100%,1 portion(s) = 57g,-,Lab Analysis,2025,Per 100g,Per Serving (57g),206,117,22.95,13.08,12.3,7.01,3.34,1.9,0.04,0.02,0.7,0.4,Trace,Trace,-,-,Trace,Trace,352,201,127,72,26,15,2.09,1.19,62.6,35.68,-,-,2.95,1.68,4.82,2.75,Trace,Trace,-,-,Trace,Trace,Trace,Trace,Trace,Trace,Trace,Trace,Trace,Trace,Trace,Trace,-,-,-,-,-,-,-,-,-,-,-,-,-,-,-,-,-,-,-,-,-,-,-,-,-,-,-,-,-,-,-,-
Poultry,Braised duck feet,Duck feet simmered in dark soya sauce and spices,Poultry,Duck-based dishes,49%,1 piece(s) = 28g,-,Lab Analysis,2010,Per 100g,Per Serving (28g),165,23,18.1,2.48,9.8,1.34,2.5,0.34,-,-,1.2,0.16,1.2,0.16,-,-,0,0,1050,144,-,-,82,11,1.3,0.18,-,-,-,-,2.2,0.3,4.6,0.63,-,-,-,-,-,-,-,-,-,-,-,-,-,-,-,-,-,-,49,6.72,-,-,-,-,-,-,-,-,-,-,-,-,-,-,0,0,-,-,-,-,-,-,-,-,-,-,-,-
Poultry,Duck with salted vegetable soup,Duck boiled with preserved salted vegetable served as soup,Poultry,Duck-based dishes,90%,1 bowl(s) = 450g,1 claypot(s) = 710g,Lab Analysis,2010,Per 100g,Per Serving (450g),45,182,6,24.3,2.2,8.91,0.8,3.24,-,-,0.2,0.81,-,-,-,-,0.1,0.41,466,1887,-,-,31,126,0.6,2.43,-,-,-,-,0.3,1.22,1,4.05,-,-,-,-,-,-,-,-,-,-,-,-,-,-,-,-,-,-,Trace,Trace,-,-,-,-,-,-,-,-,-,-,-,-,-,-,-,-,-,-,-,-,-,-,-,-,-,-,-,-
Poultry,Herbal duck soup,Soup made with duck and chinese herbs,Poultry,Duck-based dishes,94%,1 bowl(s) = 450g,1 claypot(s) = 710g,Lab Analysis,2010,Per 100g,Per Serving (450g),44,186,6.7,28.34,1.9,8.04,0.56,2.37,-,-,0.1,0.42,0,0,-,-,0.5,2.11,194,821,-,-,10,42,0.8,3.38,-,-,-,-,0.33,1.4,0.86,3.64,-,-,-,-,-,-,-,-,-,-,-,-,-,-,-,-,-,-,19,80.37,-,-,-,-,-,-,-,-,-,-,-,-,-,-,0,0,-,-,-,-,-,-,-,-,-,-,-,-
Poultry,Peking duck (duck only),Chinese roasted duck with crispy skin,Poultry,Duck-based dishes,100%,1 piece(s) = 20g,-,Lab Analysis,2024,Per 100g,Per Serving (20g),309,62,22.06,4.41,22.2,4.44,6.95,1.39,-,-,5.24,1.05,2.34,0.47,-,-,0.63,0.13,363,73,-,-,-,-,-,-,-,-,-,-,-,-,-,-,-,-,-,-,-,-,-,-,-,-,-,-,-,-,-,-,-,-,-,-,-,-,-,-,-,-,-,-,-,-,-,-,-,-,-,-,-,-,-,-,-,-,-,-,-,-,-,-
Poultry,Peking duck (with pancake),"Peking duck served with green onion, cucumber, hoisin sauce wrapped in popiah skin",Poultry,Duck-based dishes,99.21%,1 wrap(s) = 39g,-,Derived,2026,Per 100g,Per Serving (39g),241,93,13.98,5.41,12.13,4.69,3.68,1.42,0,0,18.85,7.29,5.01,1.94,-,-,1.08,0.42,472,183,24,9,23,9,0.57,0.22,19.19,7.42,0.44,0.17,0.28,0.11,0.13,0.05,0,0,Trace,Trace,0.06,0.02,0.07,0.03,Trace,Trace,0,0,Trace,Trace,0,0,0.44,0.17,3.36,1.3,0.75,0.29,16.56,6.41,Trace,Trace,0.01,Trace,Trace,Trace,0.53,0.21,0,0,0.86,0.33,0,0,Trace,Trace,1.23,0.48,5,2,4.65,1.8,0.06,0.02
Poultry,Roast duck,Roasted duck,Poultry,Duck-based dishes,100%,1 portion(s) = 81g,-,Lab Analysis,2025,Per 100g,Per Serving (81g),234,190,24.2,19.6,13.9,11.26,3.81,3.09,0.06,0.05,2.95,2.39,0.25,0.2,-,-,1.04,0.84,301,244,254,206,512,415,3.44,2.79,56.6,45.85,-,-,2.94,2.38,5.66,4.58,Trace,Trace,-,-,Trace,Trace,0.25,0.2,Trace,Trace,Trace,Trace,Trace,Trace,Trace,Trace,-,-,-,-,-,-,-,-,-,-,-,-,-,-,-,-,-,-,-,-,-,-,-,-,-,-,-,-,-,-,-,-
Poultry,"Goose liver, raw","Raw, uncooked organ meat from the goose's liver, displaying a reddish-brown colour with smooth, dense texture.",Poultry,Other poultry,100%,1 piece(s) = 94g,-,Borrowed,2025,Per 100g,Per Serving (94g),133,125,16.37,15.39,4.28,4.02,1.59,1.49,-,-,6.32,5.94,-,-,-,-,0,0,140,132,230,216,43,40,30.53,28.7,71.78,67.47,-,-,0.26,0.24,0.81,0.76,0,0,515,484.1,-,-,-,-,-,-,-,-,-,-,-,-,-,-,9309,8750.46,9309,8750.46,-,-,0.56,0.53,0.89,0.84,0.76,0.71,738,693.72,54,50.76,4.5,4.23,-,-,-,-,-,-,261,245,68.1,64.01,3.07,2.89
Poultry,"Goose, raw, boneless, without skin","Raw, uncooked goose meat, without bone and skin, displaying a deep red colour with firm, dense texture.",Poultry,Other poultry,100%,1 whole = 1532g,-,Borrowed,2025,Per 100g,Per Serving (1532g),161,2467,22.75,348.53,7.13,109.23,2.79,42.74,-,-,0,0,-,-,-,-,0,0,87,1333,420,6434,13,199,2.57,39.37,68.3,1046.36,-,-,0.9,13.79,1.85,28.34,0,0,84,1286.88,-,-,-,-,-,-,-,-,-,-,-,-,-,-,12,183.84,12,183.84,-,-,0.13,1.99,0.38,5.82,0.64,9.8,31,474.92,0.49,7.51,7.2,110.3,-,-,-,-,-,-,312,4780,16.8,257.38,2.34,35.85
Poultry,"Roasted goose, with skin","Cooked whole goose with skin, roasted until cooked through, displaying a rich brown colour with succulent texture throughout various cuts.",Poultry,Other poultry,72%,1 whole = 1548g,-,Borrowed,2025,Per 100g,Per Serving (1548g),305,3399,25.16,280.42,21.92,244.31,6.87,76.57,-,-,0,0,0,0,-,-,0,0,70,780,329,3667,13,145,2.83,31.54,51.95,579.01,-,-,2.52,28.09,10.25,114.24,0,0,91,1014.25,-,-,-,-,-,-,-,-,-,-,-,-,-,-,21,234.06,21,234.06,0,0,0.08,0.89,0.32,3.57,0.37,4.12,2,22.29,0.41,4.57,0,0,3,33.44,2.59,28.87,5.1,56.84,270,3009,21.8,242.97,2.62,29.2
Poultry,Chicken floss,Dried shredded chicken meat through dehydration process with cotton-like meat texture and sweet-savoury seasoning,Poultry,Processed poultry,100%,1 tablespoon(s) = 10g,-,Lab Analysis,2010,Per 100g,Per Serving (10g),427,43,32.69,3.27,17.41,1.74,6.72,0.67,-,-,34.88,3.49,34.88,3.49,-,-,0,0,2510,251,-,-,71,7,4.45,0.45,-,-,-,-,2.41,0.24,7.33,0.73,-,-,-,-,-,-,-,-,-,-,-,-,-,-,-,-,-,-,564,56.4,-,-,-,-,-,-,-,-,-,-,-,-,-,-,0,0,-,-,-,-,-,-,-,-,-,-,-,-
Poultry,Seaweed chicken,Deep-fried chicken wrapped with seaweed,Poultry,Processed poultry,100%,1 piece(s) = 18g,-,Lab Analysis,2010,Per 100g,Per Serving (18g),238,43,17.7,3.19,13.5,2.43,4.3,0.77,-,-,11.6,2.09,3.3,0.59,-,-,2.3,0.41,725,131,-,-,15,3,0.9,0.16,-,-,-,-,2.83,0.51,5.44,0.98,-,-,-,-,-,-,-,-,-,-,-,-,-,-,-,-,-,-,55,9.9,-,-,-,-,-,-,-,-,-,-,-,-,-,-,4.3,0.77,-,-,-,-,-,-,-,-,-,-,-,-
Snacks,Huat kueh,"Brown spongy cake with brown sugar added, steamed",Snacks,Local ethnic snacks,100%,1 whole = 80g,-,Lab Analysis,2010,Per 100g,Per Serving (80g),272,218,5.1,4.08,1.4,1.12,0.6,0.48,-,-,59.9,47.92,33.8,27.04,-,-,1.7,1.36,196,157,-,-,26,21,1.2,0.96,-,-,-,-,0,0,0.5,0.4,-,-,-,-,-,-,-,-,-,-,-,-,-,-,-,-,-,-,Trace,Trace,-,-,-,-,-,-,-,-,-,-,-,-,-,-,0,0,-,-,-,-,-,-,-,-,-,-,-,-
Snacks,Tangyuan (with filling),Glutinous rice balls with filling,Snacks,Local ethnic snacks,100%,1 piece(s) = 44g,-,Derived,2026,Per 100g,Per Serving (44g),234,103,3.58,1.58,10.5,4.62,4.73,2.08,Trace,Trace,31.22,13.74,6,2.64,-,-,2.95,1.3,7,3,59,26,30,13,0.1,0.04,51.5,22.66,-,-,2.01,0.88,3.76,1.65,-,-,-,-,Trace,Trace,Trace,Trace,0.22,0.1,Trace,Trace,5.78,2.54,Trace,Trace,-,-,-,-,-,-,-,-,-,-,-,-,-,-,-,-,-,-,-,-,-,-,-,-,-,-,-,-,-,-,-,-
Snacks,Butterfly cookie,"Deep-fried cookies made of wheat flour, eggs, sugar and palm oil",Snacks,"Biscuits, cookies and crackers",100%,1 piece(s) = 50g,-,Lab Analysis,2010,Per 100g,Per Serving (50g),472,236,7.1,3.55,23.1,11.55,13.9,6.95,-,-,58.8,29.4,10.3,5.15,-,-,2,1,941,471,-,-,31,16,1.2,0.6,-,-,-,-,1.7,0.85,6.5,3.25,-,-,-,-,-,-,-,-,-,-,-,-,-,-,-,-,-,-,0,0,-,-,-,-,-,-,-,-,-,-,-,-,-,-,0,0,-,-,-,-,-,-,-,-,-,-,-,-
Snacks,Ear biscuit,Crunchy oval shaped biscuit with spiral in middle,Snacks,"Biscuits, cookies and crackers",100%,1 piece(s) = 25g,-,Lab Analysis,2010,Per 100g,Per Serving (25g),417,104,8.6,2.15,10.4,2.6,4.25,1.06,0,0,72.4,18.1,21,5.25,-,-,2.1,0.53,474,119,-,-,26,7,2.9,0.73,-,-,-,-,1.82,0.46,3.83,0.96,-,-,-,-,-,-,-,-,-,-,-,-,-,-,-,-,-,-,0,0,-,-,-,-,-,-,-,-,-,-,-,-,-,-,0,0,-,-,-,-,-,-,-,-,-,-,-,-
Snacks,Abok abok sago,"Traditional Malay dessert made of tapioca sago, palm sugar and grated coconut wrapped in banana leaves",Snacks,Local ethnic snacks,100%,1 piece(s) = 60g,-,Borrowed,2025,Per 100g,Per Serving (60g),372,223,3.4,2.04,17.4,10.44,15.2,9.12,-,-,50,30,-,-,-,-,3.8,2.28,396,238,-,-,12,7,0.8,0.48,-,-,-,-,0.2,0.12,0.8,0.48,-,-,-,-,-,-,-,-,-,-,-,-,-,-,-,-,-,-,0,0,-,-,-,-,-,-,-,-,-,-,-,-,-,-,Trace,Trace,-,-,-,-,-,-,-,-,-,-,-,-
Snacks,Ang ku kueh (peanut),Soft sticky glutinous rice flour skin wrapped around a peanut filling in the centre,Snacks,Local ethnic snacks,100%,1 piece(s) = 71g,-,Lab Analysis,2023,Per 100g,Per Serving (71g),358,254,10.6,7.53,18.54,13.16,4.76,3.38,0,0,36.98,26.26,11.54,8.19,-,-,2.7,1.92,90,64,-,-,19,13,0.95,0.67,-,-,-,-,3.09,2.19,5.05,3.59,-,-,-,-,-,-,-,-,-,-,-,-,-,-,-,-,-,-,0,0,-,-,-,-,-,-,-,-,-,-,-,-,-,-,0,0,-,-,-,-,-,-,-,-,-,-,-,-
Snacks,Ang ku kueh (sweet bean),Soft sticky glutinous rice flour skin wrapped around a sweet filling in the centre,Snacks,Local ethnic snacks,100%,1 piece(s) = 78g,-,Lab Analysis,2023,Per 100g,Per Serving (78g),208,162,5.14,4.01,4.35,3.39,1.58,1.23,-,-,37.09,28.93,11.16,8.7,-,-,2.06,1.61,64,50,-,-,-,-,-,-,-,-,-,-,-,-,-,-,-,-,-,-,-,-,-,-,-,-,-,-,-,-,-,-,-,-,-,-,-,-,-,-,-,-,-,-,-,-,-,-,-,-,-,-,-,-,-,-,-,-,-,-,-,-,-,-
Snacks,Butterfly fritter,"Deep-fried dough fritters shaped into a butterfly, usually studded with sesame seeds",Snacks,Local ethnic snacks,100%,1 piece(s) = 57g,-,Lab Analysis,2010,Per 100g,Per Serving (57g),364,207,6.7,3.82,15.3,8.72,8.2,4.67,0.06,0.03,49.9,28.44,13,7.41,-,-,1.9,1.08,139,79,-,-,33,19,1.2,0.68,-,-,-,-,1.7,0.97,4.7,2.68,-,-,-,-,-,-,-,-,-,-,-,-,-,-,-,-,-,-,0,0,-,-,-,-,-,-,-,-,-,-,-,-,-,-,0,0,-,-,-,-,-,-,-,-,-,-,-,-
Snacks,Chwee kueh,Steamed rice cake served with preserved radish (chai po),Snacks,Local ethnic snacks,100%,1 piece(s) = 35g,-,Lab Analysis,2025,Per 100g,Per Serving (35g),87,30,0.88,0.31,1.9,0.67,0.65,0.23,Trace,Trace,16.55,5.79,2.4,0.84,-,-,1.38,0.48,406,142,25,9,10,4,0.33,0.12,79.55,27.84,-,-,0.28,0.1,0.79,0.28,Trace,Trace,-,-,0.3,0.11,0.3,0.11,Trace,Trace,Trace,Trace,1.7,0.6,Trace,Trace,-,-,-,-,-,-,-,-,-,-,-,-,-,-,-,-,-,-,-,-,-,-,-,-,-,-,-,-,-,-,-,-
Snacks,Curry puff (beef),"Deep-fried pastry filled with beef, potato cubes and egg in a curry paste mixture",Snacks,Local ethnic snacks,100%,1 piece(s) = 78g,-,Lab Analysis,2010,Per 100g,Per Serving (78g),339,264,9.3,7.25,19.7,15.37,11.8,9.2,-,-,31.1,24.26,-,-,-,-,2.8,2.18,580,452,-,-,28,22,2.2,1.72,-,-,-,-,0.9,0.7,6.1,4.76,-,-,-,-,-,-,-,-,-,-,-,-,-,-,-,-,-,-,23,17.94,-,-,-,-,-,-,-,-,-,-,-,-,-,-,-,-,-,-,-,-,-,-,-,-,-,-,-,-
Snacks,Curry puff (chicken),"Deep-fried pastry filled with chicken, potato cubes and egg in a curry paste mixture",Snacks,Local ethnic snacks,100%,1 piece(s) = 81g,-,Lab Analysis,2025,Per 100g,Per Serving (81g),341,276,8.16,6.61,20.15,16.32,9.69,7.85,0.44,0.36,31.8,25.76,3.6,2.92,-,-,2.68,2.17,478,387,203,164,22,18,0.82,0.66,38.15,30.9,-,-,1.9,1.54,6.15,4.98,Trace,Trace,-,-,0.5,0.41,0.5,0.41,1.2,0.97,Trace,Trace,1.3,1.05,0.1,0.08,-,-,-,-,-,-,-,-,-,-,-,-,-,-,-,-,-,-,-,-,-,-,-,-,-,-,-,-,-,-,-,-
Snacks,Curry puff (mutton),"Deep-fried pastry filled with mutton, potato cubes and egg in a curry paste mixture",Snacks,Local ethnic snacks,100%,1 piece(s) = 121g,-,Lab Analysis,2010,Per 100g,Per Serving (121g),305,369,5.6,6.78,15.8,19.12,7.9,9.56,-,-,35.1,42.47,-,-,-,-,3.2,3.87,575,696,-,-,25,30,2.6,3.15,-,-,-,-,1.5,1.82,5.8,7.02,-,-,-,-,-,-,-,-,-,-,-,-,-,-,-,-,-,-,120,145.2,-,-,-,-,-,-,-,-,-,-,-,-,-,-,-,-,-,-,-,-,-,-,-,-,-,-,-,-
Snacks,Curry puff (potato),Deep-fried pastry filled with potato cubes and egg in a curry paste mixture,Snacks,Local ethnic snacks,100%,1 piece(s) = 94g,-,Lab Analysis,2025,Per 100g,Per Serving (94g),324,305,5.28,4.96,18.15,17.06,8.57,8.06,0.42,0.39,34.95,32.85,3.65,3.43,-,-,3.19,3,497,467,214,201,26,24,0.94,0.88,39.9,37.51,-,-,1.69,1.59,5.63,5.29,Trace,Trace,-,-,0.5,0.47,0.45,0.42,1.1,1.03,Trace,Trace,1.45,1.36,0.2,0.19,-,-,-,-,-,-,-,-,-,-,-,-,-,-,-,-,-,-,-,-,-,-,-,-,-,-,-,-,-,-,-,-
Snacks,Curry puff (sardine),"Deep-fried pastry filled with sardine, potato cubes and egg in a curry paste mixture",Snacks,Local ethnic snacks,100%,1 piece(s) = 80g,-,Lab Analysis,2023,Per 100g,Per Serving (80g),315,252,8.98,7.18,18.21,14.57,8.66,6.93,-,-,28.96,23.17,4.65,3.72,-,-,2.11,1.69,391,313,-,-,-,-,-,-,-,-,-,-,-,-,-,-,-,-,-,-,-,-,-,-,-,-,-,-,-,-,-,-,-,-,-,-,-,-,-,-,-,-,-,-,-,-,-,-,-,-,-,-,-,-,-,-,-,-,-,-,-,-,-,-
Snacks,Flavoured goreng pisang,Deep-fried banana fritters with added flavours,Snacks,Local ethnic snacks,100%,1 piece(s) = 55g,-,Lab Analysis,2023,Per 100g,Per Serving (55g),339,186,3.03,1.67,22.44,12.34,11.65,6.41,-,-,31.27,17.2,17.15,9.43,-,-,2.46,1.35,604,332,-,-,-,-,-,-,-,-,-,-,-,-,-,-,-,-,-,-,-,-,-,-,-,-,-,-,-,-,-,-,-,-,-,-,-,-,-,-,-,-,-,-,-,-,-,-,-,-,-,-,-,-,-,-,-,-,-,-,-,-,-,-
Snacks,Fried carrot cake (dimsum),Deep-fried plain carrot cake,Snacks,Local ethnic snacks,100%,1 piece(s) = 128g,-,Lab Analysis,2025,Per 100g,Per Serving (128g),156,200,2.15,2.75,5.7,7.3,2.16,2.76,0.01,0.01,23.85,30.53,0.8,1.02,-,-,1.48,1.89,383,490,77,99,21,27,Trace,Trace,67,85.76,-,-,0.79,1.01,2.3,2.94,Trace,Trace,-,-,Trace,Trace,0.7,0.9,Trace,Trace,Trace,Trace,0.1,0.13,Trace,Trace,-,-,-,-,-,-,-,-,-,-,-,-,-,-,-,-,-,-,-,-,-,-,-,-,-,-,-,-,-,-,-,-
Snacks,Fried taro puff (woo kok),Fried mashed yam dumpling with minced meat filling,Snacks,Local ethnic snacks,100%,1 piece(s) = 69g,-,Lab Analysis,2010,Per 100g,Per Serving (69g),405,279,2.2,1.52,9.7,6.69,5,3.45,-,-,23,15.87,-,-,-,-,2.9,2,527,364,-,-,21,14,0.9,0.62,-,-,-,-,0.9,0.62,3.4,2.35,-,-,-,-,-,-,-,-,-,-,-,-,-,-,-,-,-,-,Trace,Trace,-,-,-,-,-,-,-,-,-,-,-,-,-,-,-,-,-,-,-,-,-,-,-,-,-,-,-,-
Snacks,Getuk ubi,"Mashed tapioca cake with grated coconut, steamed",Snacks,Local ethnic snacks,100%,1 piece(s) = 83g,-,Lab Analysis,2010,Per 100g,Per Serving (83g),213,177,1.7,1.41,6.9,5.73,1.6,1.33,-,-,35.8,29.71,-,-,-,-,5.9,4.9,160,133,-,-,18,15,0.5,0.42,-,-,-,-,2.6,2.16,2.8,2.32,-,-,-,-,-,-,-,-,-,-,-,-,-,-,-,-,-,-,Trace,Trace,-,-,-,-,-,-,-,-,-,-,-,-,-,-,-,-,-,-,-,-,-,-,-,-,-,-,-,-
Snacks,Goreng pisang,Deep-fried banana fritters,Snacks,Local ethnic snacks,100%,1 piece(s) = 100g,-,Lab Analysis,2023,Per 100g,Per Serving (100g),235,235,2.23,2.23,10.68,10.68,5.12,5.12,-,-,32.53,32.53,16.13,16.13,-,-,2.41,2.41,212,212,-,-,-,-,-,-,-,-,-,-,-,-,-,-,-,-,-,-,-,-,-,-,-,-,-,-,-,-,-,-,-,-,-,-,-,-,-,-,-,-,-,-,-,-,-,-,-,-,-,-,-,-,-,-,-,-,-,-,-,-,-,-
Snacks,Green bean fritter,"Mashed green bean coated with flour batter, deep-fried",Snacks,Local ethnic snacks,100%,1 piece(s) = 43g,-,Lab Analysis,2010,Per 100g,Per Serving (43g),342,147,7.3,3.14,17.2,7.4,12,5.16,-,-,39.5,16.99,13.9,5.98,-,-,1.9,0.82,148,64,-,-,57,25,1,0.43,-,-,-,-,0.9,0.39,3.7,1.59,-,-,-,-,-,-,-,-,-,-,-,-,-,-,-,-,-,-,0,0,-,-,-,-,-,-,-,-,-,-,-,-,-,-,0,0,-,-,-,-,-,-,-,-,-,-,-,-
Snacks,Ham chim peng,Local deep-fried salty dough,Snacks,Local ethnic snacks,100%,1 piece(s) = 75g,-,Lab Analysis,2010,Per 100g,Per Serving (75g),339,254,7,5.25,9.8,7.35,5.64,4.23,0,0,53.8,40.35,8.8,6.6,-,-,1.6,1.2,390,293,-,-,13,10,0.6,0.45,-,-,-,-,0.86,0.65,2.91,2.18,-,-,-,-,-,-,-,-,-,-,-,-,-,-,-,-,-,-,Trace,Trace,-,-,-,-,-,-,-,-,-,-,-,-,-,-,Trace,Trace,-,-,-,-,-,-,-,-,-,-,-,-
Snacks,Ham chim peng with red bean,Deep-fried salty dough with red bean filling,Snacks,Local ethnic snacks,100%,1 piece(s) = 81g,-,Lab Analysis,2010,Per 100g,Per Serving (81g),366,296,5.8,4.7,13.4,10.85,11.2,9.07,-,-,55.2,44.71,-,-,-,-,2.2,1.78,346,280,-,-,17,14,1,0.81,-,-,-,-,0.6,0.49,1,0.81,-,-,-,-,-,-,-,-,-,-,-,-,-,-,-,-,-,-,Trace,Trace,-,-,-,-,-,-,-,-,-,-,-,-,-,-,-,-,-,-,-,-,-,-,-,-,-,-,-,-
Snacks,Ku chai kueh,Steamed rice flour dumpling filled with chives and dried shrimp,Snacks,Local ethnic snacks,100%,1 piece(s) = 92g,-,Lab Analysis,2010,Per 100g,Per Serving (92g),161,148,1.7,1.56,8.33,7.66,3.47,3.19,Trace,Trace,19.9,18.31,1.1,1.01,-,-,2.7,2.48,281,259,-,-,33,30,0.72,0.66,-,-,-,-,1.22,1.12,3.64,3.35,-,-,-,-,-,-,-,-,-,-,-,-,-,-,-,-,-,-,27.3,25.12,-,-,-,-,-,-,-,-,-,-,-,-,-,-,Trace,Trace,-,-,-,-,-,-,-,-,-,-,-,-
Snacks,Kueh bahulu,"Steamed sponge cake made from wheat flour, with egg, sugar, oil and salt, Malay-style",Snacks,Local ethnic snacks,100%,1 piece(s) = 9g,-,Lab Analysis,2010,Per 100g,Per Serving (9g),383,34,9.1,0.82,9.3,0.84,3.79,0.34,-,-,65.6,5.9,39.3,3.54,-,-,1.2,0.11,174,16,-,-,51,5,1.6,0.14,-,-,-,-,1.19,0.11,3.9,0.35,-,-,-,-,-,-,-,-,-,-,-,-,-,-,-,-,-,-,71,6.39,-,-,-,-,-,-,-,-,-,-,-,-,-,-,0,0,-,-,-,-,-,-,-,-,-,-,-,-
Snacks,Kueh bingka ubi,Malay kueh made with tapioca,Snacks,Local ethnic snacks,100%,1 piece(s) = 61g,-,Lab Analysis,2010,Per 100g,Per Serving (61g),260,159,2.1,1.28,9.7,5.92,6.9,4.21,-,-,41.2,25.13,21.4,13.05,-,-,1.5,0.91,109,66,-,-,18,11,0.8,0.49,-,-,-,-,0.8,0.49,1.4,0.85,-,-,-,-,-,-,-,-,-,-,-,-,-,-,-,-,-,-,0,0,-,-,-,-,-,-,-,-,-,-,-,-,-,-,1,0.61,-,-,-,-,-,-,-,-,-,-,-,-
Snacks,Kueh dadar,Pandan flavoured pancake with grated coconut and brown sugar filling,Snacks,Local ethnic snacks,100%,1 piece(s) = 81g,-,Lab Analysis,2010,Per 100g,Per Serving (81g),254,206,4.3,3.48,11.5,9.32,10.1,8.18,-,-,33.2,26.89,-,-,-,-,7.2,5.83,182,147,-,-,42,34,1.8,1.46,-,-,-,-,0.2,0.16,0.5,0.41,-,-,-,-,-,-,-,-,-,-,-,-,-,-,-,-,-,-,Trace,Trace,-,-,-,-,-,-,-,-,-,-,-,-,-,-,-,-,-,-,-,-,-,-,-,-,-,-,-,-
Snacks,Kueh dodol,"Malaysian cake, brown colour, made of coconut milk, palm sugar, glutinuous rice flour",Snacks,Local ethnic snacks,100%,1 piece(s) = 38g,-,Lab Analysis,2010,Per 100g,Per Serving (38g),328,125,2.56,0.97,13.77,5.23,11.37,4.32,-,-,48.5,18.43,27.19,10.33,-,-,0.78,0.3,67,25,-,-,39,15,1.89,0.72,-,-,-,-,0.39,0.15,1.41,0.54,-,-,-,-,-,-,-,-,-,-,-,-,-,-,-,-,-,-,Trace,Trace,-,-,-,-,-,-,-,-,-,-,-,-,-,-,0,0,-,-,-,-,-,-,-,-,-,-,-,-
Snacks,Kueh kasturi,"Local kueh made with green beans, rice flour, grated coconut, egg, sugar, deep-fried",Snacks,Local ethnic snacks,100%,1 piece(s) = 72g,-,Lab Analysis,2010,Per 100g,Per Serving (72g),246,177,6.9,4.97,7.3,5.26,3.95,2.84,-,-,38.2,27.5,-,-,-,-,1.5,1.08,95,68,-,-,28,20,3.4,2.45,-,-,-,-,0.59,0.42,2.43,1.75,-,-,-,-,-,-,-,-,-,-,-,-,-,-,-,-,-,-,25,18,-,-,-,-,-,-,-,-,-,-,-,-,-,-,0,0,-,-,-,-,-,-,-,-,-,-,-,-
Snacks,Kueh ko swee,"Cake made with wheat and tapioca flour and gula melaka, coated with grated coconut, steamed",Snacks,Local ethnic snacks,100%,1 piece(s) = 54g,-,Lab Analysis,2010,Per 100g,Per Serving (54g),136,73,1.9,1.03,3.3,1.78,2.8,1.51,-,-,24.8,13.39,8,4.32,-,-,0,0,152,82,-,-,61,33,0.5,0.27,-,-,-,-,0.1,0.05,0.2,0.11,-,-,-,-,-,-,-,-,-,-,-,-,-,-,-,-,-,-,0,0,-,-,-,-,-,-,-,-,-,-,-,-,-,-,0,0,-,-,-,-,-,-,-,-,-,-,-,-
Snacks,Kueh lopes pulut,"Cakes in triangular shape made from glutinous rice and coated with grated coconut, steamed",Snacks,Local ethnic snacks,100%,1 piece(s) = 72g,-,Lab Analysis,2010,Per 100g,Per Serving (72g),168,121,3.2,2.3,2.4,1.73,0.2,0.14,-,-,33.3,23.98,Trace,Trace,-,-,0.4,0.29,111,80,-,-,7,5,0.7,0.5,-,-,-,-,0.1,0.07,0.1,0.07,-,-,-,-,-,-,-,-,-,-,-,-,-,-,-,-,-,-,0,0,-,-,-,-,-,-,-,-,-,-,-,-,-,-,Trace,Trace,-,-,-,-,-,-,-,-,-,-,-,-
Snacks,Kueh pie tee,Deep-fried thin patty cases with shredded turnip and dried shrimp filling,Snacks,Local ethnic snacks,100%,1 piece(s) = 37g,-,Lab Analysis,2010,Per 100g,Per Serving (37g),238,88,4.5,1.67,16.4,6.07,8.2,3.03,-,-,17.8,6.59,-,-,-,-,2.2,0.81,328,121,-,-,34,13,1.2,0.44,-,-,-,-,2,0.74,5.4,2,-,-,-,-,-,-,-,-,-,-,-,-,-,-,-,-,-,-,67,24.79,-,-,-,-,-,-,-,-,-,-,-,-,-,-,-,-,-,-,-,-,-,-,-,-,-,-,-,-
Snacks,Kueh salat,"Glutinous rice cake topped with green coloured coconut custard, steamed",Snacks,Local ethnic snacks,100%,1 piece(s) = 54g,-,Lab Analysis,2010,Per 100g,Per Serving (54g),151,82,3.3,1.78,4.5,2.43,3.6,1.94,-,-,24.2,13.07,1.5,0.81,-,-,1.9,1.03,207,112,-,-,4,2,3.3,1.78,-,-,-,-,0.2,0.11,0.5,0.27,-,-,-,-,-,-,-,-,-,-,-,-,-,-,-,-,-,-,10,5.4,-,-,-,-,-,-,-,-,-,-,-,-,-,-,0,0,-,-,-,-,-,-,-,-,-,-,-,-
Snacks,Kueh talam,"Nonya-style green tapioca and coconut layer, prepared with rice flour, tapioca flour and green pea flour with grated coconut",Snacks,Local ethnic snacks,100%,1 piece(s) = 131g,-,Lab Analysis,2010,Per 100g,Per Serving (131g),186,244,1.38,1.81,5.62,7.36,4.96,6.5,-,-,32.51,42.59,18.15,23.78,-,-,1.15,1.51,116,152,-,-,16,21,Trace,Trace,-,-,-,-,0.06,0.08,0.28,0.37,-,-,-,-,-,-,-,-,-,-,-,-,-,-,-,-,-,-,13.45,17.62,-,-,-,-,-,-,-,-,-,-,-,-,-,-,0,0,-,-,-,-,-,-,-,-,-,-,-,-
Snacks,Min jiang kueh (coconut),"Steamed thick pancake filled with finely chopped coconut meat, mixed with sugar",Snacks,Local ethnic snacks,100%,1 piece(s) = 94g,-,Lab Analysis,2023,Per 100g,Per Serving (94g),194,182,4.09,3.84,4.25,4,3.66,3.44,-,-,34.82,32.73,8.61,8.09,-,-,2.31,2.17,237,223,-,-,-,-,-,-,-,-,-,-,-,-,-,-,-,-,-,-,-,-,-,-,-,-,-,-,-,-,-,-,-,-,-,-,-,-,-,-,-,-,-,-,-,-,-,-,-,-,-,-,-,-,-,-,-,-,-,-,-,-,-,-
Snacks,Min jiang kueh (peanut),"Steamed thick pancake filled with finely chopped peanut, mixed with sugar",Snacks,Local ethnic snacks,100%,1 piece(s) = 110g,-,Lab Analysis,2025,Per 100g,Per Serving (110g),321,353,9.93,10.92,13.2,14.52,2.99,3.29,Trace,Trace,40.6,44.66,8.65,9.52,-,-,3.62,3.98,167,184,225,248,25,28,0.9,0.99,35.1,38.61,-,-,4.47,4.92,4.6,5.06,Trace,Trace,-,-,Trace,Trace,2.05,2.26,0.4,0.44,Trace,Trace,6.1,6.71,Trace,Trace,-,-,-,-,-,-,-,-,-,-,-,-,-,-,-,-,-,-,-,-,-,-,-,-,-,-,-,-,-,-,-,-
Snacks,Min jiang kueh (red bean),"Steamed thick pancake filled with red bean, mixed with sugar",Snacks,Local ethnic snacks,100%,1 piece(s) = 103g,-,Lab Analysis,2023,Per 100g,Per Serving (103g),206,212,4.55,4.69,2.91,3,1.25,1.29,-,-,40.39,41.6,12.59,12.97,-,-,2.6,2.68,212,218,-,-,-,-,-,-,-,-,-,-,-,-,-,-,-,-,-,-,-,-,-,-,-,-,-,-,-,-,-,-,-,-,-,-,-,-,-,-,-,-,-,-,-,-,-,-,-,-,-,-,-,-,-,-,-,-,-,-,-,-,-,-
Snacks,Muah chee,"Steamed glutinous rice dough, rolled with grounded peanut and sugar mixture",Snacks,Local ethnic snacks,100%,1 plate(s) = 100g,-,Lab Analysis,2010,Per 100g,Per Serving (100g),255,255,7.6,7.6,9.4,9.4,2.5,2.5,-,-,34.8,34.8,-,-,-,-,3.8,3.8,7,7,-,-,17,17,0.6,0.6,-,-,-,-,3,3,3.5,3.5,-,-,-,-,-,-,-,-,-,-,-,-,-,-,-,-,-,-,Trace,Trace,-,-,-,-,-,-,-,-,-,-,-,-,-,-,-,-,-,-,-,-,-,-,-,-,-,-,-,-
Snacks,Muruku,"Made of dhal flour, tapioca flour, coconut milk, salt and spices, deep-fried",Snacks,Local ethnic snacks,100%,1 piece(s) = 22g,-,Lab Analysis,2010,Per 100g,Per Serving (22g),500,110,10.9,2.4,30.1,6.62,13.5,2.97,0.01,Trace,46.2,10.16,2.2,0.48,-,-,4.7,1.03,811,178,-,-,32,7,3,0.66,-,-,-,-,3,0.66,12.3,2.71,-,-,-,-,-,-,-,-,-,-,-,-,-,-,-,-,-,-,8,1.76,-,-,-,-,-,-,-,-,-,-,-,-,-,-,0,0,-,-,-,-,-,-,-,-,-,-,-,-
Snacks,Ondeh ondeh,"Malay kueh made from pandan rice balls filled with palm sugar, rolled in grated coconut",Snacks,Local ethnic snacks,100%,1 piece(s) = 50g,-,Lab Analysis,2010,Per 100g,Per Serving (50g),272,136,2.7,1.35,10,5,7.56,3.78,0,0,44.5,22.25,12.4,6.2,-,-,2.5,1.25,76,38,-,-,18,9,1.2,0.6,-,-,-,-,0.4,0.2,1.45,0.73,-,-,-,-,-,-,-,-,-,-,-,-,-,-,-,-,-,-,15,7.5,-,-,-,-,-,-,-,-,-,-,-,-,-,-,0,0,-,-,-,-,-,-,-,-,-,-,-,-
Snacks,Pak tong koh,Steamed white sugar cake with soft and spongy texture,Snacks,Local ethnic snacks,100%,1 piece(s) = 60g,-,Lab Analysis,2010,Per 100g,Per Serving (60g),167,100,1.4,0.84,0.4,0.24,0,0,-,-,39.4,23.64,22,13.2,-,-,0.4,0.24,47,28,-,-,9,5,0.2,0.12,-,-,-,-,0,0,0,0,-,-,-,-,-,-,-,-,-,-,-,-,-,-,-,-,-,-,0,0,-,-,-,-,-,-,-,-,-,-,-,-,-,-,0,0,-,-,-,-,-,-,-,-,-,-,-,-
Snacks,Png kueh,"Stamed triangular shape kueh made from glutinous flour wrapping, stuffed with glutinous rice, peanut and dried prawns",Snacks,Local ethnic snacks,100%,1 piece(s) = 124g,-,Lab Analysis,2026,Per 100g,Per Serving (124g),208,258,3.1,3.84,5.95,7.38,2.7,3.35,0,0,35.47,43.98,0,0,-,-,0.95,1.18,391,485,41,51,16,20,0.38,0.47,53.3,66.09,-,-,-,-,-,-,-,-,-,-,0,0,0,0,0,0,0,0,0,0,0,0,-,-,-,-,-,-,-,-,-,-,-,-,-,-,-,-,-,-,-,-,-,-,-,-,-,-,-,-,-,-,-,-
Snacks,Potato bhaji,Typical fried Indian snack fritters made from gram flour and potato,Snacks,Local ethnic snacks,100%,1 scoop(s) (serving spoon) = 100g,-,Lab Analysis,2010,Per 100g,Per Serving (100g),246,246,5.8,5.8,15.9,15.9,5.86,5.86,-,-,19.7,19.7,0.9,0.9,-,-,3.3,3.3,300,300,-,-,27,27,1,1,-,-,-,-,2.7,2.7,6.66,6.66,-,-,-,-,-,-,-,-,-,-,-,-,-,-,-,-,-,-,8,8,-,-,-,-,-,-,-,-,-,-,-,-,-,-,6.9,6.9,-,-,-,-,-,-,-,-,-,-,-,-
Snacks,Pulut srikaya,"Steamed Nonya kueh, with the base made of glutinous rice steamed with coconut milk, and the top being a yellow custard made from a mixture of coconut milk, eggs, sugar, flour, and yellow food colouring used to enhance the colour of kaya",Snacks,Local ethnic snacks,100%,1 piece(s) = 81g,-,Lab Analysis,2010,Per 100g,Per Serving (81g),295,239,5.69,4.61,11.32,9.17,7.1,5.75,-,-,42.48,34.41,42.48,34.41,-,-,0,0,72,58,-,-,24,19,0.89,0.72,-,-,-,-,0.85,0.69,2.71,2.2,-,-,-,-,-,-,-,-,-,-,-,-,-,-,-,-,-,-,86.2,69.82,-,-,-,-,-,-,-,-,-,-,-,-,-,-,0,0,-,-,-,-,-,-,-,-,-,-,-,-
Snacks,Pumpkin kueh,"Southeast Asian steamed cake made with pumpkin, rice flour, and coconut milk",Snacks,Local ethnic snacks,100%,1 piece(s) = 109g,-,Lab Analysis,2024,Per 100g,Per Serving (109g),132,144,3.5,3.82,4.96,5.41,1.93,2.1,-,-,18.35,20,2.67,2.91,-,-,1.96,2.14,414,451,-,-,-,-,-,-,-,-,-,-,-,-,-,-,-,-,-,-,-,-,-,-,-,-,-,-,-,-,-,-,-,-,-,-,-,-,-,-,-,-,-,-,-,-,-,-,-,-,-,-,-,-,-,-,-,-,-,-,-,-,-,-
Snacks,Putu piring,"Malay-style round, steamed rice cake filled with gula melaka (melted palm sugar) and grated coconut",Snacks,Local ethnic snacks,100%,1 piece(s) = 39g,-,Lab Analysis,2010,Per 100g,Per Serving (39g),240,94,3,1.17,3.5,1.37,3,1.17,-,-,49.2,19.19,22.7,8.85,-,-,5.2,2.03,326,127,-,-,42,16,0.33,0.13,-,-,-,-,0.1,0.04,0.2,0.08,-,-,-,-,-,-,-,-,-,-,-,-,-,-,-,-,-,-,Trace,Trace,-,-,-,-,-,-,-,-,-,-,-,-,-,-,Trace,Trace,-,-,-,-,-,-,-,-,-,-,-,-
Snacks,Rainbow lapis kueh,"Rainbow layered cake made with glutinous rice flour, sago flour, coconut milk and sugar, steamed",Snacks,Local ethnic snacks,100%,1 piece(s) = 69g,-,Lab Analysis,2010,Per 100g,Per Serving (69g),174,120,1,0.69,5,3.45,4.3,2.97,-,-,31.3,21.6,9,6.21,-,-,0.3,0.21,104,72,-,-,11,8,0.6,0.41,-,-,-,-,0.1,0.07,0.3,0.21,-,-,-,-,-,-,-,-,-,-,-,-,-,-,-,-,-,-,0,0,-,-,-,-,-,-,-,-,-,-,-,-,-,-,0,0,-,-,-,-,-,-,-,-,-,-,-,-
Snacks,Red bean cake,Red bean kueh,Snacks,Local ethnic snacks,100%,1 piece(s) = 15g,-,Lab Analysis,2010,Per 100g,Per Serving (15g),411,62,10.6,1.59,15.6,2.34,3.27,0.49,0,0,57.3,8.59,40.6,6.09,-,-,4.97,0.75,72,11,-,-,77,12,3.28,0.49,-,-,-,-,1.65,0.25,6.01,0.9,-,-,-,-,-,-,-,-,-,-,-,-,-,-,-,-,-,-,0,0,-,-,-,-,-,-,-,-,-,-,-,-,-,-,0,0,-,-,-,-,-,-,-,-,-,-,-,-
Snacks,Sa kei ma,"Wheat flour, with egg, sugar, malt and vegetable oil",Snacks,Local ethnic snacks,100%,1 piece(s) = 60g,-,Lab Analysis,2010,Per 100g,Per Serving (60g),493,296,4.2,2.52,29,17.4,12.39,7.43,-,-,53.6,32.16,26.6,15.96,-,-,0.5,0.3,110,66,-,-,13,8,1.8,1.08,-,-,-,-,2.94,1.76,12.42,7.45,-,-,-,-,-,-,-,-,-,-,-,-,-,-,-,-,-,-,0,0,-,-,-,-,-,-,-,-,-,-,-,-,-,-,0,0,-,-,-,-,-,-,-,-,-,-,-,-
Snacks,Sesame seed ball,Deep-fried glutinous rice flour pastry coated with sesame seed,Snacks,Local ethnic snacks,100%,1 piece(s) = 55g,-,Lab Analysis,2010,Per 100g,Per Serving (55g),238,131,3.3,1.82,8.4,4.62,0.5,0.28,-,-,36.8,20.24,0,0,-,-,2.3,1.27,7,4,-,-,14,8,0.7,0.38,-,-,-,-,2.2,1.21,3.7,2.04,-,-,-,-,-,-,-,-,-,-,-,-,-,-,-,-,-,-,15,8.25,-,-,-,-,-,-,-,-,-,-,-,-,-,-,0,0,-,-,-,-,-,-,-,-,-,-,-,-
Snacks,Soon kueh,Shredded turmip crystal dumpling,Snacks,Local ethnic snacks,100%,1 piece(s) = 81g,-,Lab Analysis,2025,Per 100g,Per Serving (81g),125,101,1.25,1.01,4.35,3.52,1.4,1.13,0.01,0.01,20.2,16.36,3.4,2.75,-,-,2.3,1.86,373,302,70,57,33,27,0,0,73.05,59.17,-,-,0.62,0.5,1.65,1.34,Trace,Trace,-,-,0.65,0.53,0.45,0.36,Trace,Trace,Trace,Trace,2.35,1.9,Trace,Trace,-,-,-,-,-,-,-,-,-,-,-,-,-,-,-,-,-,-,-,-,-,-,-,-,-,-,-,-,-,-,-,-
Snacks,Steamed rice cupcakes,"Steamed local cake made with rice flour, egg white, sugar and colouring",Snacks,Local ethnic snacks,100%,1 whole = 58g,-,Lab Analysis,2010,Per 100g,Per Serving (58g),217,126,2.5,1.45,0.6,0.35,Trace,Trace,-,-,50.1,29.06,-,-,-,-,0.3,0.17,166,96,-,-,8,5,0.5,0.29,-,-,-,-,Trace,Trace,Trace,Trace,-,-,-,-,-,-,-,-,-,-,-,-,-,-,-,-,-,-,Trace,Trace,-,-,-,-,-,-,-,-,-,-,-,-,-,-,-,-,-,-,-,-,-,-,-,-,-,-,-,-
Snacks,Sweet potato fritter,Deep-fried battered sweet potato,Snacks,Local ethnic snacks,100%,1 piece(s) = 70g,-,Lab Analysis,2010,Per 100g,Per Serving (70g),280,196,2.8,1.96,13.6,9.52,9.61,6.73,0,0,31.4,21.98,7.6,5.32,-,-,3.9,2.73,254,178,-,-,15,11,0.5,0.35,-,-,-,-,0.6,0.42,2.72,1.9,-,-,-,-,-,-,-,-,-,-,-,-,-,-,-,-,-,-,1108,775.6,-,-,-,-,-,-,-,-,-,-,-,-,-,-,0,0,-,-,-,-,-,-,-,-,-,-,-,-
Snacks,Tapioca cake,Pan-fried tapioca cake,Snacks,Local ethnic snacks,100%,1 piece(s) = 49g,-,Lab Analysis,2010,Per 100g,Per Serving (49g),252,123,1.13,0.55,6.91,3.39,3.86,1.89,-,-,46.38,22.73,17.88,8.76,-,-,2.55,1.25,31,15,-,-,24,12,0.28,0.14,-,-,-,-,0.63,0.31,2.12,1.04,-,-,-,-,-,-,-,-,-,-,-,-,-,-,-,-,-,-,Trace,Trace,-,-,-,-,-,-,-,-,-,-,-,-,-,-,8.4,4.12,-,-,-,-,-,-,-,-,-,-,-,-
Snacks,Tapioca fritter,Deep-fried tapioca coated with flour batter,Snacks,Local ethnic snacks,100%,1 piece(s) = 49g,-,Lab Analysis,2010,Per 100g,Per Serving (49g),258,126,1.9,0.93,10.1,4.95,7.6,3.72,-,-,40,19.6,5.8,2.84,-,-,3.7,1.81,220,108,-,-,55,27,0.3,0.15,-,-,-,-,0.4,0.2,1.7,0.83,-,-,-,-,-,-,-,-,-,-,-,-,-,-,-,-,-,-,0,0,-,-,-,-,-,-,-,-,-,-,-,-,-,-,Trace,Trace,-,-,-,-,-,-,-,-,-,-,-,-
Snacks,Tepung bungkus,Steamed rice flour dumpling with coconut filling,Snacks,Local ethnic snacks,100%,1 whole = 85g,-,Borrowed,2025,Per 100g,Per Serving (85g),280,238,1.7,1.45,2.5,2.13,-,-,-,-,62.7,53.3,-,-,-,-,0.2,0.17,160,136,-,-,10,9,0.5,0.43,-,-,-,-,-,-,-,-,-,-,-,-,-,-,-,-,-,-,-,-,-,-,-,-,-,-,9,7.65,-,-,-,-,-,-,-,-,-,-,-,-,-,-,0,0,-,-,-,-,-,-,-,-,-,-,-,-
Snacks,Tutu kueh,"Common local sweet snack; steamed, round-shaped rice flour kueh filled with sweetened shredded coconut meat or peanut",Snacks,Local ethnic snacks,100%,1 piece(s) = 23g,-,Derived,2026,Per 100g,Per Serving (23g),329,76,6.07,1.4,9.6,2.21,5.19,1.19,Trace,Trace,54.46,12.53,18.38,4.23,-,-,2.45,0.56,8,2,129,30,13,3,0.07,0.02,26.96,6.2,-,-,2.25,0.52,2.16,0.5,-,-,-,-,0.76,0.17,0.53,0.12,Trace,Trace,Trace,Trace,17.08,3.93,Trace,Trace,-,-,-,-,-,-,-,-,-,-,-,-,-,-,-,-,-,-,-,-,-,-,-,-,-,-,-,-,-,-,-,-
Snacks,Vadai,"Indian-style deep-fried round doughnut ring made from flour based dough with spring onion, green chilli and onion",Snacks,Local ethnic snacks,100%,1 piece(s) = 60g,-,Lab Analysis,2023,Per 100g,Per Serving (60g),280,168,8.27,4.96,16.24,9.74,8.85,5.31,-,-,25.09,15.05,1.36,0.82,-,-,4.05,2.43,614,368,-,-,-,-,-,-,-,-,-,-,-,-,-,-,-,-,-,-,-,-,-,-,-,-,-,-,-,-,-,-,-,-,-,-,-,-,-,-,-,-,-,-,-,-,-,-,-,-,-,-,-,-,-,-,-,-,-,-,-,-,-,-
Snacks,Vadai with kacang hitam,"Indian-style deep-fried round doughnut ring made from flour based dough with spring onion, green chilli, onion and black beans",Snacks,Local ethnic snacks,100%,1 piece(s) = 60g,-,Lab Analysis,2010,Per 100g,Per Serving (60g),219,131,8.38,5.03,12.82,7.69,5.64,3.38,-,-,17.51,10.51,0.69,0.41,-,-,4.99,2.99,651,391,-,-,39,23,1.72,1.03,-,-,-,-,1.18,0.71,5.44,3.26,-,-,-,-,-,-,-,-,-,-,-,-,-,-,-,-,-,-,3.7,2.22,-,-,-,-,-,-,-,-,-,-,-,-,-,-,Trace,Trace,-,-,-,-,-,-,-,-,-,-,-,-
Snacks,Yam cake,"Steamed cake made from yam pieces, dried prawns and rice flour",Snacks,Local ethnic snacks,100%,1 piece(s) = 166g,-,Lab Analysis,2025,Per 100g,Per Serving (166g),114,189,2.24,3.72,2.1,3.49,0.78,1.29,Trace,Trace,21.65,35.94,2.8,4.65,-,-,2.07,3.44,339,563,97,161,11,18,0.35,0.58,72.9,121.01,-,-,0.27,0.45,0.76,1.26,Trace,Trace,-,-,0.5,0.83,Trace,Trace,0.5,0.83,Trace,Trace,1.9,3.15,Trace,Trace,-,-,-,-,-,-,-,-,-,-,-,-,-,-,-,-,-,-,-,-,-,-,-,-,-,-,-,-,-,-,-,-
Snacks,Yam fritter,"Yam coated with flour batter, deep-fried",Snacks,Local ethnic snacks,100%,1 piece(s) = 52g,-,Lab Analysis,2010,Per 100g,Per Serving (52g),291,151,2.9,1.51,15.5,8.06,9.3,4.84,-,-,35.1,18.25,0,0,-,-,3.5,1.82,219,114,-,-,82,43,1,0.52,-,-,-,-,1,0.52,4.5,2.34,-,-,-,-,-,-,-,-,-,-,-,-,-,-,-,-,-,-,0,0,-,-,-,-,-,-,-,-,-,-,-,-,-,-,Trace,Trace,-,-,-,-,-,-,-,-,-,-,-,-
Snacks,You tiao,Chinese fried dough fritter/dough sticks,Snacks,Local ethnic snacks,100%,1 stick(s) = 117g,-,Lab Analysis,2025,Per 100g,Per Serving (117g),391,457,7.75,9.07,19.9,23.28,9.08,10.62,0.06,0.07,45.15,52.83,1.2,1.4,-,-,2.51,2.94,644,753,89,104,82,96,0.68,0.8,24.95,29.19,-,-,2.39,2.8,5.93,6.94,Trace,Trace,-,-,0.1,0.12,Trace,Trace,0.9,1.05,Trace,Trace,0.2,0.23,Trace,Trace,-,-,-,-,-,-,-,-,-,-,-,-,-,-,-,-,-,-,-,-,-,-,-,-,-,-,-,-,-,-,-,-
Snacks,You tiao with fish paste,Fried dough fritter with fish/octopus paste,Snacks,Local ethnic snacks,100%,1 piece(s) = 18g,-,Lab Analysis,2010,Per 100g,Per Serving (18g),341,61,8.3,1.49,19.6,3.53,8.24,1.48,-,-,33.1,5.96,1.6,0.29,-,-,2,0.36,192,35,-,-,6,1,0.2,0.04,-,-,-,-,1.93,0.35,7.31,1.32,-,-,-,-,-,-,-,-,-,-,-,-,-,-,-,-,-,-,1,0.18,-,-,-,-,-,-,-,-,-,-,-,-,-,-,0,0,-,-,-,-,-,-,-,-,-,-,-,-
Snacks,Tutu kueh (coconut),"Common local sweet snack; steamed, round-shaped rice flour kueh filled with sweetened shredded coconut meat",Snacks,Local ethnic snacks,100%,1 piece(s) = 24g,-,Derived,2026,Per 100g,Per Serving (24g),307,74,3.92,0.94,8.73,2.1,7.97,1.91,Trace,Trace,53.04,12.73,18.96,4.55,-,-,2.72,0.65,15,4,116,28,12,3,0.13,0.03,31.23,7.5,-,-,0.24,0.06,0.52,0.12,-,-,-,-,0.86,0.21,0.72,0.17,Trace,Trace,Trace,Trace,17.38,4.17,Trace,Trace,-,-,-,-,-,-,-,-,-,-,-,-,-,-,-,-,-,-,-,-,-,-,-,-,-,-,-,-,-,-,-,-
Snacks,Tutu kueh (peanut),"Common local sweet snack; steamed, round-shaped rice flour kueh filled with ground peanut",Snacks,Local ethnic snacks,100%,1 piece(s) = 22g,-,Derived,2026,Per 100g,Per Serving (22g),352,77,8.39,1.85,10.54,2.32,2.18,0.48,Trace,Trace,56,12.32,17.75,3.91,-,-,2.15,0.47,1,Trace,143,31,14,3,Trace,Trace,22.35,4.92,-,-,4.43,0.97,3.93,0.86,-,-,-,-,0.66,0.15,0.33,0.07,Trace,Trace,Trace,Trace,16.76,3.69,Trace,Trace,-,-,-,-,-,-,-,-,-,-,-,-,-,-,-,-,-,-,-,-,-,-,-,-,-,-,-,-,-,-,-,-
Snacks,Durian pancake,Thin crepe wrapped around fresh durian pulp and whipped cream,Snacks,"Pancakes, waffles and dough-based snacks",100%,1 piece(s) = 50g,-,Lab Analysis,2010,Per 100g,Per Serving (50g),166,83,4.2,2.1,4.97,2.49,2.99,1.5,0.02,0.01,26,13,12.1,6.05,-,-,4.6,2.3,57,28,-,-,23,12,0.6,0.3,-,-,-,-,0.39,0.2,1.57,0.79,-,-,-,-,-,-,-,-,-,-,-,-,-,-,-,-,-,-,5.6,2.8,-,-,-,-,-,-,-,-,-,-,-,-,-,-,9.9,4.95,-,-,-,-,-,-,-,-,-,-,-,-
Snacks,Ice cream waffles,waffle made with pancake batter served with a scoop of ice cream,Snacks,"Pancakes, waffles and dough-based snacks",100%,1 plate(s) = 155g,-,Derived,2026,Per 100g,Per Serving (155g),316,490,5.92,9.18,16.28,25.23,9.76,15.13,0,0,36.87,57.15,16.8,26.04,-,-,0.27,0.42,97,150,92,143,54,84,0.73,1.13,20.66,32.02,-,-,0.13,0.2,0.59,0.91,-,-,-,-,0.07,0.11,0,0,0.2,0.31,0,0,9.02,13.98,0,0,-,-,0.93,1.44,-,-,-,-,-,-,-,-,-,-,-,-,-,-,0,0,-,-,-,-,-,-,-,-,-,-,-,-
Snacks,Jalebi,"Sweet, spiral-shaped Indian funnel cake",Snacks,"Pancakes, waffles and dough-based snacks",100%,1 piece(s) = 114g,-,Lab Analysis,2010,Per 100g,Per Serving (114g),315,359,4.4,5.02,7.5,8.55,2.87,3.27,-,-,57.3,65.32,27.6,31.46,-,-,0.3,0.34,44,50,-,-,28,32,0,0,-,-,-,-,1.14,1.3,3.2,3.65,-,-,-,-,-,-,-,-,-,-,-,-,-,-,-,-,-,-,3,3.42,-,-,-,-,-,-,-,-,-,-,-,-,-,-,0,0,-,-,-,-,-,-,-,-,-,-,-,-
Snacks,Mochi,"Round Japanese sweet rice cake made from glutinous rice flour, sugar and water",Snacks,"Pancakes, waffles and dough-based snacks",100%,1 piece(s) = 68g,-,Derived,2026,Per 100g,Per Serving (68g),251,171,3.78,2.57,2.69,1.83,1.66,1.13,0.02,0.01,52.77,35.88,29.04,19.75,-,-,3.5,2.38,132,90,96,65,14,10,0.22,0.15,36.74,24.98,-,-,0.31,0.21,0.7,0.48,-,-,-,-,0.24,0.16,0.2,0.14,5.18,3.52,Trace,Trace,23.02,15.65,0.23,0.16,-,-,-,-,-,-,-,-,-,-,-,-,-,-,-,-,-,-,-,-,-,-,-,-,-,-,-,-,-,-,-,-
Snacks,Muffin,Individual-sized quick bread with cake-like texture,Snacks,"Pancakes, waffles and dough-based snacks",100%,1 whole = 99g,-,Derived,2026,Per 100g,Per Serving (99g),419,415,5.96,5.9,22.5,22.28,6.74,6.67,0.11,0.11,48.22,47.74,25.25,25,-,-,1.42,1.41,354,350,178,176,45,45,2.22,2.2,21.83,21.61,-,-,6.45,6.39,6.88,6.81,16.08,15.92,-,-,1.01,1,0.56,0.55,0.47,0.47,Trace,Trace,22.34,22.12,0.82,0.81,-,-,-,-,-,-,-,-,-,-,-,-,-,-,-,-,-,-,-,-,-,-,-,-,-,-,-,-,-,-,-,-
Snacks,Muffin with nuts,Individual-sized quick bread with added nuts,Snacks,"Pancakes, waffles and dough-based snacks",100%,1 whole = 100g,-,Lab Analysis,2025,Per 100g,Per Serving (100g),400,400,6.53,6.53,20.5,20.5,7.54,7.54,0.06,0.06,47.25,47.25,24.1,24.1,-,-,2.05,2.05,329,329,148,148,45,45,0.94,0.94,24.2,24.2,-,-,3.78,3.78,7.32,7.32,14,14,-,-,0.9,0.9,0.4,0.4,0.5,0.5,Trace,Trace,21.65,21.65,0.6,0.6,-,-,-,-,-,-,-,-,-,-,-,-,-,-,-,-,-,-,-,-,-,-,-,-,-,-,-,-,-,-,-,-
Snacks,Pancakes (plain),Plain pancake only,Snacks,"Pancakes, waffles and dough-based snacks",100%,1 piece(s) = 80g,-,Borrowed,2025,Per 100g,Per Serving (80g),228,182,7.9,6.32,7.8,6.24,4.1,3.28,0,0,30.7,24.56,4.7,3.76,-,-,1.9,1.52,92,74,-,-,99,79,2.7,2.16,-,-,-,-,0.8,0.64,2.2,1.76,-,-,-,-,-,-,-,-,-,-,-,-,-,-,-,-,-,-,79,63.2,-,-,-,-,-,-,-,-,-,-,-,-,-,-,0,0,-,-,-,-,-,-,-,-,-,-,-,-
Snacks,Savoury crepe,Thin French-style pancake with savoury fillings,Snacks,"Pancakes, waffles and dough-based snacks",100%,1 whole = 262g,-,Derived,2026,Per 100g,Per Serving (262g),246,645,14.78,38.72,15.34,40.19,7.95,20.83,0.2,0.52,12.2,31.96,1.9,4.98,-,-,2.05,5.37,443,1161,239,626,233,610,0.69,1.81,53.3,139.65,-,-,1.77,4.64,5.42,14.2,-,-,-,-,0.21,0.55,0.54,1.41,0.68,1.78,Trace,Trace,0.21,0.55,0.25,0.66,-,-,-,-,-,-,-,-,-,-,-,-,-,-,-,-,-,-,-,-,-,-,-,-,-,-,-,-,-,-,-,-
Snacks,Sugar donut,Deep-fried dough ring coated with granulated sugar,Snacks,"Pancakes, waffles and dough-based snacks",100%,1 piece(s) = 72g,-,Lab Analysis,2023,Per 100g,Per Serving (72g),389,280,9.03,6.5,16.03,11.54,8.53,6.14,-,-,52.09,37.5,9.04,6.51,-,-,1.97,1.42,288,207,-,-,-,-,-,-,-,-,-,-,-,-,-,-,-,-,-,-,-,-,-,-,-,-,-,-,-,-,-,-,-,-,-,-,-,-,-,-,-,-,-,-,-,-,-,-,-,-,-,-,-,-,-,-,-,-,-,-,-,-,-,-
Snacks,Waffle (blueberry),"Waffles made with pancake batter, filled with blueberry spread",Snacks,"Pancakes, waffles and dough-based snacks",100%,1 piece(s) = 115g,-,Derived,2026,Per 100g,Per Serving (115g),341,392,6.2,7.13,14.89,17.12,7.78,8.95,0,0,45.5,52.33,19.33,22.23,-,-,0.49,0.56,90,104,118,136,22,25,0.73,0.84,26.47,30.44,-,-,-,-,-,-,-,-,-,-,0.09,0.1,0,0,0.26,0.3,0,0,11.56,13.29,0,0,-,-,-,-,-,-,-,-,-,-,-,-,-,-,-,-,-,-,-,-,-,-,-,-,-,-,-,-,-,-,-,-
Snacks,Waffle (cheese),"Waffles made with pancake batter, filled with cheese",Snacks,"Pancakes, waffles and dough-based snacks",100%,1 piece(s) = 112g,-,Derived,2026,Per 100g,Per Serving (112g),341,382,9.2,10.3,16.32,18.28,8.69,9.73,0.06,0.07,39.14,43.84,12.87,14.41,-,-,0.35,0.39,241,270,120,134,233,261,0.92,1.03,27.04,30.28,-,-,0.05,0.06,0.23,0.26,-,-,-,-,0.09,0.1,0,0,0.26,0.29,0,0,11.81,13.23,0,0,-,-,20.38,22.83,-,-,-,-,-,-,-,-,-,-,-,-,-,-,0,0,-,-,-,-,-,-,-,-,-,-,-,-
Snacks,Waffle (chocolate),"Waffles made with pancake batter, filled with chocolate spread",Snacks,"Pancakes, waffles and dough-based snacks",100%,1 piece(s) = 115g,-,Derived,2026,Per 100g,Per Serving (115g),382,439,7.14,8.21,19.03,21.88,8.54,9.82,0,0,45.74,52.6,19.94,22.93,-,-,0.86,0.99,93,107,178,205,41,47,0.9,1.04,26.61,30.6,0.2,0.23,0.94,1.08,2.26,2.6,-,-,0.28,0.32,0.09,0.1,0,0,0.26,0.3,0,0,11.56,13.29,0,0,0.08,0.09,-,-,-,-,-,-,0.01,0.01,0.04,0.05,-,-,-,-,-,-,0,0,-,-,-,-,-,-,27,31,0.28,0.32,0.18,0.21
Snacks,Waffle (kaya),"Waffles made with pancake batter, filled with kaya spread",Snacks,"Pancakes, waffles and dough-based snacks",100%,1 piece(s) = 115g,-,Derived,2026,Per 100g,Per Serving (115g),354,407,6.73,7.74,16.55,19.03,9.03,10.38,0,0,44.34,50.99,17.99,20.69,-,-,0.5,0.58,94,108,135,155,26,30,0.85,0.98,31.11,35.78,0.09,0.1,0.07,0.08,0.26,0.3,-,-,15.95,18.34,0.09,0.1,0,0,0.26,0.3,0,0,11.56,13.29,0,0,0.63,0.72,10.22,11.75,10.22,11.75,0,0,0,0,0.01,0.01,-,-,-,-,-,-,-,-,-,-,-,-,-,-,10,12,1.19,1.37,0.06,0.07
Snacks,Waffle (peanut butter),"Waffles made with pancake batter, filled with peanut butter",Snacks,"Pancakes, waffles and dough-based snacks",100%,1 piece(s) = 115g,-,Derived,2026,Per 100g,Per Serving (115g),394,453,9.86,11.34,21.67,24.92,8.99,10.34,0,0,39.76,45.72,13.37,15.38,-,-,1.16,1.33,148,170,206,237,29,33,1.1,1.27,26.56,30.54,0.68,0.78,1.43,1.64,4.16,4.78,-,-,0,0,0.09,0.1,0,0,0.26,0.3,0,0,11.56,13.29,0,0,0.69,0.79,0,0,0,0,0,0,0.01,0.01,0.01,0.01,0.08,0.09,-,-,0,0,0,0,0,0,-,-,-,-,53,61,0,0,0.48,0.55
Snacks,Waffle (plain),Waffles made with pancake batter,Snacks,"Pancakes, waffles and dough-based snacks",100%,1 piece(s) = 122g,-,Lab Analysis,2026,Per 100g,Per Serving (122g),360,439,7.2,8.78,17.3,21.11,9.05,11.04,0,0,43.77,53.4,13.85,16.9,-,-,0.4,0.49,103,126,137,167,26,32,0.85,1.04,30.8,37.58,-,-,-,-,-,-,-,-,-,-,0.1,0.12,0,0,0.3,0.37,0,0,13.45,16.41,0,0,-,-,-,-,-,-,-,-,-,-,-,-,-,-,-,-,-,-,-,-,-,-,-,-,-,-,-,-,-,-,-,-
Snacks,Chocolate muffin,Sweet baked muffin with chocolate chips or cocoa flavouring,Snacks,"Pancakes, waffles and dough-based snacks",100%,1 whole = 104g,-,Lab Analysis,2025,Per 100g,Per Serving (104g),450,468,5.75,5.98,25.55,26.57,7.46,7.76,0.12,0.12,49.25,51.22,27.3,28.39,-,-,1.21,1.26,346,360,278,289,41,43,4.95,5.15,17.9,18.62,-,-,7.98,8.3,7.45,7.75,15,15.6,-,-,0.4,0.42,Trace,Trace,0.4,0.42,Trace,Trace,25.4,26.42,1.1,1.14,-,-,-,-,-,-,-,-,-,-,-,-,-,-,-,-,-,-,-,-,-,-,-,-,-,-,-,-,-,-,-,-
Snacks,Muffin with fruits,Sweet baked muffin containing fresh or dried fruits such as blueberries or raisins,Snacks,"Pancakes, waffles and dough-based snacks",100%,1 whole = 94g,-,Lab Analysis,2025,Per 100g,Per Serving (94g),406,382,5.59,5.25,21.25,19.97,5.1,4.79,0.14,0.13,48.1,45.21,24.2,22.75,-,-,0.98,0.92,388,365,98,92,50,47,0.57,0.54,23.65,22.23,-,-,7.59,7.13,5.77,5.42,19.5,18.33,-,-,1.8,1.69,1.35,1.27,0.5,0.47,Trace,Trace,19.7,18.52,0.75,0.71,-,-,-,-,-,-,-,-,-,-,-,-,-,-,-,-,-,-,-,-,-,-,-,-,-,-,-,-,-,-,-,-
Snacks,Almond croissant,Buttery French pastry filled with sweet almond cream and topped with sliced almonds,Snacks,Pies and pastries,100%,1 whole = 84g,-,Lab Analysis,2010,Per 100g,Per Serving (84g),451,379,9.25,7.77,28.55,23.98,12.87,10.81,-,-,39.34,33.05,17.11,14.37,-,-,2.48,2.08,304,255,-,-,79,66,1.34,1.13,-,-,-,-,2.79,2.34,11.63,9.77,-,-,-,-,-,-,-,-,-,-,-,-,-,-,-,-,-,-,188.63,158.45,-,-,-,-,-,-,-,-,-,-,-,-,-,-,0,0,-,-,-,-,-,-,-,-,-,-,-,-
Snacks,Apple crumble,"Baked dessert with spiced apple filling topped with buttery crumb mixture of flour, butter and sugar",Snacks,Pies and pastries,100%,1 slice(s) = 146g,-,Lab Analysis,2010,Per 100g,Per Serving (146g),242,353,4,5.84,10.17,14.85,7.9,11.53,-,-,33.63,49.1,22.29,32.54,-,-,4.14,6.04,63,92,-,-,36,53,0.59,0.86,-,-,-,-,0.59,0.86,1.68,2.45,-,-,-,-,-,-,-,-,-,-,-,-,-,-,-,-,-,-,122.92,179.46,-,-,-,-,-,-,-,-,-,-,-,-,-,-,0,0,-,-,-,-,-,-,-,-,-,-,-,-
Snacks,Durian puff,Choux pastry with durian-flavoured cream filling,Snacks,Pies and pastries,100%,1 piece(s) = 30g,-,Lab Analysis,2010,Per 100g,Per Serving (30g),255,77,4.7,1.41,16.1,4.83,9.65,2.9,0.91,0.27,22.9,6.87,9.1,2.73,-,-,2.6,0.78,229,69,-,-,49,15,0.6,0.18,-,-,-,-,0.83,0.25,4.86,1.46,-,-,-,-,-,-,-,-,-,-,-,-,-,-,-,-,-,-,203,60.9,-,-,-,-,-,-,-,-,-,-,-,-,-,-,1.4,0.42,-,-,-,-,-,-,-,-,-,-,-,-
Snacks,Egg tart,"Chinese egg tart, egg custard in tart shell, baked",Snacks,Pies and pastries,100%,1 piece(s) = 53g,-,Lab Analysis,2025,Per 100g,Per Serving (53g),359,190,6.66,3.53,21.5,11.4,10.05,5.33,0.48,0.25,34.55,18.31,12.85,6.81,-,-,1.03,0.55,125,66,98,52,47,25,0.73,0.39,36.2,19.19,-,-,2.07,1.1,6.03,3.2,31.5,16.7,-,-,0.1,0.05,Trace,Trace,0.2,0.11,Trace,Trace,11.35,6.02,1.1,0.58,-,-,-,-,-,-,-,-,-,-,-,-,-,-,-,-,-,-,-,-,-,-,-,-,-,-,-,-,-,-,-,-
Snacks,Lemon tart,Buttery pastry shell filled with tangy lemon curd,Snacks,Pies and pastries,100%,1 piece(s) = 77g,-,Lab Analysis,2010,Per 100g,Per Serving (77g),374,288,5.6,4.31,19.57,15.07,12.66,9.75,0.27,0.21,43.9,33.8,24.6,18.94,-,-,4,3.08,92,71,-,-,31,24,0.94,0.72,-,-,-,-,0.9,0.69,5.74,4.42,-,-,-,-,-,-,-,-,-,-,-,-,-,-,-,-,-,-,205,157.85,-,-,-,-,-,-,-,-,-,-,-,-,-,-,1.5,1.16,-,-,-,-,-,-,-,-,-,-,-,-
Snacks,Peanut puff,Fried puff pastry with peanut and sugar filling,Snacks,Pies and pastries,100%,1 piece(s) = 7g,-,Lab Analysis,2010,Per 100g,Per Serving (7g),552,39,10.5,0.74,34.1,2.39,12.31,0.86,-,-,50.7,3.55,20.8,1.46,-,-,2.6,0.18,53,4,-,-,25,2,1.4,0.1,-,-,-,-,6.44,0.45,13.89,0.97,-,-,-,-,-,-,-,-,-,-,-,-,-,-,-,-,-,-,0,0,-,-,-,-,-,-,-,-,-,-,-,-,-,-,0,0,-,-,-,-,-,-,-,-,-,-,-,-
Snacks,Portuguese egg tart,"Crispy tarts, with creamy egg filling",Snacks,Pies and pastries,100%,1 piece(s) = 70g,-,Lab Analysis,2010,Per 100g,Per Serving (70g),346,242,6.6,4.62,21.9,15.33,11.67,8.17,0.61,0.43,30.6,21.42,13.5,9.45,-,-,0.5,0.35,93,65,-,-,79,55,0.6,0.42,-,-,-,-,0.97,0.68,4,2.8,-,-,-,-,-,-,-,-,-,-,-,-,-,-,-,-,-,-,142,99.4,-,-,-,-,-,-,-,-,-,-,-,-,-,-,0,0,-,-,-,-,-,-,-,-,-,-,-,-
Snacks,Scones,"Baked dough-like product made from flour, water, raising agent",Snacks,Pies and pastries,100%,1 piece(s) = 93g,-,Derived,2026,Per 100g,Per Serving (93g),373,347,8.05,7.49,16.68,15.51,11.53,10.72,0.37,0.34,47.88,44.53,10.78,10.03,-,-,1.24,1.15,601,559,166,154,100,93,0.79,0.73,23.93,22.25,-,-,-,-,-,-,-,-,-,-,1.43,1.33,1.2,1.12,0.4,0.37,0,0,6.72,6.25,1.03,0.96,-,-,-,-,-,-,-,-,-,-,-,-,-,-,-,-,-,-,-,-,-,-,-,-,-,-,-,-,-,-,-,-
Snacks,Tau sar piah (red bean),Chinese thin flaky pastry filled with generous amount of sweet red bean paste,Snacks,Pies and pastries,100%,1 piece(s) = 46g,-,Lab Analysis,2023,Per 100g,Per Serving (46g),454,209,6.75,3.11,24.55,11.29,11.2,5.15,-,-,51.63,23.75,21.4,9.84,-,-,2.35,1.08,37,17,-,-,-,-,-,-,-,-,-,-,-,-,-,-,-,-,-,-,-,-,-,-,-,-,-,-,-,-,-,-,-,-,-,-,-,-,-,-,-,-,-,-,-,-,-,-,-,-,-,-,-,-,-,-,-,-,-,-,-,-,-,-
Snacks,Tau sar piah (salty bean),Flaky pastry filled with salty bean paste,Snacks,Pies and pastries,100%,1 piece(s) = 46g,-,Lab Analysis,2023,Per 100g,Per Serving (46g),500,230,8.25,3.8,29.7,13.66,13.55,6.23,-,-,49.81,22.91,19.75,9.09,-,-,1.55,0.71,196,90,-,-,-,-,-,-,-,-,-,-,-,-,-,-,-,-,-,-,-,-,-,-,-,-,-,-,-,-,-,-,-,-,-,-,-,-,-,-,-,-,-,-,-,-,-,-,-,-,-,-,-,-,-,-,-,-,-,-,-,-,-,-
Snacks,Scones (sweet),"Baked dough-like product made from flour, water, raising agent, with a sweet flavour",Snacks,Pies and pastries,100%,1 piece(s) = 95g,-,Lab Analysis,2026,Per 100g,Per Serving (95g),394,374,6.8,6.46,15.85,15.06,10.8,10.26,0.35,0.33,56.13,53.32,16.85,16.01,-,-,0.85,0.81,451,428,143,136,58,55,0.86,0.82,18.7,17.77,-,-,-,-,-,-,-,-,-,-,2.7,2.57,2.35,2.23,0.4,0.38,0,0,10.05,9.55,1.35,1.28,-,-,-,-,-,-,-,-,-,-,-,-,-,-,-,-,-,-,-,-,-,-,-,-,-,-,-,-,-,-,-,-
Sugar and confectionery,Peanut candy,"Hard candy made from rock sugar, maltose, peanut and coated with sesame seed",Sugar and confectionery,Confectionery,100%,1 piece(s) = 12g,-,Lab Analysis,2010,Per 100g,Per Serving (12g),507,61,15.23,1.83,31.53,3.78,6.02,0.72,-,-,40.53,4.86,34.45,4.13,-,-,4.39,0.53,63,8,-,-,63,8,2.68,0.32,-,-,-,-,10.87,1.3,13.25,1.59,-,-,-,-,-,-,-,-,-,-,-,-,-,-,-,-,-,-,Trace,Trace,-,-,-,-,-,-,-,-,-,-,-,-,-,-,0,0,-,-,-,-,-,-,-,-,-,-,-,-
Sugar and confectionery,Sugar syrup,"Processed sugar syrup from dissolved sugar, clear liquid, thick texture with sweet taste.",Sugar and confectionery,Sugars and syrups,100%,1 tablespoon(s) = 15g,-,Borrowed,2025,Per 100g,Per Serving (15g),288,43,0.2,0.03,0,0,0,0,0,0,74.9,11.24,74.9,11.24,74.9,11.24,0,0,130,20,610,92,230,35,3.3,0.5,17,2.55,0.04,0.01,0,0,0,0,0,0,0,0,25.4,3.81,22,3.3,0.6,0.09,0,0,26.9,4.03,0,0,0,0,0,0,0,0,0,0,0,0,0,0,0.19,0.03,0,0,0,0,0,0,0,0,0,0,-,-,0,0,0.8,0.12,0,0
Vegetables,"Chinese chives, raw","Raw Chinese chives, flat green leaves, tender texture with mild onion taste.",Vegetables,Leafy vegetables,100%,1 cup(s) = 85g,1 tablespoon(s) = 8g,Borrowed,2025,Per 100g,Per Serving (85g),26,22,2.26,1.92,0.25,0.21,-,-,-,-,2.2,1.87,-,-,-,-,3.2,2.72,17,14,260,221,51,43,1.2,1.02,91.2,77.52,-,-,-,-,-,-,-,-,-,-,-,-,-,-,-,-,-,-,-,-,-,-,-,-,60,51,-,-,718,610.3,0.06,0.05,0.13,0.11,-,-,-,-,-,-,12,10.2,-,-,-,-,-,-,43,37,0.4,0.34,0.34,0.29
Vegetables,"Kangkong, raw","Raw kangkong, green leaves with hollow stems, tender crisp texture with mild earthy taste.",Vegetables,Leafy vegetables,100%,1 cup(s) = 85g,-,Borrowed,2025,Per 100g,Per Serving (85g),26,22,2.9,2.47,0.5,0.43,0,0,0,0,1,0.85,0.5,0.43,0,0,2.8,2.38,25,21,460,391,68,58,2.4,2.04,92.2,78.37,0.46,0.39,0,0,0,0,0,0,0,0,0.2,0.17,0.3,0.26,0,0,0,0,0,0,0,0,0.5,0.43,202,171.7,202,171.7,1180,1003,0.01,0.01,0.15,0.13,0.15,0.13,225,191.25,0,0,28,23.8,0,0,2.38,2.02,-,-,52,44,0,0,0.2,0.17
Vegetables,"Watercress, raw","Raw watercress, small green leaves on thin stems, tender texture with peppery taste.",Vegetables,Leafy vegetables,100%,1 cup(s) = 34g,-,Borrowed,2025,Per 100g,Per Serving (34g),11,4,2.3,0.78,0.1,0.03,0.03,0.01,0,0,1.29,0.44,0.2,0.07,-,-,0.5,0.17,41,14,330,112,120,41,0.2,0.07,95.11,32.34,-,-,0.04,0.01,0.01,Trace,0,0,0,0,-,-,-,-,-,-,-,-,-,-,-,-,-,-,160,54.4,0,0,1914,650.76,0.09,0.03,0.12,0.04,0.13,0.04,9,3.06,0,0,43,14.62,0,0,1.49,0.51,250,85,60,20,0.9,0.31,0.11,0.04
Vegetables,Braised mixed mushrooms,"Braised mixed mushrooms consisting of button mushroom, golden mushroom and abalone mushroom",Vegetables,Mushroom/Fungi-based dishes,100%,1 scoop(s) (serving spoon) = 100g,1 plate(s) = 463g,Lab Analysis,2026,Per 100g,Per Serving (100g),44,44,2.3,2.3,1.95,1.95,0.9,0.9,0,0,4.19,4.19,1.5,1.5,-,-,1.6,1.6,345,345,213,213,20,20,1.06,1.06,88.8,88.8,-,-,-,-,-,-,-,-,-,-,0.3,0.3,0.3,0.3,0,0,0,0,0.9,0.9,0,0,-,-,-,-,-,-,-,-,-,-,-,-,-,-,-,-,-,-,-,-,-,-,-,-,-,-,-,-,-,-,-,-
Vegetables,Cream of mushroom soup,Pureed mushroom in a creamy broth made by heating whole milk,Vegetables,Mushroom/Fungi-based dishes,100%,1 bowl(s) = 221g,-,Lab Analysis,2025,Per 100g,Per Serving (221g),57,126,1.9,4.2,3.35,7.4,1.78,3.93,0.11,0.24,4.8,10.61,1.9,4.2,-,-,0.61,1.35,278,614,131,290,31,69,Trace,Trace,88.9,196.47,-,-,0.17,0.38,0.76,1.68,Trace,Trace,-,-,0.2,0.44,0.2,0.44,0.1,0.22,Trace,Trace,0.3,0.66,1.1,2.43,-,-,-,-,-,-,-,-,-,-,-,-,-,-,-,-,-,-,-,-,-,-,-,-,-,-,-,-,-,-,-,-
Vegetables,Fried mushroom,Deep-fried breaded mushrooms with crispy coating,Vegetables,Mushroom/Fungi-based dishes,100%,1 packet(s) = 173g,-,Lab Analysis,2010,Per 100g,Per Serving (173g),330,571,3.9,6.75,20.59,35.62,8.06,13.94,Trace,Trace,32.3,55.88,0.7,1.21,-,-,3,5.19,363,628,-,-,19,33,0.68,1.18,-,-,-,-,3.64,6.3,8.89,15.38,-,-,-,-,-,-,-,-,-,-,-,-,-,-,-,-,-,-,Trace,Trace,-,-,-,-,-,-,-,-,-,-,-,-,-,-,Trace,Trace,-,-,-,-,-,-,-,-,-,-,-,-
Vegetables,Boiled cauliflower,Boiled cauliflower,Vegetables,Non-leafy vegetables,60%,1 scoop(s) (serving spoon) = 100g,-,Borrowed,2025,Per 100g,Per Serving (100g),23,14,1.84,1.1,0.45,0.27,0.07,0.04,0,0,4.11,2.47,2.08,1.25,-,-,2.3,1.38,15,9,-,-,16,10,0.32,0.19,-,-,-,-,0.21,0.13,0.03,0.02,-,-,-,-,-,-,-,-,-,-,-,-,-,-,-,-,-,-,1,0.6,-,-,-,-,-,-,-,-,-,-,-,-,-,-,44.3,26.58,-,-,-,-,-,-,-,-,-,-,-,-
Vegetables,Cucumber,Cucumber,Vegetables,Non-leafy vegetables,97%,1 slice(s) = 6g,-,Borrowed,2025,Per 100g,Per Serving (6g),15,1,0.65,0.04,0.11,0.01,0.04,Trace,0,0,3.63,0.21,1.67,0.1,-,-,0.5,0.03,2,Trace,147,9,16,1,0.28,0.02,95.23,5.54,-,-,0.03,Trace,0.01,Trace,0,0,0,0,0.76,0.04,0.87,0.05,0.01,Trace,0,0,0.03,Trace,0,0,0.83,0.05,5,0.29,0,0,45,2.62,0.03,Trace,0.03,Trace,0.04,Trace,7,0.41,0,0,2.8,0.16,0,0,0.04,Trace,16.4,0.95,24,1,0.3,0.02,0.2,0.01
Vegetables,Raw onion,Fresh onion,Vegetables,Non-leafy vegetables,80%,1 whole (large) = 80g,1 whole (small) = 40g,Borrowed,2025,Per 100g,Per Serving (80g),40,26,1.1,0.7,0.1,0.06,0.04,0.03,0,0,9.34,5.98,4.24,2.71,-,-,1.7,1.09,4,3,-,-,23,15,0.21,0.13,-,-,-,-,0.01,0.01,0.01,0.01,-,-,-,-,-,-,-,-,-,-,-,-,-,-,-,-,-,-,0,0,-,-,-,-,-,-,-,-,-,-,-,-,-,-,7.4,4.74,-,-,-,-,-,-,-,-,-,-,-,-
Vegetables,"Beansprouts, raw","Raw beansprouts, white shoots with yellow tips, crisp crunchy texture with mild fresh taste.",Vegetables,Non-leafy vegetables,100%,1 cup(s) = 100g,-,Borrowed,2025,Per 100g,Per Serving (100g),22,22,3.1,3.1,0.1,0.1,0,0,0,0,1.6,1.6,1,1,0,0,1.3,1.3,1,1,150,150,10,10,0.4,0.4,93.4,93.4,0.5,0.5,0,0,0,0,0,0,0,0,0.5,0.5,0.5,0.5,0,0,0,0,0,0,0,0,0.6,0.6,4,4,4,4,16,16,0.03,0.03,0.11,0.11,0.04,0.04,21,21,0,0,12,12,0,0,0.07,0.07,-,-,30,30,0,0,0.6,0.6
Vegetables,Boiled spinach,"Boiled spinach, dark green leaves, tender texture with mild earthy taste.",Vegetables,Non-leafy vegetables,100%,1 cup(s) = 180g,-,Borrowed,2025,Per 100g,Per Serving (180g),23,41,2.97,5.35,0.26,0.47,0.04,0.07,0,0,3.75,6.75,0.43,0.77,-,-,2.4,4.32,70,126,466,839,136,245,3.57,6.43,91.21,164.18,-,-,0.11,0.2,0.01,0.02,0,0,0,0,-,-,-,-,-,-,-,-,-,-,-,-,-,-,524,943.2,0,0,6288,11318.4,0.1,0.18,0.24,0.43,0.24,0.43,146,262.8,0,0,9.8,17.64,0,0,3.1,5.58,493.6,888.48,56,101,1.5,2.7,0.76,1.37
Vegetables,"Chinese water chestnut, raw","Raw Chinese water chestnut, white bulbs, firm crisp texture with mild sweet taste.",Vegetables,Starchy vegetables,50%,1 whole = 9g,1 cup(s) = 62g,Borrowed,2025,Per 100g,Per Serving (9g),97,4,1.4,0.06,0.1,Trace,0.03,Trace,0,0,23.94,1.08,4.8,0.22,-,-,3,0.14,14,1,584,26,11,Trace,0.06,Trace,73.46,3.31,-,-,0.04,Trace,Trace,Trace,0,0,0,0,-,-,-,-,-,-,-,-,-,-,-,-,-,-,0,0,0,0,0,0,0.14,0.01,0.2,0.01,0.33,0.01,16,0.72,0,0,4,0.18,0,0,1.79,0.08,0.3,0.01,63,3,0.7,0.03,0.5,0.02
Vegetables,"Eggplant, raw","Raw eggplant, purple elongated vegetable, firm texture with mild bitter taste.",Vegetables,Non-leafy vegetables,90%,1 whole (medium) = 241g,"1 cup(s) = 82g, 1 whole (baby) = 142g",Borrowed,2025,Per 100g,Per Serving (241g),25,54,0.98,2.13,0.18,0.39,0.03,0.07,0,0,5.88,12.75,3.53,7.66,-,-,3,6.51,2,4,229,497,9,20,0.23,0.5,92.3,200.2,-,-,0.08,0.17,0.02,0.04,0,0,0,0,1.58,3.43,1.54,3.34,-,-,-,-,0.26,0.56,-,-,-,-,1,2.17,0,0,14,30.37,0.04,0.09,0.04,0.09,0.08,0.17,22,47.72,0,0,2.2,4.77,0,0,0.45,0.98,3.5,7.59,24,52,0.3,0.65,0.16,0.35
Vegetables,Caipoh,"Preserved radish (chai po), from chwee kueh",Vegetables,Processed vegetables,100%,1 piece(s) = 4g,-,Lab Analysis,2025,Per 100g,Per Serving (4g),188,8,1.7,0.07,15.45,0.62,5.74,0.23,0.05,Trace,10.55,0.42,4.7,0.19,-,-,5.49,0.22,536,21,23,1,40,2,1.52,0.06,70.8,2.83,-,-,2.26,0.09,6.24,0.25,Trace,Trace,-,-,0.6,0.02,0.55,0.02,Trace,Trace,Trace,Trace,3.45,0.14,Trace,Trace,-,-,-,-,-,-,-,-,-,-,-,-,-,-,-,-,-,-,-,-,-,-,-,-,-,-,-,-,-,-,-,-
Vegetables,Begedil,Deep-fried potato patty,Vegetables,Starchy vegetable-based dishes,100%,1 piece(s) = 45g,-,Lab Analysis,2023,Per 100g,Per Serving (45g),250,113,4.14,1.86,18.03,8.11,8.21,3.69,-,-,17.74,7.98,2.1,0.95,-,-,1.84,0.83,288,130,-,-,-,-,-,-,-,-,-,-,-,-,-,-,-,-,-,-,-,-,-,-,-,-,-,-,-,-,-,-,-,-,-,-,-,-,-,-,-,-,-,-,-,-,-,-,-,-,-,-,-,-,-,-,-,-,-,-,-,-,-,-
Vegetables,Rosti,"Swiss-style grated potato pancake, pan-fried until crispy",Vegetables,Starchy vegetable-based dishes,100%,1 plate(s) = 149g,-,Lab Analysis,2018,Per 100g,Per Serving (149g),270,402,3.7,5.51,18.79,28,10.23,15.24,0.14,0.21,21.6,32.18,1.2,1.79,-,-,2.5,3.73,313,466,-,-,19,28,0.56,0.83,-,-,-,-,2.32,3.46,6.1,9.09,-,-,-,-,-,-,-,-,-,-,-,-,-,-,-,-,-,-,59.68,88.92,-,-,-,-,-,-,-,-,-,-,-,-,-,-,0,0,-,-,-,-,-,-,-,-,-,-,-,-
Vegetables,Rosti with sausage,Swiss-style potato pancake served with grilled sausage,Vegetables,Starchy vegetable-based dishes,100%,1 plate(s) = 224g,-,NIP,2025,Per 100g,Per Serving (224g),307,688,9.96,22.31,22.18,49.68,10.73,24.04,0,0,17.09,38.28,1.06,2.37,-,-,2.33,5.22,632,1416,-,-,19,43,1.08,2.42,-,-,-,-,2.34,5.24,8.61,19.29,-,-,-,-,-,-,-,-,-,-,-,-,-,-,-,-,-,-,49.52,110.92,-,-,-,-,-,-,-,-,-,-,-,-,-,-,0,0,-,-,-,-,-,-,-,-,-,-,-,-
Vegetables,Stir fried sliced potato,Sliced potato stir fried with aromatics until fragrant,Vegetables,Starchy vegetable-based dishes,100%,1 scoop(s) (serving spoon) = 162g,-,Lab Analysis,2025,Per 100g,Per Serving (162g),87,141,2.45,3.97,2.7,4.37,0.89,1.44,0,0,13.25,21.47,0.3,0.49,-,-,2.79,4.52,381,617,226,366,6,10,0.67,1.09,80.1,129.76,-,-,0.33,0.53,0.99,1.6,Trace,Trace,-,-,Trace,Trace,0.3,0.49,Trace,Trace,Trace,Trace,Trace,Trace,Trace,Trace,-,-,-,-,-,-,-,-,-,-,-,-,-,-,-,-,-,-,-,-,-,-,-,-,-,-,-,-,-,-,-,-
Vegetables,Achar,"Nonya-style achar containing pickled vegetables such as carrots, cucumber, pineapple with sesam seeds",Vegetables,Vegetable-based dishes,90%,1 tablespoon(s) = 30g,-,Lab Analysis,2010,Per 100g,Per Serving (30g),106,29,1.9,0.51,2,0.54,0.7,0.19,-,-,23,6.21,-,-,-,-,1.9,0.51,603,163,-,-,36,10,0.8,0.22,-,-,-,-,0.4,0.11,0.5,0.14,-,-,-,-,-,-,-,-,-,-,-,-,-,-,-,-,-,-,92,24.84,-,-,-,-,-,-,-,-,-,-,-,-,-,-,-,-,-,-,-,-,-,-,-,-,-,-,-,-
Vegetables,Bell pepper tempura,Japanese-style battered and deep-fried bell peppers,Vegetables,Vegetable-based dishes,100%,1 piece(s) = 24g,-,Lab Analysis,2024,Per 100g,Per Serving (24g),164,39,2.61,0.63,9.55,2.29,1.34,0.32,-,-,16.93,4.06,2.49,0.6,-,-,1.52,0.36,72,17,-,-,-,-,-,-,-,-,-,-,-,-,-,-,-,-,-,-,-,-,-,-,-,-,-,-,-,-,-,-,-,-,-,-,-,-,-,-,-,-,-,-,-,-,-,-,-,-,-,-,-,-,-,-,-,-,-,-,-,-,-,-
Vegetables,Braised mixed vegetables,"Braised mixed vegetables consisting of cauliflower, capsicum, carrot, bamboo shoot, green beans and black mushroom",Vegetables,Vegetable-based dishes,100%,1 scoop(s) (serving spoon) = 100g,1 plate(s) = 400g,Lab Analysis,2025,Per 100g,Per Serving (100g),75,75,3.43,3.43,4.15,4.15,1.6,1.6,0.01,0.01,5.9,5.9,0.4,0.4,-,-,1.91,1.91,357,357,132,132,44,44,0.54,0.54,85.25,85.25,-,-,0.48,0.48,1.54,1.54,12,12,-,-,Trace,Trace,0.4,0.4,Trace,Trace,Trace,Trace,Trace,Trace,Trace,Trace,-,-,-,-,-,-,-,-,-,-,-,-,-,-,-,-,-,-,-,-,-,-,-,-,-,-,-,-,-,-,-,-
Vegetables,Coleslaw,Shredded cabbage and carrots mixed with creamy mayonnaise-based dressing,Vegetables,Vegetable-based dishes,100%,1 medium cup(s) = 100g,1 scoop(s) (serving spoon) = 100g,Lab Analysis,2018,Per 100g,Per Serving (100g),115,115,0.75,0.75,9.62,9.62,1.6,1.6,0,0,6.41,6.41,6.41,6.41,-,-,1.5,1.5,198,198,-,-,32,32,0.33,0.33,-,-,-,-,5.47,5.47,2.45,2.45,-,-,-,-,-,-,-,-,-,-,-,-,-,-,-,-,-,-,84.43,84.43,-,-,-,-,-,-,-,-,-,-,-,-,-,-,8.3,8.3,-,-,-,-,-,-,-,-,-,-,-,-
Vegetables,Curry vegetables,Mixed vegetables cooked in coconut milk-based curry sauce with spices,Vegetables,Vegetable-based dishes,100%,1 scoop(s) (serving spoon) = 267g,-,Lab Analysis,2025,Per 100g,Per Serving (267g),87,232,2.14,5.71,6.25,16.69,2.9,7.74,0.05,0.13,5.6,14.95,1.2,3.2,-,-,2.34,6.25,419,1119,197,526,31,83,0.97,2.59,84.35,225.21,-,-,0.71,1.9,1.81,4.83,Trace,Trace,-,-,0.4,1.07,0.8,2.14,Trace,Trace,Trace,Trace,Trace,Trace,Trace,Trace,-,-,-,-,-,-,-,-,-,-,-,-,-,-,-,-,-,-,-,-,-,-,-,-,-,-,-,-,-,-,-,-
Vegetables,Eggplant curry,Tender eggplant cooked in curry sauce with spices,Vegetables,Vegetable-based dishes,100%,1 scoop(s) (serving spoon) = 100g,-,Lab Analysis,2010,Per 100g,Per Serving (100g),104,104,1.8,1.8,8.4,8.4,4,4,-,-,5.3,5.3,-,-,-,-,2.3,2.3,437,437,-,-,24,24,1.4,1.4,-,-,-,-,1.1,1.1,2.9,2.9,-,-,-,-,-,-,-,-,-,-,-,-,-,-,-,-,-,-,8,8,-,-,-,-,-,-,-,-,-,-,-,-,-,-,-,-,-,-,-,-,-,-,-,-,-,-,-,-
Vegetables,Gado gado,"Indonesian-style salad consisting of a mixture of fried beancurd, hard-boiled egg, ketupat (rice cakes), boiled green beans and beansprouts, served with a peanut-based gravy",Vegetables,Vegetable-based dishes,100%,1 plate(s) = 421g,-,Lab Analysis,2010,Per 100g,Per Serving (421g),157,661,7.1,29.89,9.5,40,3.4,14.31,-,-,10.5,44.21,-,-,-,-,4.6,19.37,257,1082,-,-,58,244,1.2,5.05,-,-,-,-,2.5,10.53,3.2,13.47,-,-,-,-,-,-,-,-,-,-,-,-,-,-,-,-,-,-,187,787.27,-,-,-,-,-,-,-,-,-,-,-,-,-,-,-,-,-,-,-,-,-,-,-,-,-,-,-,-
Vegetables,Kacang pool,"A stew consisting of fried whole egg, green chilli, chopped shallot, onion and lime juice",Vegetables,Vegetable-based dishes,100%,1 bowl(s) = 325g,-,Lab Analysis,2010,Per 100g,Per Serving (325g),128,416,5.9,19.18,9.6,31.2,3.84,12.48,-,-,4.6,14.95,0.5,1.63,-,-,3,9.75,391,1271,-,-,31,101,1.2,3.9,-,-,-,-,1.4,4.55,3.91,12.71,-,-,-,-,-,-,-,-,-,-,-,-,-,-,-,-,-,-,53,172.25,-,-,-,-,-,-,-,-,-,-,-,-,-,-,1,3.25,-,-,-,-,-,-,-,-,-,-,-,-
Vegetables,Kimchi,Korean pickled dish made from fermenting napa cabbage with a mixture of spices,Vegetables,Vegetable-based dishes,100%,1 tablespoon(s) = 15g,-,Lab Analysis,2010,Per 100g,Per Serving (15g),43,6,2.1,0.32,0,0,0,0,-,-,8.8,1.32,3.2,0.48,-,-,3.2,0.48,791,119,-,-,46,7,0.8,0.12,-,-,-,-,0,0,0,0,-,-,-,-,-,-,-,-,-,-,-,-,-,-,-,-,-,-,97,14.55,-,-,-,-,-,-,-,-,-,-,-,-,-,-,Trace,Trace,-,-,-,-,-,-,-,-,-,-,-,-
Vegetables,Korean kimchi stew (kimchi jjigae),"Korean spicy stew made with fermented kimchi, pork and tofu",Vegetables,Vegetable-based dishes,100%,1 set(s) = 615g,-,Lab Analysis,2010,Per 100g,Per Serving (615g),36,221,2.5,15.38,1.34,8.24,0.48,2.95,Trace,Trace,3.5,21.53,1.2,7.38,-,-,1.2,7.38,578,3555,-,-,31,191,0.55,3.38,-,-,-,-,0.37,2.28,0.49,3.01,-,-,-,-,-,-,-,-,-,-,-,-,-,-,-,-,-,-,47.3,290.9,-,-,-,-,-,-,-,-,-,-,-,-,-,-,Trace,Trace,-,-,-,-,-,-,-,-,-,-,-,-
Vegetables,Mixed vegetables with tunghoon,"Stir-fried tunghoon with carrot, cabbage and dried prawn",Vegetables,Vegetable-based dishes,100%,1 scoop(s) (serving spoon) = 478g,-,Lab Analysis,2023,Per 100g,Per Serving (478g),99,473,1.5,7.17,4.2,20.08,2.2,10.52,-,-,13.76,65.77,0.65,3.11,-,-,2,9.56,224,1071,-,-,-,-,-,-,-,-,-,-,-,-,-,-,-,-,-,-,-,-,-,-,-,-,-,-,-,-,-,-,-,-,-,-,-,-,-,-,-,-,-,-,-,-,-,-,-,-,-,-,-,-,-,-,-,-,-,-,-,-,-,-
Vegetables,Preserved vegetable and tofu soup,Preserved vegetable and tofu chicken stock soup,Vegetables,Vegetable-based dishes,100%,1 bowl(s) = 450g,-,Lab Analysis,2010,Per 100g,Per Serving (450g),21,95,2.5,11.25,1.1,4.95,0.18,0.81,-,-,0.4,1.8,0.3,1.35,-,-,0.4,1.8,376,1692,-,-,35,158,0.3,1.35,-,-,-,-,0.62,2.79,0.21,0.95,-,-,-,-,-,-,-,-,-,-,-,-,-,-,-,-,-,-,0,0,-,-,-,-,-,-,-,-,-,-,-,-,-,-,0,0,-,-,-,-,-,-,-,-,-,-,-,-
Vegetables,Sambal eggplant,Stir-fried eggplant in belachan (fermented shrimp paste block) and chilli,Vegetables,Vegetable-based dishes,100%,1 scoop(s) (serving spoon) = 100g,1 plate(s) = 323g,Lab Analysis,2026,Per 100g,Per Serving (100g),167,167,1.6,1.6,15.75,15.75,7.3,7.3,0,0,4.69,4.69,1.85,1.85,-,-,3.25,3.25,260,260,240,240,27,27,1.05,1.05,73.5,73.5,-,-,-,-,-,-,-,-,-,-,0.5,0.5,1.35,1.35,0,0,0,0,0,0,0,0,-,-,-,-,-,-,-,-,-,-,-,-,-,-,-,-,-,-,-,-,-,-,-,-,-,-,-,-,-,-,-,-
Vegetables,Sambal kangkong,Stir-fried kangkong in belachan (fermented shrimp paste block) and chilli,Vegetables,Vegetable-based dishes,100%,1 scoop(s) (serving spoon) = 100g,-,Lab Analysis,2010,Per 100g,Per Serving (100g),132,132,3.1,3.1,10.3,10.3,4.41,4.41,-,-,6.6,6.6,1.6,1.6,-,-,2.2,2.2,728,728,-,-,144,144,1.6,1.6,-,-,-,-,1.35,1.35,4.03,4.03,-,-,-,-,-,-,-,-,-,-,-,-,-,-,-,-,-,-,94,94,-,-,-,-,-,-,-,-,-,-,-,-,-,-,3,3,-,-,-,-,-,-,-,-,-,-,-,-
Vegetables,Sambal lady's finger,Stir-fried lady's finger in belachan (fermented shrimp paste block) and chilli,Vegetables,Vegetable-based dishes,100%,1 scoop(s) (serving spoon) = 151g,-,Lab Analysis,2025,Per 100g,Per Serving (151g),144,217,4.14,6.25,10.25,15.48,3.89,5.87,0.04,0.06,8.7,13.14,4.45,6.72,-,-,4.07,6.15,520,785,271,409,116,175,1.49,2.25,75.85,114.53,-,-,1.15,1.74,3.84,5.8,10,15.1,-,-,0.9,1.36,0.95,1.43,Trace,Trace,Trace,Trace,2.65,4,Trace,Trace,-,-,-,-,-,-,-,-,-,-,-,-,-,-,-,-,-,-,-,-,-,-,-,-,-,-,-,-,-,-,-,-
Vegetables,Sambal sweet potato leaves,Stir-fried sweet potato leaves in belachan (fermented shrimp paste block) and chilli,Vegetables,Vegetable-based dishes,100%,1 scoop(s) (serving spoon) = 100g,-,Lab Analysis,2018,Per 100g,Per Serving (100g),108,108,3.09,3.09,9.54,9.54,4.16,4.16,0.02,0.02,2.5,2.5,2.08,2.08,-,-,1.41,1.41,374,374,-,-,87,87,1.39,1.39,-,-,-,-,1.32,1.32,4.02,4.02,-,-,-,-,-,-,-,-,-,-,-,-,-,-,-,-,-,-,283.58,283.58,-,-,-,-,-,-,-,-,-,-,-,-,-,-,0.48,0.48,-,-,-,-,-,-,-,-,-,-,-,-
Vegetables,Sayur lodeh,Mixed vegetables cooked in coconut milk curry,Vegetables,Vegetable-based dishes,100%,1 bowl(s) = 399g,1 scoop(s) (serving spoon) = 100g,Lab Analysis,2025,Per 100g,Per Serving (399g),83,331,3.3,13.17,5.35,21.35,2.66,10.61,Trace,Trace,5.55,22.14,1.55,6.18,-,-,1.59,6.34,280,1117,94,375,30,120,0.6,2.39,84.7,337.95,-,-,0.85,3.39,1.32,5.27,Trace,Trace,-,-,0.3,1.2,0.7,2.79,Trace,Trace,Trace,Trace,0.6,2.39,Trace,Trace,-,-,-,-,-,-,-,-,-,-,-,-,-,-,-,-,-,-,-,-,-,-,-,-,-,-,-,-,-,-,-,-
Vegetables,Shui jing bao,Steamed dumpling with turnip and carrot filling,Vegetables,Vegetable-based dishes,100%,1 piece(s) = 42g,-,Lab Analysis,2010,Per 100g,Per Serving (42g),141,59,2.4,1.01,4.8,2.02,1.91,0.8,-,-,22,9.24,3.5,1.47,-,-,2.5,1.05,409,172,-,-,29,12,0.8,0.34,-,-,-,-,0.65,0.27,1.99,0.84,-,-,-,-,-,-,-,-,-,-,-,-,-,-,-,-,-,-,0,0,-,-,-,-,-,-,-,-,-,-,-,-,-,-,0,0,-,-,-,-,-,-,-,-,-,-,-,-
Vegetables,Stir fried beansprouts,Beansprouts stir fried with aromatics until fragrant,Vegetables,Vegetable-based dishes,100%,1 scoop(s) (serving spoon) = 129g,-,Lab Analysis,2025,Per 100g,Per Serving (129g),69,89,2.53,3.26,5.05,6.51,2.05,2.64,0.01,0.01,3.4,4.39,0.9,1.16,-,-,2.23,2.88,312,402,84,108,25,32,0.67,0.86,87.85,113.33,-,-,0.61,0.79,2.01,2.59,Trace,Trace,-,-,0.3,0.39,0.7,0.9,Trace,Trace,Trace,Trace,Trace,Trace,Trace,Trace,-,-,-,-,-,-,-,-,-,-,-,-,-,-,-,-,-,-,-,-,-,-,-,-,-,-,-,-,-,-,-,-
Vegetables,Stir fried bittergourd (Economic rice),Sliced bittergourd stir fried with aromatics until fragrant,Vegetables,Vegetable-based dishes,100%,1 scoop(s) (serving spoon) = 100g,-,Lab Analysis,2023,Per 100g,Per Serving (100g),46,46,1.12,1.12,3.5,3.5,1.43,1.43,-,-,3.9,3.9,0.7,0.7,-,-,2.97,2.97,330,330,-,-,-,-,-,-,-,-,-,-,-,-,-,-,-,-,-,-,-,-,-,-,-,-,-,-,-,-,-,-,-,-,-,-,-,-,-,-,-,-,-,-,-,-,-,-,-,-,-,-,-,-,-,-,-,-,-,-,-,-,-,-
Vegetables,Stir fried bittergourd with egg,Bittergourd with egg stir fried with aromatics until fragrant,Vegetables,Vegetable-based dishes,100%,1 scoop(s) (serving spoon) = 239g,-,Lab Analysis,2025,Per 100g,Per Serving (239g),96,229,3.64,8.7,7.35,17.57,2.64,6.31,0.02,0.05,3.8,9.08,0.1,0.24,-,-,2.12,5.07,402,961,145,347,25,60,0.89,2.13,83.75,200.16,-,-,0.98,2.34,2.76,6.6,28.5,68.12,-,-,Trace,Trace,0.1,0.24,Trace,Trace,Trace,Trace,Trace,Trace,Trace,Trace,-,-,-,-,-,-,-,-,-,-,-,-,-,-,-,-,-,-,-,-,-,-,-,-,-,-,-,-,-,-,-,-
Vegetables,Stir fried bok choy,Bok choy stir fried with aromatics until fragrant,Vegetables,Vegetable-based dishes,100%,1 scoop(s) (serving spoon) = 100g,-,Lab Analysis,2023,Per 100g,Per Serving (100g),58,58,1.63,1.63,4.9,4.9,177,177,-,-,1.6,1.6,0.55,0.55,-,-,0.93,0.93,181,181,-,-,-,-,-,-,-,-,-,-,-,-,-,-,-,-,-,-,-,-,-,-,-,-,-,-,-,-,-,-,-,-,-,-,-,-,-,-,-,-,-,-,-,-,-,-,-,-,-,-,-,-,-,-,-,-,-,-,-,-,-,-
Vegetables,Stir fried brinjal,Brinjal stir fried with aromatics until fragrant,Vegetables,Vegetable-based dishes,100%,1 scoop(s) (serving spoon) = 100g,-,Lab Analysis,2023,Per 100g,Per Serving (100g),136,136,1.4,1.4,10.97,10.97,4.26,4.26,-,-,7.95,7.95,3.2,3.2,-,-,3.5,3.5,266,266,-,-,-,-,-,-,-,-,-,-,-,-,-,-,-,-,-,-,-,-,-,-,-,-,-,-,-,-,-,-,-,-,-,-,-,-,-,-,-,-,-,-,-,-,-,-,-,-,-,-,-,-,-,-,-,-,-,-,-,-,-,-
Vegetables,Stir fried cabbage,Cabbage stir fried with aromatics until fragrant,Vegetables,Vegetable-based dishes,100%,1 scoop(s) (serving spoon) = 176g,-,Lab Analysis,2025,Per 100g,Per Serving (176g),139,245,3.87,6.81,11.2,19.71,4.18,7.36,0.07,0.12,5.6,9.86,1.7,2.99,-,-,2.22,3.91,305,537,190,334,45,79,1.08,1.9,77.9,137.1,-,-,1.55,2.73,4.12,7.25,Trace,Trace,-,-,0.85,1.5,0.9,1.58,Trace,Trace,Trace,Trace,Trace,Trace,Trace,Trace,-,-,-,-,-,-,-,-,-,-,-,-,-,-,-,-,-,-,-,-,-,-,-,-,-,-,-,-,-,-,-,-
Vegetables,Stir fried chye sim,Chye sim stir fried with aromatics until fragrant,Vegetables,Vegetable-based dishes,100%,1 scoop(s) (serving spoon) = 100g,-,Lab Analysis,2010,Per 100g,Per Serving (100g),140,140,2.82,2.82,13.01,13.01,1.69,1.69,-,-,3.45,3.45,0,0,-,-,0.46,0.46,471,471,-,-,125,125,1.89,1.89,-,-,-,-,7.12,7.12,3.44,3.44,-,-,-,-,-,-,-,-,-,-,-,-,-,-,-,-,-,-,222.81,222.81,-,-,-,-,-,-,-,-,-,-,-,-,-,-,-,-,-,-,-,-,-,-,-,-,-,-,-,-
Vegetables,Stir fried dou miao,Dou miao stir fried with aromatics until fragrant,Vegetables,Vegetable-based dishes,100%,1 scoop(s) (serving spoon) = 100g,-,Lab Analysis,2010,Per 100g,Per Serving (100g),128,128,3.8,3.8,12,12,5.1,5.1,-,-,1.4,1.4,0,0,-,-,1.1,1.1,352,352,-,-,17,17,0.5,0.5,-,-,-,-,1.4,1.4,4.9,4.9,-,-,-,-,-,-,-,-,-,-,-,-,-,-,-,-,-,-,129,129,-,-,-,-,-,-,-,-,-,-,-,-,-,-,1,1,-,-,-,-,-,-,-,-,-,-,-,-
Vegetables,Stir fried kailan,Kailan stir fried with aromatics until fragrant,Vegetables,Vegetable-based dishes,100%,1 scoop(s) (serving spoon) = 100g,-,Lab Analysis,2023,Per 100g,Per Serving (100g),75,75,1.73,1.73,5.9,5.9,2.18,2.18,-,-,3.7,3.7,0.2,0.2,-,-,0.75,0.75,211,211,-,-,-,-,-,-,-,-,-,-,-,-,-,-,-,-,-,-,-,-,-,-,-,-,-,-,-,-,-,-,-,-,-,-,-,-,-,-,-,-,-,-,-,-,-,-,-,-,-,-,-,-,-,-,-,-,-,-,-,-,-,-
Vegetables,Stir fried kailan with beef,Kailan with beef stir fried with aromatics until fragrant,Vegetables,Vegetable-based dishes,100%,1 scoop(s) (serving spoon) = 100g,-,Lab Analysis,2010,Per 100g,Per Serving (100g),130,130,7.2,7.2,10.1,10.1,4.7,4.7,-,-,2.5,2.5,-,-,-,-,1.6,1.6,491,491,-,-,57,57,2,2,-,-,-,-,1.2,1.2,3.8,3.8,-,-,-,-,-,-,-,-,-,-,-,-,-,-,-,-,-,-,68,68,-,-,-,-,-,-,-,-,-,-,-,-,-,-,-,-,-,-,-,-,-,-,-,-,-,-,-,-
Vegetables,Stir fried longbeans with meat,Longbeans with meat stir fried with aromatics until fragrant,Vegetables,Vegetable-based dishes,100%,1 scoop(s) (serving spoon) = 100g,-,Lab Analysis,2023,Per 100g,Per Serving (100g),107,107,6,6,7.7,7.7,3.55,3.55,-,-,3.36,3.36,0,0,-,-,2.85,2.85,266,266,-,-,-,-,-,-,-,-,-,-,-,-,-,-,-,-,-,-,-,-,-,-,-,-,-,-,-,-,-,-,-,-,-,-,-,-,-,-,-,-,-,-,-,-,-,-,-,-,-,-,-,-,-,-,-,-,-,-,-,-,-,-
Vegetables,Stir fried mixed vegetables,"Carrot, broccoli, mushroom and red capsicum stir fried with aromatics until fragrant",Vegetables,Vegetable-based dishes,100%,1 scoop(s) (serving spoon) = 100g,-,Lab Analysis,2010,Per 100g,Per Serving (100g),61,61,2.3,2.3,4.6,4.6,0.9,0.9,-,-,2.57,2.57,2.28,2.28,-,-,2.17,2.17,268,268,-,-,23,23,1.53,1.53,-,-,-,-,2.19,2.19,1.33,1.33,-,-,-,-,-,-,-,-,-,-,-,-,-,-,-,-,-,-,269,269,-,-,-,-,-,-,-,-,-,-,-,-,-,-,16.7,16.7,-,-,-,-,-,-,-,-,-,-,-,-
Vegetables,Stir fried salted vegetable with beef,Salted vegetable with beef stir fried with aromatics until fragrant,Vegetables,Vegetable-based dishes,100%,1 scoop(s) (serving spoon) = 100g,-,Lab Analysis,2010,Per 100g,Per Serving (100g),109,109,7.2,7.2,7.3,7.3,3.5,3.5,-,-,3.3,3.3,-,-,-,-,0.3,0.3,1061,1061,-,-,21,21,1.2,1.2,-,-,-,-,0.8,0.8,2.4,2.4,-,-,-,-,-,-,-,-,-,-,-,-,-,-,-,-,-,-,8,8,-,-,-,-,-,-,-,-,-,-,-,-,-,-,-,-,-,-,-,-,-,-,-,-,-,-,-,-
Vegetables,Stir fried spinach,Spinach stir fried with aromatics until fragrant,Vegetables,Vegetable-based dishes,100%,1 scoop(s) (serving spoon) = 164g,-,Lab Analysis,2025,Per 100g,Per Serving (164g),89,146,2.23,3.66,7.75,12.71,2.85,4.67,0.14,0.23,2.7,4.43,Trace,Trace,-,-,2.68,4.4,213,349,290,476,175,287,1,1.64,85.65,140.47,-,-,0.86,1.41,2.72,4.46,Trace,Trace,-,-,Trace,Trace,Trace,Trace,Trace,Trace,Trace,Trace,Trace,Trace,Trace,Trace,-,-,-,-,-,-,-,-,-,-,-,-,-,-,-,-,-,-,-,-,-,-,-,-,-,-,-,-,-,-,-,-
Vegetables,Trio eggs spinach,Spinach stir-fried with three types of eggs (century/salted/fresh),Vegetables,Vegetable-based dishes,100%,1 scoop(s) (serving spoon) = 100g,-,Lab Analysis,2024,Per 100g,Per Serving (100g),84,84,3.43,3.43,6.35,6.35,2.03,2.03,0.01,0.01,3.25,3.25,0.35,0.35,-,-,1.17,1.17,368,368,-,-,68,68,1.02,1.02,-,-,-,-,0.53,0.53,1.67,1.67,-,-,-,-,-,-,-,-,-,-,-,-,-,-,-,-,-,-,152,152,-,-,-,-,-,-,-,-,-,-,-,-,-,-,0,0,-,-,-,-,-,-,-,-,-,-,-,-
Vegetables,Vietnamese spring roll (fresh),Vietnamese fresh rice paper rolls with meat and vegetable filling,Vegetables,Vegetable-based dishes,100%,1 piece(s) = 204g,-,Lab Analysis,2018,Per 100g,Per Serving (204g),129,263,7.4,15.1,2.94,6,1.11,2.26,0,0,18.18,37.09,0.58,1.18,-,-,0.68,1.39,170,347,-,-,19,39,0.65,1.33,-,-,-,-,0.56,1.14,1.25,2.55,-,-,-,-,-,-,-,-,-,-,-,-,-,-,-,-,-,-,5,10.2,-,-,-,-,-,-,-,-,-,-,-,-,-,-,0,0,-,-,-,-,-,-,-,-,-,-,-,-
